Fitter report for space_invaders
Wed May 27 23:06:50 2026
Quartus II 64-Bit Version 13.0.1 Build 232 06/12/2013 Service Pack 1 SJ Web Edition


---------------------
; Table of Contents ;
---------------------
  1. Legal Notice
  2. Fitter Summary
  3. Fitter Settings
  4. Parallel Compilation
  5. I/O Assignment Warnings
  6. Fitter Netlist Optimizations
  7. Incremental Compilation Preservation Summary
  8. Incremental Compilation Partition Settings
  9. Incremental Compilation Placement Preservation
 10. Pin-Out File
 11. Fitter Resource Usage Summary
 12. Fitter Partition Statistics
 13. Input Pins
 14. Output Pins
 15. Bidir Pins
 16. I/O Bank Usage
 17. All Package Pins
 18. PLL Usage Summary
 19. Fitter Resource Utilization by Entity
 20. Delay Chain Summary
 21. Pad To Core Delay Chain Fanout
 22. Control Signals
 23. Global & Other Fast Signals
 24. Non-Global High Fan-Out Signals
 25. Interconnect Usage Summary
 26. Other Routing Usage Summary
 27. I/O Rules Summary
 28. I/O Rules Details
 29. I/O Rules Matrix
 30. Fitter Device Options
 31. Operating Settings and Conditions
 32. Estimated Delay Added for Hold Timing Summary
 33. Estimated Delay Added for Hold Timing Details
 34. Fitter Messages
 35. Fitter Suppressed Messages



----------------
; Legal Notice ;
----------------
Copyright (C) 1991-2013 Altera Corporation
Your use of Altera Corporation's design tools, logic functions 
and other software and tools, and its AMPP partner logic 
functions, and any output files from any of the foregoing 
(including device programming or simulation files), and any 
associated documentation or information are expressly subject 
to the terms and conditions of the Altera Program License 
Subscription Agreement, Altera MegaCore Function License 
Agreement, or other applicable license agreement, including, 
without limitation, that your use is for the sole purpose of 
programming logic devices manufactured by Altera and sold by 
Altera or its authorized distributors.  Please refer to the 
applicable agreement for further details.



+---------------------------------------------------------------------------------------+
; Fitter Summary                                                                        ;
+-------------------------------------+-------------------------------------------------+
; Fitter Status                       ; Successful - Wed May 27 23:06:50 2026           ;
; Quartus II 64-Bit Version           ; 13.0.1 Build 232 06/12/2013 SP 1 SJ Web Edition ;
; Revision Name                       ; space_invaders                                  ;
; Top-level Entity Name               ; spaceInvaders                                   ;
; Family                              ; Cyclone V                                       ;
; Device                              ; 5CGXFC5C6F27C7                                  ;
; Timing Models                       ; Preliminary                                     ;
; Logic utilization (in ALMs)         ; 2,022 / 29,080 ( 7 % )                          ;
; Total registers                     ; 283                                             ;
; Total pins                          ; 48 / 364 ( 13 % )                               ;
; Total virtual pins                  ; 0                                               ;
; Total block memory bits             ; 0 / 4,567,040 ( 0 % )                           ;
; Total DSP Blocks                    ; 0 / 150 ( 0 % )                                 ;
; Total HSSI RX PCSs                  ; 0 / 6 ( 0 % )                                   ;
; Total HSSI PMA RX Deserializers     ; 0 / 6 ( 0 % )                                   ;
; Total HSSI PMA RX ATT Deserializers ; 0                                               ;
; Total HSSI TX PCSs                  ; 0 / 6 ( 0 % )                                   ;
; Total HSSI PMA TX Serializers       ; 0 / 6 ( 0 % )                                   ;
; Total HSSI PMA TX ATT Serializers   ; 0 / 6 ( 0 % )                                   ;
; Total PLLs                          ; 1 / 12 ( 8 % )                                  ;
; Total DLLs                          ; 0 / 4 ( 0 % )                                   ;
+-------------------------------------+-------------------------------------------------+


+------------------------------------------------------------------------------------------------------------------------------------------------------------+
; Fitter Settings                                                                                                                                            ;
+----------------------------------------------------------------------------+---------------------------------------+---------------------------------------+
; Option                                                                     ; Setting                               ; Default Value                         ;
+----------------------------------------------------------------------------+---------------------------------------+---------------------------------------+
; Device                                                                     ; 5CGXFC5C6F27C7                        ;                                       ;
; Minimum Core Junction Temperature                                          ; 0                                     ;                                       ;
; Maximum Core Junction Temperature                                          ; 85                                    ;                                       ;
; Device I/O Standard                                                        ; 3.3-V LVTTL                           ;                                       ;
; Use smart compilation                                                      ; Off                                   ; Off                                   ;
; Enable parallel Assembler and TimeQuest Timing Analyzer during compilation ; On                                    ; On                                    ;
; Enable compact report table                                                ; Off                                   ; Off                                   ;
; Router Timing Optimization Level                                           ; Normal                                ; Normal                                ;
; Perform Clocking Topology Analysis During Routing                          ; Off                                   ; Off                                   ;
; Placement Effort Multiplier                                                ; 1.0                                   ; 1.0                                   ;
; Router Effort Multiplier                                                   ; 1.0                                   ; 1.0                                   ;
; Device initialization clock source                                         ; INIT_INTOSC                           ; INIT_INTOSC                           ;
; Optimize Hold Timing                                                       ; All Paths                             ; All Paths                             ;
; Optimize Multi-Corner Timing                                               ; On                                    ; On                                    ;
; Auto RAM to MLAB Conversion                                                ; On                                    ; On                                    ;
; Equivalent RAM and MLAB Power Up                                           ; Auto                                  ; Auto                                  ;
; Equivalent RAM and MLAB Paused Read Capabilities                           ; Care                                  ; Care                                  ;
; PowerPlay Power Optimization                                               ; Normal compilation                    ; Normal compilation                    ;
; SSN Optimization                                                           ; Off                                   ; Off                                   ;
; Optimize Timing                                                            ; Normal compilation                    ; Normal compilation                    ;
; Optimize Timing for ECOs                                                   ; Off                                   ; Off                                   ;
; Regenerate full fit report during ECO compiles                             ; Off                                   ; Off                                   ;
; Optimize IOC Register Placement for Timing                                 ; Normal                                ; Normal                                ;
; Final Placement Optimizations                                              ; Automatically                         ; Automatically                         ;
; Fitter Aggressive Routability Optimizations                                ; Automatically                         ; Automatically                         ;
; Fitter Initial Placement Seed                                              ; 1                                     ; 1                                     ;
; Weak Pull-Up Resistor                                                      ; Off                                   ; Off                                   ;
; Enable Bus-Hold Circuitry                                                  ; Off                                   ; Off                                   ;
; Auto Packed Registers                                                      ; Auto                                  ; Auto                                  ;
; Auto Delay Chains                                                          ; On                                    ; On                                    ;
; Auto Delay Chains for High Fanout Input Pins                               ; Off                                   ; Off                                   ;
; Treat Bidirectional Pin as Output Pin                                      ; Off                                   ; Off                                   ;
; Perform Physical Synthesis for Combinational Logic for Fitting             ; Off                                   ; Off                                   ;
; Perform Physical Synthesis for Combinational Logic for Performance         ; Off                                   ; Off                                   ;
; Perform Register Duplication for Performance                               ; Off                                   ; Off                                   ;
; Perform Register Retiming for Performance                                  ; Off                                   ; Off                                   ;
; Perform Asynchronous Signal Pipelining                                     ; Off                                   ; Off                                   ;
; Fitter Effort                                                              ; Auto Fit                              ; Auto Fit                              ;
; Physical Synthesis Effort Level                                            ; Normal                                ; Normal                                ;
; Logic Cell Insertion - Logic Duplication                                   ; Auto                                  ; Auto                                  ;
; Auto Register Duplication                                                  ; Auto                                  ; Auto                                  ;
; Auto Global Clock                                                          ; On                                    ; On                                    ;
; Auto Global Register Control Signals                                       ; On                                    ; On                                    ;
; Reserve all unused pins                                                    ; As input tri-stated with weak pull-up ; As input tri-stated with weak pull-up ;
; Synchronizer Identification                                                ; Off                                   ; Off                                   ;
; Enable Beneficial Skew Optimization                                        ; On                                    ; On                                    ;
; Optimize Design for Metastability                                          ; On                                    ; On                                    ;
; Active Serial clock source                                                 ; FREQ_100MHz                           ; FREQ_100MHz                           ;
; Force Fitter to Avoid Periphery Placement Warnings                         ; Off                                   ; Off                                   ;
; Clamping Diode                                                             ; Off                                   ; Off                                   ;
; Enable input tri-state on active configuration pins in user mode           ; Off                                   ; Off                                   ;
+----------------------------------------------------------------------------+---------------------------------------+---------------------------------------+


+------------------------------------------+
; Parallel Compilation                     ;
+----------------------------+-------------+
; Processors                 ; Number      ;
+----------------------------+-------------+
; Number detected on machine ; 12          ;
; Maximum allowed            ; 12          ;
;                            ;             ;
; Average used               ; 3.15        ;
; Maximum used               ; 12          ;
;                            ;             ;
; Usage by Processor         ; % Time Used ;
;     Processor 1            ; 100.0%      ;
;     Processors 2-4         ;  22.2%      ;
;     Processors 5-8         ;  20.4%      ;
;     Processors 9-12        ;  16.7%      ;
+----------------------------+-------------+


+------------------------------------------------------+
; I/O Assignment Warnings                              ;
+---------------+--------------------------------------+
; Pin Name      ; Reason                               ;
+---------------+--------------------------------------+
; HDMI_TX_CLK   ; Missing drive strength and slew rate ;
; HDMI_TX_HSYNC ; Missing drive strength and slew rate ;
; HDMI_TX_VSYNC ; Missing drive strength and slew rate ;
; HDMI_TX_DE    ; Missing drive strength and slew rate ;
; HDMI_TX_D[0]  ; Missing drive strength and slew rate ;
; HDMI_TX_D[1]  ; Missing drive strength and slew rate ;
; HDMI_TX_D[2]  ; Missing drive strength and slew rate ;
; HDMI_TX_D[3]  ; Missing drive strength and slew rate ;
; HDMI_TX_D[4]  ; Missing drive strength and slew rate ;
; HDMI_TX_D[5]  ; Missing drive strength and slew rate ;
; HDMI_TX_D[6]  ; Missing drive strength and slew rate ;
; HDMI_TX_D[7]  ; Missing drive strength and slew rate ;
; HDMI_TX_D[8]  ; Missing drive strength and slew rate ;
; HDMI_TX_D[9]  ; Missing drive strength and slew rate ;
; HDMI_TX_D[10] ; Missing drive strength and slew rate ;
; HDMI_TX_D[11] ; Missing drive strength and slew rate ;
; HDMI_TX_D[12] ; Missing drive strength and slew rate ;
; HDMI_TX_D[13] ; Missing drive strength and slew rate ;
; HDMI_TX_D[14] ; Missing drive strength and slew rate ;
; HDMI_TX_D[15] ; Missing drive strength and slew rate ;
; HDMI_TX_D[16] ; Missing drive strength and slew rate ;
; HDMI_TX_D[17] ; Missing drive strength and slew rate ;
; HDMI_TX_D[18] ; Missing drive strength and slew rate ;
; HDMI_TX_D[19] ; Missing drive strength and slew rate ;
; HDMI_TX_D[20] ; Missing drive strength and slew rate ;
; HDMI_TX_D[21] ; Missing drive strength and slew rate ;
; HDMI_TX_D[22] ; Missing drive strength and slew rate ;
; HDMI_TX_D[23] ; Missing drive strength and slew rate ;
; I2C_SCL       ; Missing drive strength and slew rate ;
; LEDR[0]       ; Missing drive strength and slew rate ;
; LEDR[1]       ; Missing drive strength and slew rate ;
; LEDR[2]       ; Missing drive strength and slew rate ;
; LEDR[3]       ; Missing drive strength and slew rate ;
; LEDR[4]       ; Missing drive strength and slew rate ;
; LEDR[5]       ; Missing drive strength and slew rate ;
; LEDR[6]       ; Missing drive strength and slew rate ;
; LEDR[7]       ; Missing drive strength and slew rate ;
; LEDR[8]       ; Missing drive strength and slew rate ;
; LEDR[9]       ; Missing drive strength and slew rate ;
; I2C_SDA       ; Missing drive strength and slew rate ;
+---------------+--------------------------------------+


+-------------------------------------------------------------------------------------------------------------------------------------------------------------------------------------------------------------------------------------------------------------------------------------------------------+
; Fitter Netlist Optimizations                                                                                                                                                                                                                                                                          ;
+----------------------------------------------------------------------------------------+------------+---------------------------------------------------+----------------------------+-----------+----------------+----------------------------------------+------------------+-----------------------+
; Node                                                                                   ; Action     ; Operation                                         ; Reason                     ; Node Port ; Node Port Name ; Destination Node                       ; Destination Port ; Destination Port Name ;
+----------------------------------------------------------------------------------------+------------+---------------------------------------------------+----------------------------+-----------+----------------+----------------------------------------+------------------+-----------------------+
; pll_25:pll_inst|pll_25_0002:pll_25_inst|altera_pll:altera_pll_i|outclk_wire[0]~CLKENA0 ; Created    ; Placement                                         ; Fitter Periphery Placement ;           ;                ;                                        ;                  ;                       ;
; FPGA_CLK_50~inputCLKENA0                                                               ; Created    ; Placement                                         ; Fitter Periphery Placement ;           ;                ;                                        ;                  ;                       ;
; spaceInvadersSync:vgasync|frame_tick~CLKENA0                                           ; Created    ; Placement                                         ; Fitter Periphery Placement ;           ;                ;                                        ;                  ;                       ;
; invadersImg:imagegen|lfsr[0]                                                           ; Duplicated ; Router Logic Cell Insertion and Logic Duplication ; Routability optimization   ;           ;                ; invadersImg:imagegen|lfsr[0]~DUPLICATE ;                  ;                       ;
; invadersImg:imagegen|lfsr[1]                                                           ; Duplicated ; Router Logic Cell Insertion and Logic Duplication ; Routability optimization   ;           ;                ; invadersImg:imagegen|lfsr[1]~DUPLICATE ;                  ;                       ;
; invadersImg:imagegen|lfsr[2]                                                           ; Duplicated ; Router Logic Cell Insertion and Logic Duplication ; Routability optimization   ;           ;                ; invadersImg:imagegen|lfsr[2]~DUPLICATE ;                  ;                       ;
+----------------------------------------------------------------------------------------+------------+---------------------------------------------------+----------------------------+-----------+----------------+----------------------------------------+------------------+-----------------------+


+----------------------------------------------+
; Incremental Compilation Preservation Summary ;
+---------------------+------------------------+
; Type                ; Value                  ;
+---------------------+------------------------+
; Placement (by node) ;                        ;
;     -- Requested    ; 0 / 3973 ( 0.00 % )    ;
;     -- Achieved     ; 0 / 3973 ( 0.00 % )    ;
;                     ;                        ;
; Routing (by net)    ;                        ;
;     -- Requested    ; 0 / 0 ( 0.00 % )       ;
;     -- Achieved     ; 0 / 0 ( 0.00 % )       ;
+---------------------+------------------------+


+----------------------------------------------------------------------------------------------------------------------------------------------------------------------------------------+
; Incremental Compilation Partition Settings                                                                                                                                             ;
+--------------------------------+----------------+-------------------+-------------------------+------------------------+------------------------------+--------------------------------+
; Partition Name                 ; Partition Type ; Netlist Type Used ; Preservation Level Used ; Netlist Type Requested ; Preservation Level Requested ; Contents                       ;
+--------------------------------+----------------+-------------------+-------------------------+------------------------+------------------------------+--------------------------------+
; Top                            ; User-created   ; Source File       ; N/A                     ; Source File            ; N/A                          ;                                ;
; hard_block:auto_generated_inst ; Auto-generated ; Source File       ; N/A                     ; Source File            ; N/A                          ; hard_block:auto_generated_inst ;
+--------------------------------+----------------+-------------------+-------------------------+------------------------+------------------------------+--------------------------------+


+------------------------------------------------------------------------------------------------------------+
; Incremental Compilation Placement Preservation                                                             ;
+--------------------------------+---------+-------------------+-------------------------+-------------------+
; Partition Name                 ; # Nodes ; # Preserved Nodes ; Preservation Level Used ; Netlist Type Used ;
+--------------------------------+---------+-------------------+-------------------------+-------------------+
; Top                            ; 3961    ; 0                 ; N/A                     ; Source File       ;
; hard_block:auto_generated_inst ; 12      ; 0                 ; N/A                     ; Source File       ;
+--------------------------------+---------+-------------------+-------------------------+-------------------+


+--------------+
; Pin-Out File ;
+--------------+
The pin-out file can be found in C:/altera/13.0sp1/quartus/projects/plis/space_invaders/output_files/space_invaders.pin.


+---------------------------------------------------------------------------------------+
; Fitter Resource Usage Summary                                                         ;
+-------------------------------------------------------------+-----------------+-------+
; Resource                                                    ; Usage           ; %     ;
+-------------------------------------------------------------+-----------------+-------+
; Logic utilization (ALMs needed / total ALMs on device)      ; 2,022 / 29,080  ; 7 %   ;
; ALMs needed [=A-B+C]                                        ; 2,022           ;       ;
;     [A] ALMs used in final placement [=a+b+c+d]             ; 2,045 / 29,080  ; 7 %   ;
;         [a] ALMs used for LUT logic and registers           ; 128             ;       ;
;         [b] ALMs used for LUT logic                         ; 1,905           ;       ;
;         [c] ALMs used for registers                         ; 12              ;       ;
;         [d] ALMs used for memory (up to half of total ALMs) ; 0               ;       ;
;     [B] Estimate of ALMs recoverable by dense packing       ; 40 / 29,080     ; < 1 % ;
;     [C] Estimate of ALMs unavailable [=a+b+c+d]             ; 17 / 29,080     ; < 1 % ;
;         [a] Due to location constrained logic               ; 9               ;       ;
;         [b] Due to LAB-wide signal conflicts                ; 3               ;       ;
;         [c] Due to LAB input limits                         ; 5               ;       ;
;         [d] Due to virtual I/Os                             ; 0               ;       ;
;                                                             ;                 ;       ;
; Difficulty packing design                                   ; Low             ;       ;
;                                                             ;                 ;       ;
; Total LABs:  partially or completely used                   ; 262 / 2,908     ; 9 %   ;
;     -- Logic LABs                                           ; 262             ;       ;
;     -- Memory LABs (up to half of total LABs)               ; 0               ;       ;
;                                                             ;                 ;       ;
; Combinational ALUT usage for logic                          ; 3,591           ;       ;
;     -- 7 input functions                                    ; 15              ;       ;
;     -- 6 input functions                                    ; 402             ;       ;
;     -- 5 input functions                                    ; 382             ;       ;
;     -- 4 input functions                                    ; 613             ;       ;
;     -- <=3 input functions                                  ; 2,179           ;       ;
; Combinational ALUT usage for route-throughs                 ; 5               ;       ;
; Dedicated logic registers                                   ; 283             ;       ;
;     -- By type:                                             ;                 ;       ;
;         -- Primary logic registers                          ; 279 / 58,160    ; < 1 % ;
;         -- Secondary logic registers                        ; 4 / 58,160      ; < 1 % ;
;     -- By function:                                         ;                 ;       ;
;         -- Design implementation registers                  ; 280             ;       ;
;         -- Routing optimization registers                   ; 3               ;       ;
;                                                             ;                 ;       ;
; Virtual pins                                                ; 0               ;       ;
; I/O pins                                                    ; 48 / 364        ; 13 %  ;
;     -- Clock pins                                           ; 6 / 14          ; 43 %  ;
;     -- Dedicated input pins                                 ; 0 / 23          ; 0 %   ;
;                                                             ;                 ;       ;
; Global signals                                              ; 4               ;       ;
; M10K blocks                                                 ; 0 / 446         ; 0 %   ;
; Total MLAB memory bits                                      ; 0               ;       ;
; Total block memory bits                                     ; 0 / 4,567,040   ; 0 %   ;
; Total block memory implementation bits                      ; 0 / 4,567,040   ; 0 %   ;
; Total DSP Blocks                                            ; 0 / 150         ; 0 %   ;
; Fractional PLLs                                             ; 1 / 6           ; 17 %  ;
; Global clocks                                               ; 3 / 16          ; 19 %  ;
; Quadrant clocks                                             ; 0 / 88          ; 0 %   ;
; Horizontal periphery clocks and Vertical periphery clocks   ; 0 / 12          ; 0 %   ;
; SERDES Transmitters                                         ; 0 / 88          ; 0 %   ;
; SERDES Receivers                                            ; 0 / 88          ; 0 %   ;
; JTAGs                                                       ; 0 / 1           ; 0 %   ;
; ASMI blocks                                                 ; 0 / 1           ; 0 %   ;
; CRC blocks                                                  ; 0 / 1           ; 0 %   ;
; Remote update blocks                                        ; 0 / 1           ; 0 %   ;
; Standard RX PCSs                                            ; 0 / 6           ; 0 %   ;
; HSSI PMA RX Deserializers                                   ; 0 / 6           ; 0 %   ;
; Standard TX PCSs                                            ; 0 / 6           ; 0 %   ;
; HSSI PMA TX Serializers                                     ; 0 / 6           ; 0 %   ;
; Channel PLLs                                                ; 0 / 6           ; 0 %   ;
; Impedance control blocks                                    ; 0 / 3           ; 0 %   ;
; Hard Memory Controllers                                     ; 0 / 2           ; 0 %   ;
; Average interconnect usage (total/H/V)                      ; 1% / 1% / 2%    ;       ;
; Peak interconnect usage (total/H/V)                         ; 17% / 17% / 18% ;       ;
; Maximum fan-out                                             ; 165             ;       ;
; Highest non-global fan-out                                  ; 165             ;       ;
; Total fan-out                                               ; 13516           ;       ;
; Average fan-out                                             ; 3.39            ;       ;
+-------------------------------------------------------------+-----------------+-------+


+----------------------------------------------------------------------------------------------------------------------+
; Fitter Partition Statistics                                                                                          ;
+-------------------------------------------------------------+-----------------------+--------------------------------+
; Statistic                                                   ; Top                   ; hard_block:auto_generated_inst ;
+-------------------------------------------------------------+-----------------------+--------------------------------+
; Logic utilization (ALMs needed / total ALMs on device)      ; 2022 / 29080 ( 7 % )  ; 0 / 29080 ( 0 % )              ;
; ALMs needed [=A-B+C]                                        ; 2022                  ; 0                              ;
;     [A] ALMs used in final placement [=a+b+c+d]             ; 2045 / 29080 ( 7 % )  ; 0 / 29080 ( 0 % )              ;
;         [a] ALMs used for LUT logic and registers           ; 128                   ; 0                              ;
;         [b] ALMs used for LUT logic                         ; 1905                  ; 0                              ;
;         [c] ALMs used for registers                         ; 12                    ; 0                              ;
;         [d] ALMs used for memory (up to half of total ALMs) ; 0                     ; 0                              ;
;     [B] Estimate of ALMs recoverable by dense packing       ; 40 / 29080 ( < 1 % )  ; 0 / 29080 ( 0 % )              ;
;     [C] Estimate of ALMs unavailable [=a+b+c+d]             ; 17 / 29080 ( < 1 % )  ; 0 / 29080 ( 0 % )              ;
;         [a] Due to location constrained logic               ; 9                     ; 0                              ;
;         [b] Due to LAB-wide signal conflicts                ; 3                     ; 0                              ;
;         [c] Due to LAB input limits                         ; 5                     ; 0                              ;
;         [d] Due to virtual I/Os                             ; 0                     ; 0                              ;
;                                                             ;                       ;                                ;
; Difficulty packing design                                   ; Low                   ; Low                            ;
;                                                             ;                       ;                                ;
; Total LABs:  partially or completely used                   ; 262 / 2908 ( 9 % )    ; 0 / 2908 ( 0 % )               ;
;     -- Logic LABs                                           ; 262                   ; 0                              ;
;     -- Memory LABs (up to half of total LABs)               ; 0                     ; 0                              ;
;                                                             ;                       ;                                ;
; Combinational ALUT usage for logic                          ; 3591                  ; 0                              ;
;     -- 7 input functions                                    ; 15                    ; 0                              ;
;     -- 6 input functions                                    ; 402                   ; 0                              ;
;     -- 5 input functions                                    ; 382                   ; 0                              ;
;     -- 4 input functions                                    ; 613                   ; 0                              ;
;     -- <=3 input functions                                  ; 2179                  ; 0                              ;
; Combinational ALUT usage for route-throughs                 ; 5                     ; 0                              ;
; Memory ALUT usage                                           ; 0                     ; 0                              ;
;     -- 64-address deep                                      ; 0                     ; 0                              ;
;     -- 32-address deep                                      ; 0                     ; 0                              ;
;                                                             ;                       ;                                ;
; Dedicated logic registers                                   ; 0                     ; 0                              ;
;     -- By type:                                             ;                       ;                                ;
;         -- Primary logic registers                          ; 279 / 58160 ( < 1 % ) ; 0 / 58160 ( 0 % )              ;
;         -- Secondary logic registers                        ; 4 / 58160 ( < 1 % )   ; 0 / 58160 ( 0 % )              ;
;     -- By function:                                         ;                       ;                                ;
;         -- Design implementation registers                  ; 280                   ; 0                              ;
;         -- Routing optimization registers                   ; 3                     ; 0                              ;
;                                                             ;                       ;                                ;
;                                                             ;                       ;                                ;
; Virtual pins                                                ; 0                     ; 0                              ;
; I/O pins                                                    ; 45                    ; 3                              ;
; I/O registers                                               ; 0                     ; 0                              ;
; Total block memory bits                                     ; 0                     ; 0                              ;
; Total block memory implementation bits                      ; 0                     ; 0                              ;
; Clock enable block                                          ; 1 / 116 ( < 1 % )     ; 2 / 116 ( 1 % )                ;
; Fractional PLL                                              ; 0 / 6 ( 0 % )         ; 1 / 6 ( 16 % )                 ;
; PLL Output Counter                                          ; 0 / 54 ( 0 % )        ; 1 / 54 ( 1 % )                 ;
; PLL Reconfiguration Block                                   ; 0 / 6 ( 0 % )         ; 1 / 6 ( 16 % )                 ;
; PLL Reference Clock Select Block                            ; 0 / 6 ( 0 % )         ; 1 / 6 ( 16 % )                 ;
;                                                             ;                       ;                                ;
; Connections                                                 ;                       ;                                ;
;     -- Input Connections                                    ; 161                   ; 0                              ;
;     -- Registered Input Connections                         ; 160                   ; 0                              ;
;     -- Output Connections                                   ; 1                     ; 160                            ;
;     -- Registered Output Connections                        ; 0                     ; 0                              ;
;                                                             ;                       ;                                ;
; Internal Connections                                        ;                       ;                                ;
;     -- Total Connections                                    ; 13625                 ; 197                            ;
;     -- Registered Connections                               ; 3375                  ; 0                              ;
;                                                             ;                       ;                                ;
; External Connections                                        ;                       ;                                ;
;     -- Top                                                  ; 2                     ; 160                            ;
;     -- hard_block:auto_generated_inst                       ; 160                   ; 0                              ;
;                                                             ;                       ;                                ;
; Partition Interface                                         ;                       ;                                ;
;     -- Input Ports                                          ; 8                     ; 1                              ;
;     -- Output Ports                                         ; 39                    ; 5                              ;
;     -- Bidir Ports                                          ; 1                     ; 0                              ;
;                                                             ;                       ;                                ;
; Registered Ports                                            ;                       ;                                ;
;     -- Registered Input Ports                               ; 0                     ; 0                              ;
;     -- Registered Output Ports                              ; 0                     ; 0                              ;
;                                                             ;                       ;                                ;
; Port Connectivity                                           ;                       ;                                ;
;     -- Input Ports driven by GND                            ; 0                     ; 0                              ;
;     -- Output Ports driven by GND                           ; 0                     ; 0                              ;
;     -- Input Ports driven by VCC                            ; 0                     ; 0                              ;
;     -- Output Ports driven by VCC                           ; 0                     ; 0                              ;
;     -- Input Ports with no Source                           ; 0                     ; 0                              ;
;     -- Output Ports with no Source                          ; 0                     ; 0                              ;
;     -- Input Ports with no Fanout                           ; 0                     ; 0                              ;
;     -- Output Ports with no Fanout                          ; 0                     ; 0                              ;
+-------------------------------------------------------------+-----------------------+--------------------------------+


+---------------------------------------------------------------------------------------------------------------------------------------------------------------------------------------------------------------------------------------------------------------+
; Input Pins                                                                                                                                                                                                                                                    ;
+-------------+-------+----------+--------------+--------------+--------------+-----------------------+--------------------+--------+-----------------+----------+--------------+--------------+-------------+---------------------------+----------------------+
; Name        ; Pin # ; I/O Bank ; X coordinate ; Y coordinate ; Z coordinate ; Combinational Fan-Out ; Registered Fan-Out ; Global ; PCI I/O Enabled ; Bus Hold ; Weak Pull Up ; I/O Standard ; Termination ; Termination Control Block ; Location assigned by ;
+-------------+-------+----------+--------------+--------------+--------------+-----------------------+--------------------+--------+-----------------+----------+--------------+--------------+-------------+---------------------------+----------------------+
; FPGA_CLK_50 ; R20   ; 5B       ; 68           ; 22           ; 43           ; 110                   ; 0                  ; yes    ; no              ; no       ; Off          ; 3.3-V LVTTL  ; Off         ; --                        ; User                 ;
; KEY[0]      ; P11   ; 3B       ; 21           ; 0            ; 0            ; 1                     ; 0                  ; no     ; no              ; no       ; Off          ; 3.3-V LVTTL  ; Off         ; --                        ; User                 ;
; KEY[1]      ; P12   ; 3B       ; 21           ; 0            ; 17           ; 3                     ; 0                  ; no     ; no              ; no       ; Off          ; 3.3-V LVTTL  ; Off         ; --                        ; User                 ;
; KEY[2]      ; Y15   ; 4A       ; 46           ; 0            ; 0            ; 10                    ; 0                  ; no     ; no              ; no       ; Off          ; 3.3-V LVTTL  ; Off         ; --                        ; User                 ;
; KEY[3]      ; Y16   ; 4A       ; 46           ; 0            ; 17           ; 7                     ; 0                  ; no     ; no              ; no       ; Off          ; 3.3-V LVTTL  ; Off         ; --                        ; User                 ;
; KEY[4]      ; AB24  ; 5A       ; 68           ; 12           ; 54           ; 165                   ; 0                  ; no     ; no              ; no       ; Off          ; 3.3-V LVTTL  ; Off         ; --                        ; User                 ;
; SW[0]       ; AC9   ; 3B       ; 14           ; 0            ; 34           ; 16                    ; 0                  ; no     ; no              ; no       ; Off          ; 3.3-V LVTTL  ; Off         ; --                        ; User                 ;
; SW[1]       ; N9    ; 8A       ; 21           ; 61           ; 0            ; 0                     ; 0                  ; no     ; no              ; no       ; Off          ; 3.3-V LVTTL  ; Off         ; --                        ; Fitter               ;
+-------------+-------+----------+--------------+--------------+--------------+-----------------------+--------------------+--------+-----------------+----------+--------------+--------------+-------------+---------------------------+----------------------+


+-----------------------------------------------------------------------------------------------------------------------------------------------------------------------------------------------------------------------------------------------------------------------------------------------------------------------------------------------------------------------------------------------------------------------------------------------------+
; Output Pins                                                                                                                                                                                                                                                                                                                                                                                                                                         ;
+---------------+-------+----------+--------------+--------------+--------------+-----------------+-----------+-----------------+------------+---------------+----------+--------------+--------------+------------------+-------------+---------------------------+----------------------------+-----------------------------+---------------------+-----------------------------+----------------------+----------------------+---------------------+
; Name          ; Pin # ; I/O Bank ; X coordinate ; Y coordinate ; Z coordinate ; Output Register ; Slew Rate ; PCI I/O Enabled ; Open Drain ; TRI Primitive ; Bus Hold ; Weak Pull Up ; I/O Standard ; Current Strength ; Termination ; Termination Control Block ; Output Buffer Pre-emphasis ; Voltage Output Differential ; Output Buffer Delay ; Output Buffer Delay Control ; Location assigned by ; Output Enable Source ; Output Enable Group ;
+---------------+-------+----------+--------------+--------------+--------------+-----------------+-----------+-----------------+------------+---------------+----------+--------------+--------------+------------------+-------------+---------------------------+----------------------------+-----------------------------+---------------------+-----------------------------+----------------------+----------------------+---------------------+
; HDMI_TX_CLK   ; Y25   ; 5B       ; 68           ; 24           ; 37           ; no              ; 1         ; no              ; no         ; no            ; no       ; Off          ; 3.3-V LVTTL  ; 16mA             ; Off         ; --                        ; no                         ; no                          ; 0                   ; Off                         ; User                 ; -                    ; -                   ;
; HDMI_TX_DE    ; Y26   ; 5B       ; 68           ; 24           ; 54           ; no              ; 1         ; no              ; no         ; no            ; no       ; Off          ; 3.3-V LVTTL  ; 16mA             ; Off         ; --                        ; no                         ; no                          ; 0                   ; Off                         ; User                 ; -                    ; -                   ;
; HDMI_TX_D[0]  ; V23   ; 5B       ; 68           ; 14           ; 77           ; no              ; 1         ; no              ; no         ; no            ; no       ; Off          ; 3.3-V LVTTL  ; 16mA             ; Off         ; --                        ; no                         ; no                          ; 0                   ; Off                         ; User                 ; -                    ; -                   ;
; HDMI_TX_D[10] ; R23   ; 5B       ; 68           ; 17           ; 3            ; no              ; 1         ; no              ; no         ; no            ; no       ; Off          ; 3.3-V LVTTL  ; 16mA             ; Off         ; --                        ; no                         ; no                          ; 0                   ; Off                         ; User                 ; -                    ; -                   ;
; HDMI_TX_D[11] ; R25   ; 5B       ; 68           ; 19           ; 20           ; no              ; 1         ; no              ; no         ; no            ; no       ; Off          ; 3.3-V LVTTL  ; 16mA             ; Off         ; --                        ; no                         ; no                          ; 0                   ; Off                         ; User                 ; -                    ; -                   ;
; HDMI_TX_D[12] ; P22   ; 5B       ; 68           ; 26           ; 20           ; no              ; 1         ; no              ; no         ; no            ; no       ; Off          ; 3.3-V LVTTL  ; 16mA             ; Off         ; --                        ; no                         ; no                          ; 0                   ; Off                         ; User                 ; -                    ; -                   ;
; HDMI_TX_D[13] ; P23   ; 5B       ; 68           ; 17           ; 20           ; no              ; 1         ; no              ; no         ; no            ; no       ; Off          ; 3.3-V LVTTL  ; 16mA             ; Off         ; --                        ; no                         ; no                          ; 0                   ; Off                         ; User                 ; -                    ; -                   ;
; HDMI_TX_D[14] ; N25   ; 5B       ; 68           ; 27           ; 3            ; no              ; 1         ; no              ; no         ; no            ; no       ; Off          ; 3.3-V LVTTL  ; 16mA             ; Off         ; --                        ; no                         ; no                          ; 0                   ; Off                         ; User                 ; -                    ; -                   ;
; HDMI_TX_D[15] ; P26   ; 5B       ; 68           ; 27           ; 20           ; no              ; 1         ; no              ; no         ; no            ; no       ; Off          ; 3.3-V LVTTL  ; 16mA             ; Off         ; --                        ; no                         ; no                          ; 0                   ; Off                         ; User                 ; -                    ; -                   ;
; HDMI_TX_D[16] ; P21   ; 5B       ; 68           ; 26           ; 3            ; no              ; 1         ; no              ; no         ; no            ; no       ; Off          ; 3.3-V LVTTL  ; 16mA             ; Off         ; --                        ; no                         ; no                          ; 0                   ; Off                         ; User                 ; -                    ; -                   ;
; HDMI_TX_D[17] ; R24   ; 5B       ; 68           ; 19           ; 3            ; no              ; 1         ; no              ; no         ; no            ; no       ; Off          ; 3.3-V LVTTL  ; 16mA             ; Off         ; --                        ; no                         ; no                          ; 0                   ; Off                         ; User                 ; -                    ; -                   ;
; HDMI_TX_D[18] ; R26   ; 5B       ; 68           ; 24           ; 20           ; no              ; 1         ; no              ; no         ; no            ; no       ; Off          ; 3.3-V LVTTL  ; 16mA             ; Off         ; --                        ; no                         ; no                          ; 0                   ; Off                         ; User                 ; -                    ; -                   ;
; HDMI_TX_D[19] ; AB26  ; 5B       ; 68           ; 22           ; 77           ; no              ; 1         ; no              ; no         ; no            ; no       ; Off          ; 3.3-V LVTTL  ; 16mA             ; Off         ; --                        ; no                         ; no                          ; 0                   ; Off                         ; User                 ; -                    ; -                   ;
; HDMI_TX_D[1]  ; AA26  ; 5B       ; 68           ; 22           ; 94           ; no              ; 1         ; no              ; no         ; no            ; no       ; Off          ; 3.3-V LVTTL  ; 16mA             ; Off         ; --                        ; no                         ; no                          ; 0                   ; Off                         ; User                 ; -                    ; -                   ;
; HDMI_TX_D[20] ; AA24  ; 5B       ; 68           ; 16           ; 37           ; no              ; 1         ; no              ; no         ; no            ; no       ; Off          ; 3.3-V LVTTL  ; 16mA             ; Off         ; --                        ; no                         ; no                          ; 0                   ; Off                         ; User                 ; -                    ; -                   ;
; HDMI_TX_D[21] ; AB25  ; 5B       ; 68           ; 16           ; 54           ; no              ; 1         ; no              ; no         ; no            ; no       ; Off          ; 3.3-V LVTTL  ; 16mA             ; Off         ; --                        ; no                         ; no                          ; 0                   ; Off                         ; User                 ; -                    ; -                   ;
; HDMI_TX_D[22] ; AC25  ; 5B       ; 68           ; 17           ; 54           ; no              ; 1         ; no              ; no         ; no            ; no       ; Off          ; 3.3-V LVTTL  ; 16mA             ; Off         ; --                        ; no                         ; no                          ; 0                   ; Off                         ; User                 ; -                    ; -                   ;
; HDMI_TX_D[23] ; AD25  ; 5B       ; 68           ; 17           ; 37           ; no              ; 1         ; no              ; no         ; no            ; no       ; Off          ; 3.3-V LVTTL  ; 16mA             ; Off         ; --                        ; no                         ; no                          ; 0                   ; Off                         ; User                 ; -                    ; -                   ;
; HDMI_TX_D[2]  ; W25   ; 5B       ; 68           ; 26           ; 37           ; no              ; 1         ; no              ; no         ; no            ; no       ; Off          ; 3.3-V LVTTL  ; 16mA             ; Off         ; --                        ; no                         ; no                          ; 0                   ; Off                         ; User                 ; -                    ; -                   ;
; HDMI_TX_D[3]  ; W26   ; 5B       ; 68           ; 26           ; 54           ; no              ; 1         ; no              ; no         ; no            ; no       ; Off          ; 3.3-V LVTTL  ; 16mA             ; Off         ; --                        ; no                         ; no                          ; 0                   ; Off                         ; User                 ; -                    ; -                   ;
; HDMI_TX_D[4]  ; V24   ; 5B       ; 68           ; 14           ; 94           ; no              ; 1         ; no              ; no         ; no            ; no       ; Off          ; 3.3-V LVTTL  ; 16mA             ; Off         ; --                        ; no                         ; no                          ; 0                   ; Off                         ; User                 ; -                    ; -                   ;
; HDMI_TX_D[5]  ; V25   ; 5B       ; 68           ; 19           ; 54           ; no              ; 1         ; no              ; no         ; no            ; no       ; Off          ; 3.3-V LVTTL  ; 16mA             ; Off         ; --                        ; no                         ; no                          ; 0                   ; Off                         ; User                 ; -                    ; -                   ;
; HDMI_TX_D[6]  ; U24   ; 5B       ; 68           ; 19           ; 37           ; no              ; 1         ; no              ; no         ; no            ; no       ; Off          ; 3.3-V LVTTL  ; 16mA             ; Off         ; --                        ; no                         ; no                          ; 0                   ; Off                         ; User                 ; -                    ; -                   ;
; HDMI_TX_D[7]  ; T23   ; 5B       ; 68           ; 16           ; 3            ; no              ; 1         ; no              ; no         ; no            ; no       ; Off          ; 3.3-V LVTTL  ; 16mA             ; Off         ; --                        ; no                         ; no                          ; 0                   ; Off                         ; User                 ; -                    ; -                   ;
; HDMI_TX_D[8]  ; T24   ; 5B       ; 68           ; 16           ; 20           ; no              ; 1         ; no              ; no         ; no            ; no       ; Off          ; 3.3-V LVTTL  ; 16mA             ; Off         ; --                        ; no                         ; no                          ; 0                   ; Off                         ; User                 ; -                    ; -                   ;
; HDMI_TX_D[9]  ; T26   ; 5B       ; 68           ; 24           ; 3            ; no              ; 1         ; no              ; no         ; no            ; no       ; Off          ; 3.3-V LVTTL  ; 16mA             ; Off         ; --                        ; no                         ; no                          ; 0                   ; Off                         ; User                 ; -                    ; -                   ;
; HDMI_TX_HSYNC ; U26   ; 5B       ; 68           ; 27           ; 54           ; no              ; 1         ; no              ; no         ; no            ; no       ; Off          ; 3.3-V LVTTL  ; 16mA             ; Off         ; --                        ; no                         ; no                          ; 0                   ; Off                         ; User                 ; -                    ; -                   ;
; HDMI_TX_VSYNC ; U25   ; 5B       ; 68           ; 27           ; 37           ; no              ; 1         ; no              ; no         ; no            ; no       ; Off          ; 3.3-V LVTTL  ; 16mA             ; Off         ; --                        ; no                         ; no                          ; 0                   ; Off                         ; User                 ; -                    ; -                   ;
; I2C_SCL       ; B7    ; 8A       ; 19           ; 61           ; 51           ; no              ; 1         ; no              ; yes        ; yes           ; no       ; Off          ; 3.3-V LVTTL  ; 16mA             ; Off         ; --                        ; no                         ; no                          ; 0                   ; Off                         ; User                 ; -                    ; -                   ;
; LEDR[0]       ; K24   ; 6A       ; 68           ; 41           ; 3            ; no              ; 1         ; no              ; no         ; no            ; no       ; Off          ; 3.3-V LVTTL  ; 16mA             ; Off         ; --                        ; no                         ; no                          ; 0                   ; Off                         ; Fitter               ; -                    ; -                   ;
; LEDR[1]       ; E13   ; 7A       ; 32           ; 61           ; 40           ; no              ; 1         ; no              ; no         ; no            ; no       ; Off          ; 3.3-V LVTTL  ; 16mA             ; Off         ; --                        ; no                         ; no                          ; 0                   ; Off                         ; Fitter               ; -                    ; -                   ;
; LEDR[2]       ; T17   ; 4A       ; 53           ; 0            ; 0            ; no              ; 1         ; no              ; no         ; no            ; no       ; Off          ; 3.3-V LVTTL  ; 16mA             ; Off         ; --                        ; no                         ; no                          ; 0                   ; Off                         ; Fitter               ; -                    ; -                   ;
; LEDR[3]       ; G20   ; 6A       ; 68           ; 52           ; 3            ; no              ; 1         ; no              ; no         ; no            ; no       ; Off          ; 3.3-V LVTTL  ; 16mA             ; Off         ; --                        ; no                         ; no                          ; 0                   ; Off                         ; Fitter               ; -                    ; -                   ;
; LEDR[4]       ; K9    ; 8A       ; 15           ; 61           ; 17           ; no              ; 1         ; no              ; no         ; no            ; no       ; Off          ; 3.3-V LVTTL  ; 16mA             ; Off         ; --                        ; no                         ; no                          ; 0                   ; Off                         ; Fitter               ; -                    ; -                   ;
; LEDR[5]       ; W12   ; 4A       ; 36           ; 0            ; 0            ; no              ; 1         ; no              ; no         ; no            ; no       ; Off          ; 3.3-V LVTTL  ; 16mA             ; Off         ; --                        ; no                         ; no                          ; 0                   ; Off                         ; Fitter               ; -                    ; -                   ;
; LEDR[6]       ; B22   ; 7A       ; 64           ; 61           ; 34           ; no              ; 1         ; no              ; no         ; no            ; no       ; Off          ; 3.3-V LVTTL  ; 16mA             ; Off         ; --                        ; no                         ; no                          ; 0                   ; Off                         ; Fitter               ; -                    ; -                   ;
; LEDR[7]       ; W10   ; 3B       ; 15           ; 0            ; 34           ; no              ; 1         ; no              ; no         ; no            ; no       ; Off          ; 3.3-V LVTTL  ; 16mA             ; Off         ; --                        ; no                         ; no                          ; 0                   ; Off                         ; Fitter               ; -                    ; -                   ;
; LEDR[8]       ; H7    ; 8A       ; 12           ; 61           ; 34           ; no              ; 1         ; no              ; no         ; no            ; no       ; Off          ; 3.3-V LVTTL  ; 16mA             ; Off         ; --                        ; no                         ; no                          ; 0                   ; Off                         ; Fitter               ; -                    ; -                   ;
; LEDR[9]       ; C20   ; 7A       ; 61           ; 61           ; 34           ; no              ; 1         ; no              ; no         ; no            ; no       ; Off          ; 3.3-V LVTTL  ; 16mA             ; Off         ; --                        ; no                         ; no                          ; 0                   ; Off                         ; Fitter               ; -                    ; -                   ;
+---------------+-------+----------+--------------+--------------+--------------+-----------------+-----------+-----------------+------------+---------------+----------+--------------+--------------+------------------+-------------+---------------------------+----------------------------+-----------------------------+---------------------+-----------------------------+----------------------+----------------------+---------------------+


+---------------------------------------------------------------------------------------------------------------------------------------------------------------------------------------------------------------------------------------------------------------------------------------------------------------------------------------------------------------------------------------------------------------------------------------------------------------------------------------------------------+
; Bidir Pins                                                                                                                                                                                                                                                                                                                                                                                                                                                                                              ;
+---------+-------+----------+--------------+--------------+--------------+-----------------------+--------------------+--------+-----------------+-----------+-----------------+------------+----------+--------------+--------------+------------------+-------------------+--------------------+---------------------------+---------------------+-----------------------------+----------------------+------+-------------------------------------------------------------------+---------------------+
; Name    ; Pin # ; I/O Bank ; X coordinate ; Y coordinate ; Z coordinate ; Combinational Fan-Out ; Registered Fan-Out ; Global ; Output Register ; Slew Rate ; PCI I/O Enabled ; Open Drain ; Bus Hold ; Weak Pull Up ; I/O Standard ; Current Strength ; Input Termination ; Output Termination ; Termination Control Block ; Output Buffer Delay ; Output Buffer Delay Control ; Location assigned by ; Load ; Output Enable Source                                              ; Output Enable Group ;
+---------+-------+----------+--------------+--------------+--------------+-----------------------+--------------------+--------+-----------------+-----------+-----------------+------------+----------+--------------+--------------+------------------+-------------------+--------------------+---------------------------+---------------------+-----------------------------+----------------------+------+-------------------------------------------------------------------+---------------------+
; I2C_SDA ; G11   ; 7A       ; 38           ; 61           ; 17           ; 1                     ; 0                  ; no     ; no              ; 1         ; no              ; yes        ; no       ; Off          ; 3.3-V LVTTL  ; 16mA             ; Off               ; Off                ; --                        ; 0                   ; Off                         ; User                 ; 0 pF ; adv7513_wrapper:i2c_init|I2C_CONTROLLER:i2c_inst|sda_e (inverted) ; -                   ;
+---------+-------+----------+--------------+--------------+--------------+-----------------------+--------------------+--------+-----------------+-----------+-----------------+------------+----------+--------------+--------------+------------------+-------------------+--------------------+---------------------------+---------------------+-----------------------------+----------------------+------+-------------------------------------------------------------------+---------------------+


+----------------------------------------------------------------------------+
; I/O Bank Usage                                                             ;
+----------+------------------+---------------+--------------+---------------+
; I/O Bank ; Usage            ; VCCIO Voltage ; VREF Voltage ; VCCPD Voltage ;
+----------+------------------+---------------+--------------+---------------+
; B1L      ; 0 / 14 ( 0 % )   ; --            ; --           ; --            ;
; B0L      ; 0 / 14 ( 0 % )   ; --            ; --           ; --            ;
; 3A       ; 0 / 16 ( 0 % )   ; 3.3V          ; --           ; 3.3V          ;
; 3B       ; 4 / 32 ( 13 % )  ; 3.3V          ; --           ; 3.3V          ;
; 4A       ; 4 / 80 ( 5 % )   ; 3.3V          ; --           ; 3.3V          ;
; 5A       ; 1 / 16 ( 6 % )   ; 3.3V          ; --           ; 3.3V          ;
; 5B       ; 29 / 32 ( 91 % ) ; 3.3V          ; --           ; 3.3V          ;
; 6A       ; 2 / 48 ( 4 % )   ; 3.3V          ; --           ; 3.3V          ;
; 7A       ; 4 / 80 ( 5 % )   ; 3.3V          ; --           ; 3.3V          ;
; 8A       ; 4 / 32 ( 13 % )  ; 3.3V          ; --           ; 3.3V          ;
+----------+------------------+---------------+--------------+---------------+


+-----------------------------------------------------------------------------------------------------------------------------------------------------------------------------+
; All Package Pins                                                                                                                                                            ;
+----------+------------+----------+---------------------------------+--------+--------------+---------------------+--------------+-----------------+----------+--------------+
; Location ; Pad Number ; I/O Bank ; Pin Name/Usage                  ; Dir.   ; I/O Standard ; Voltage             ; I/O Type     ; User Assignment ; Bus Hold ; Weak Pull Up ;
+----------+------------+----------+---------------------------------+--------+--------------+---------------------+--------------+-----------------+----------+--------------+
; A2       ; 396        ; 9A       ; ^MSEL2                          ; input  ;              ;                     ; --           ;                 ; --       ; --           ;
; A3       ;            ;          ; DNU                             ;        ;              ;                     ; --           ;                 ; --       ; --           ;
; A4       ;            ;          ; DNU                             ;        ;              ;                     ; --           ;                 ; --       ; --           ;
; A5       ; 344        ; 8A       ; RESERVED_INPUT_WITH_WEAK_PULLUP ;        ;              ;                     ; Column I/O   ;                 ; no       ; On           ;
; A6       ; 392        ; 9A       ; ^CONF_DONE                      ; bidir  ;              ;                     ; --           ;                 ; --       ; --           ;
; A7       ; 348        ; 8A       ; RESERVED_INPUT_WITH_WEAK_PULLUP ;        ;              ;                     ; Column I/O   ;                 ; no       ; On           ;
; A8       ; 308        ; 7A       ; RESERVED_INPUT_WITH_WEAK_PULLUP ;        ;              ;                     ; Column I/O   ;                 ; no       ; On           ;
; A9       ; 310        ; 7A       ; RESERVED_INPUT_WITH_WEAK_PULLUP ;        ;              ;                     ; Column I/O   ;                 ; no       ; On           ;
; A10      ;            ; 7A       ; VCCIO7A                         ; power  ;              ; 3.3V                ; --           ;                 ; --       ; --           ;
; A11      ; 322        ; 7A       ; RESERVED_INPUT_WITH_WEAK_PULLUP ;        ;              ;                     ; Column I/O   ;                 ; no       ; On           ;
; A12      ; 332        ; 7A       ; RESERVED_INPUT_WITH_WEAK_PULLUP ;        ;              ;                     ; Column I/O   ;                 ; no       ; On           ;
; A13      ; 330        ; 7A       ; RESERVED_INPUT_WITH_WEAK_PULLUP ;        ;              ;                     ; Column I/O   ;                 ; no       ; On           ;
; A14      ; 300        ; 7A       ; RESERVED_INPUT_WITH_WEAK_PULLUP ;        ;              ;                     ; Column I/O   ;                 ; no       ; On           ;
; A15      ;            ;          ; GND                             ; gnd    ;              ;                     ; --           ;                 ; --       ; --           ;
; A16      ; 294        ; 7A       ; RESERVED_INPUT_WITH_WEAK_PULLUP ;        ;              ;                     ; Column I/O   ;                 ; no       ; On           ;
; A17      ; 292        ; 7A       ; RESERVED_INPUT_WITH_WEAK_PULLUP ;        ;              ;                     ; Column I/O   ;                 ; no       ; On           ;
; A18      ; 290        ; 7A       ; RESERVED_INPUT_WITH_WEAK_PULLUP ;        ;              ;                     ; Column I/O   ;                 ; no       ; On           ;
; A19      ; 288        ; 7A       ; RESERVED_INPUT_WITH_WEAK_PULLUP ;        ;              ;                     ; Column I/O   ;                 ; no       ; On           ;
; A20      ;            ; 7A       ; VCCIO7A                         ; power  ;              ; 3.3V                ; --           ;                 ; --       ; --           ;
; A21      ; 274        ; 7A       ; RESERVED_INPUT_WITH_WEAK_PULLUP ;        ;              ;                     ; Column I/O   ;                 ; no       ; On           ;
; A22      ; 270        ; 7A       ; RESERVED_INPUT_WITH_WEAK_PULLUP ;        ;              ;                     ; Column I/O   ;                 ; no       ; On           ;
; A23      ; 268        ; 7A       ; RESERVED_INPUT_WITH_WEAK_PULLUP ;        ;              ;                     ; Column I/O   ;                 ; no       ; On           ;
; A24      ; 269        ; 7A       ; RESERVED_INPUT_WITH_WEAK_PULLUP ;        ;              ;                     ; Column I/O   ;                 ; no       ; On           ;
; A25      ;            ;          ; GND                             ; gnd    ;              ;                     ; --           ;                 ; --       ; --           ;
; AA1      ;            ;          ; GND                             ; gnd    ;              ;                     ; --           ;                 ; --       ; --           ;
; AA2      ;            ;          ; GND                             ; gnd    ;              ;                     ; --           ;                 ; --       ; --           ;
; AA3      ; 14         ; B0L      ; GXB_NC                          ;        ;              ;                     ; --           ;                 ; --       ; --           ;
; AA4      ; 15         ; B0L      ; GXB_NC                          ;        ;              ;                     ; --           ;                 ; --       ; --           ;
; AA5      ;            ;          ; GND                             ; gnd    ;              ;                     ; --           ;                 ; --       ; --           ;
; AA6      ; 45         ; 3A       ; RESERVED_INPUT_WITH_WEAK_PULLUP ;        ;              ;                     ; Column I/O   ;                 ; no       ; On           ;
; AA7      ; 47         ; 3A       ; RESERVED_INPUT_WITH_WEAK_PULLUP ;        ;              ;                     ; Column I/O   ;                 ; no       ; On           ;
; AA8      ;            ; --       ; VCC_AUX                         ; power  ;              ; 2.5V                ; --           ;                 ; --       ; --           ;
; AA9      ;            ; --       ; VCCPGM                          ; power  ;              ; 1.8V/2.5V/3.0V/3.3V ; --           ;                 ; --       ; --           ;
; AA10     ;            ; 3B       ; VCCIO3B                         ; power  ;              ; 3.3V                ; --           ;                 ; --       ; --           ;
; AA11     ;            ; --       ; VCCPD3B4A                       ; power  ;              ; 3.3V                ; --           ;                 ; --       ; --           ;
; AA12     ;            ;          ; NC                              ;        ;              ;                     ; --           ;                 ; --       ; --           ;
; AA13     ;            ; --       ; VCCPD3B4A                       ; power  ;              ; 3.3V                ; --           ;                 ; --       ; --           ;
; AA14     ; 87         ; 4A       ; RESERVED_INPUT_WITH_WEAK_PULLUP ;        ;              ;                     ; Column I/O   ;                 ; no       ; On           ;
; AA15     ;            ;          ; GND                             ; gnd    ;              ;                     ; --           ;                 ; --       ; --           ;
; AA16     ; 113        ; 4A       ; RESERVED_INPUT_WITH_WEAK_PULLUP ;        ;              ;                     ; Column I/O   ;                 ; no       ; On           ;
; AA17     ;            ; --       ; VCCPD3B4A                       ; power  ;              ; 3.3V                ; --           ;                 ; --       ; --           ;
; AA18     ; 151        ; 4A       ; RESERVED_INPUT_WITH_WEAK_PULLUP ;        ;              ;                     ; Column I/O   ;                 ; no       ; On           ;
; AA19     ;            ; --       ; VCCPD3B4A                       ; power  ;              ; 3.3V                ; --           ;                 ; --       ; --           ;
; AA20     ;            ; 4A       ; VCCIO4A                         ; power  ;              ; 3.3V                ; --           ;                 ; --       ; --           ;
; AA21     ; 163        ; 4A       ; RESERVED_INPUT_WITH_WEAK_PULLUP ;        ;              ;                     ; Column I/O   ;                 ; no       ; On           ;
; AA22     ; 170        ; 5A       ; RESERVED_INPUT_WITH_WEAK_PULLUP ;        ;              ;                     ; Row I/O      ;                 ; no       ; On           ;
; AA23     ; 172        ; 5A       ; RESERVED_INPUT_WITH_WEAK_PULLUP ;        ;              ;                     ; Row I/O      ;                 ; no       ; On           ;
; AA24     ; 187        ; 5B       ; HDMI_TX_D[20]                   ; output ; 3.3-V LVTTL  ;                     ; Row I/O      ; Y               ; no       ; Off          ;
; AA25     ;            ;          ; GND                             ; gnd    ;              ;                     ; --           ;                 ; --       ; --           ;
; AA26     ; 201        ; 5B       ; HDMI_TX_D[1]                    ; output ; 3.3-V LVTTL  ;                     ; Row I/O      ; Y               ; no       ; Off          ;
; AB1      ; 21         ; B0L      ; GND                             ;        ;              ;                     ; --           ;                 ; --       ; --           ;
; AB2      ; 20         ; B0L      ; GND                             ;        ;              ;                     ; --           ;                 ; --       ; --           ;
; AB3      ;            ;          ; GND                             ; gnd    ;              ;                     ; --           ;                 ; --       ; --           ;
; AB4      ;            ;          ; GND                             ; gnd    ;              ;                     ; --           ;                 ; --       ; --           ;
; AB5      ; 33         ; 3A       ; ^AS_DATA2, DATA2                ; input  ;              ;                     ; Weak Pull Up ;                 ; --       ; On           ;
; AB6      ; 43         ; 3A       ; RESERVED_INPUT_WITH_WEAK_PULLUP ;        ;              ;                     ; Column I/O   ;                 ; no       ; On           ;
; AB7      ;            ;          ; NC                              ;        ;              ;                     ; --           ;                 ; --       ; --           ;
; AB8      ;            ;          ; GND                             ; gnd    ;              ;                     ; --           ;                 ; --       ; --           ;
; AB9      ;            ; 3A       ; VCCPD3A                         ; power  ;              ; 3.3V                ; --           ;                 ; --       ; --           ;
; AB10     ; 61         ; 3B       ; RESERVED_INPUT_WITH_WEAK_PULLUP ;        ;              ;                     ; Column I/O   ;                 ; no       ; On           ;
; AB11     ; 63         ; 3B       ; RESERVED_INPUT_WITH_WEAK_PULLUP ;        ;              ;                     ; Column I/O   ;                 ; no       ; On           ;
; AB12     ; 65         ; 3B       ; RESERVED_INPUT_WITH_WEAK_PULLUP ;        ;              ;                     ; Column I/O   ;                 ; no       ; On           ;
; AB13     ;            ; 4A       ; VCCIO4A                         ; power  ;              ; 3.3V                ; --           ;                 ; --       ; --           ;
; AB14     ;            ; --       ; VCC_AUX                         ; power  ;              ; 2.5V                ; --           ;                 ; --       ; --           ;
; AB15     ; 105        ; 4A       ; RESERVED_INPUT_WITH_WEAK_PULLUP ;        ;              ;                     ; Column I/O   ;                 ; no       ; On           ;
; AB16     ; 111        ; 4A       ; RESERVED_INPUT_WITH_WEAK_PULLUP ;        ;              ;                     ; Column I/O   ;                 ; no       ; On           ;
; AB17     ; 129        ; 4A       ; RESERVED_INPUT_WITH_WEAK_PULLUP ;        ;              ;                     ; Column I/O   ;                 ; no       ; On           ;
; AB18     ;            ;          ; GND                             ; gnd    ;              ;                     ; --           ;                 ; --       ; --           ;
; AB19     ; 160        ; 4A       ; RESERVED_INPUT_WITH_WEAK_PULLUP ;        ;              ;                     ; Column I/O   ;                 ; no       ; On           ;
; AB20     ;            ; --       ; VCC_AUX                         ; power  ;              ; 2.5V                ; --           ;                 ; --       ; --           ;
; AB21     ;            ; --       ; VCCPD3B4A                       ; power  ;              ; 3.3V                ; --           ;                 ; --       ; --           ;
; AB22     ; 165        ; 4A       ; RESERVED_INPUT_WITH_WEAK_PULLUP ;        ;              ;                     ; Column I/O   ;                 ; no       ; On           ;
; AB23     ;            ; 5A       ; VCCIO5A                         ; power  ;              ; 3.3V                ; --           ;                 ; --       ; --           ;
; AB24     ; 176        ; 5A       ; KEY[4]                          ; input  ; 3.3-V LVTTL  ;                     ; Row I/O      ; Y               ; no       ; Off          ;
; AB25     ; 189        ; 5B       ; HDMI_TX_D[21]                   ; output ; 3.3-V LVTTL  ;                     ; Row I/O      ; Y               ; no       ; Off          ;
; AB26     ; 199        ; 5B       ; HDMI_TX_D[19]                   ; output ; 3.3-V LVTTL  ;                     ; Row I/O      ; Y               ; no       ; Off          ;
; AC1      ;            ;          ; GND                             ; gnd    ;              ;                     ; --           ;                 ; --       ; --           ;
; AC2      ;            ;          ; GND                             ; gnd    ;              ;                     ; --           ;                 ; --       ; --           ;
; AC3      ; 18         ; B0L      ; GXB_NC                          ;        ;              ;                     ; --           ;                 ; --       ; --           ;
; AC4      ; 19         ; B0L      ; GXB_NC                          ;        ;              ;                     ; --           ;                 ; --       ; --           ;
; AC5      ;            ;          ; GND                             ; gnd    ;              ;                     ; --           ;                 ; --       ; --           ;
; AC6      ;            ; 3A       ; VCCIO3A                         ; power  ;              ; 3.3V                ; --           ;                 ; --       ; --           ;
; AC7      ;            ; 3A       ; VREFB3AN0                       ; power  ;              ;                     ; --           ;                 ; --       ; --           ;
; AC8      ; 62         ; 3B       ; RESERVED_INPUT_WITH_WEAK_PULLUP ;        ;              ;                     ; Column I/O   ;                 ; no       ; On           ;
; AC9      ; 64         ; 3B       ; SW[0]                           ; input  ; 3.3-V LVTTL  ;                     ; Column I/O   ; Y               ; no       ; Off          ;
; AC10     ; 59         ; 3B       ; RESERVED_INPUT_WITH_WEAK_PULLUP ;        ;              ;                     ; Column I/O   ;                 ; no       ; On           ;
; AC11     ;            ;          ; GND                             ; gnd    ;              ;                     ; --           ;                 ; --       ; --           ;
; AC12     ;            ; 3B       ; VREFB3BN0                       ; power  ;              ;                     ; --           ;                 ; --       ; --           ;
; AC13     ; 102        ; 4A       ; RESERVED_INPUT_WITH_WEAK_PULLUP ;        ;              ;                     ; Column I/O   ;                 ; no       ; On           ;
; AC14     ; 104        ; 4A       ; RESERVED_INPUT_WITH_WEAK_PULLUP ;        ;              ;                     ; Column I/O   ;                 ; no       ; On           ;
; AC15     ; 103        ; 4A       ; RESERVED_INPUT_WITH_WEAK_PULLUP ;        ;              ;                     ; Column I/O   ;                 ; no       ; On           ;
; AC16     ;            ; 4A       ; VCCIO4A                         ; power  ;              ; 3.3V                ; --           ;                 ; --       ; --           ;
; AC17     ; 127        ; 4A       ; RESERVED_INPUT_WITH_WEAK_PULLUP ;        ;              ;                     ; Column I/O   ;                 ; no       ; On           ;
; AC18     ; 120        ; 4A       ; RESERVED_INPUT_WITH_WEAK_PULLUP ;        ;              ;                     ; Column I/O   ;                 ; no       ; On           ;
; AC19     ; 158        ; 4A       ; RESERVED_INPUT_WITH_WEAK_PULLUP ;        ;              ;                     ; Column I/O   ;                 ; no       ; On           ;
; AC20     ; 136        ; 4A       ; RESERVED_INPUT_WITH_WEAK_PULLUP ;        ;              ;                     ; Column I/O   ;                 ; no       ; On           ;
; AC21     ;            ;          ; GND                             ; gnd    ;              ;                     ; --           ;                 ; --       ; --           ;
; AC22     ; 166        ; 5A       ; RESERVED_INPUT_WITH_WEAK_PULLUP ;        ;              ;                     ; Row I/O      ;                 ; no       ; On           ;
; AC23     ; 168        ; 5A       ; RESERVED_INPUT_WITH_WEAK_PULLUP ;        ;              ;                     ; Row I/O      ;                 ; no       ; On           ;
; AC24     ; 174        ; 5A       ; RESERVED_INPUT_WITH_WEAK_PULLUP ;        ;              ;                     ; Row I/O      ;                 ; no       ; On           ;
; AC25     ; 193        ; 5B       ; HDMI_TX_D[22]                   ; output ; 3.3-V LVTTL  ;                     ; Row I/O      ; Y               ; no       ; Off          ;
; AC26     ;            ;          ; GND                             ; gnd    ;              ;                     ; --           ;                 ; --       ; --           ;
; AD1      ; 25         ; B0L      ; GND                             ;        ;              ;                     ; --           ;                 ; --       ; --           ;
; AD2      ; 24         ; B0L      ; GND                             ;        ;              ;                     ; --           ;                 ; --       ; --           ;
; AD3      ;            ;          ; GND                             ; gnd    ;              ;                     ; --           ;                 ; --       ; --           ;
; AD4      ;            ;          ; GND                             ; gnd    ;              ;                     ; --           ;                 ; --       ; --           ;
; AD5      ; 35         ; 3A       ; ^AS_DATA1, DATA1                ; input  ;              ;                     ; Weak Pull Up ;                 ; --       ; On           ;
; AD6      ; 51         ; 3A       ; RESERVED_INPUT_WITH_WEAK_PULLUP ;        ;              ;                     ; Column I/O   ;                 ; no       ; On           ;
; AD7      ; 53         ; 3A       ; RESERVED_INPUT_WITH_WEAK_PULLUP ;        ;              ;                     ; Column I/O   ;                 ; no       ; On           ;
; AD8      ; 73         ; 3B       ; RESERVED_INPUT_WITH_WEAK_PULLUP ;        ;              ;                     ; Column I/O   ;                 ; no       ; On           ;
; AD9      ;            ; 3B       ; VCCIO3B                         ; power  ;              ; 3.3V                ; --           ;                 ; --       ; --           ;
; AD10     ; 96         ; 4A       ; RESERVED_INPUT_WITH_WEAK_PULLUP ;        ;              ;                     ; Column I/O   ;                 ; no       ; On           ;
; AD11     ; 88         ; 4A       ; RESERVED_INPUT_WITH_WEAK_PULLUP ;        ;              ;                     ; Column I/O   ;                 ; no       ; On           ;
; AD12     ; 91         ; 4A       ; RESERVED_INPUT_WITH_WEAK_PULLUP ;        ;              ;                     ; Column I/O   ;                 ; no       ; On           ;
; AD13     ; 93         ; 4A       ; RESERVED_INPUT_WITH_WEAK_PULLUP ;        ;              ;                     ; Column I/O   ;                 ; no       ; On           ;
; AD14     ;            ;          ; GND                             ; gnd    ;              ;                     ; --           ;                 ; --       ; --           ;
; AD15     ;            ; 4A       ; VREFB4AN0                       ; power  ;              ;                     ; --           ;                 ; --       ; --           ;
; AD16     ; 119        ; 4A       ; RESERVED_INPUT_WITH_WEAK_PULLUP ;        ;              ;                     ; Column I/O   ;                 ; no       ; On           ;
; AD17     ; 121        ; 4A       ; RESERVED_INPUT_WITH_WEAK_PULLUP ;        ;              ;                     ; Column I/O   ;                 ; no       ; On           ;
; AD18     ; 118        ; 4A       ; RESERVED_INPUT_WITH_WEAK_PULLUP ;        ;              ;                     ; Column I/O   ;                 ; no       ; On           ;
; AD19     ;            ; 4A       ; VCCIO4A                         ; power  ;              ; 3.3V                ; --           ;                 ; --       ; --           ;
; AD20     ; 134        ; 4A       ; RESERVED_INPUT_WITH_WEAK_PULLUP ;        ;              ;                     ; Column I/O   ;                 ; no       ; On           ;
; AD21     ; 139        ; 4A       ; RESERVED_INPUT_WITH_WEAK_PULLUP ;        ;              ;                     ; Column I/O   ;                 ; no       ; On           ;
; AD22     ; 141        ; 4A       ; RESERVED_INPUT_WITH_WEAK_PULLUP ;        ;              ;                     ; Column I/O   ;                 ; no       ; On           ;
; AD23     ; 144        ; 4A       ; RESERVED_INPUT_WITH_WEAK_PULLUP ;        ;              ;                     ; Column I/O   ;                 ; no       ; On           ;
; AD24     ;            ;          ; GND                             ; gnd    ;              ;                     ; --           ;                 ; --       ; --           ;
; AD25     ; 191        ; 5B       ; HDMI_TX_D[23]                   ; output ; 3.3-V LVTTL  ;                     ; Row I/O      ; Y               ; no       ; Off          ;
; AD26     ; 157        ; 4A       ; RESERVED_INPUT_WITH_WEAK_PULLUP ;        ;              ;                     ; Column I/O   ;                 ; no       ; On           ;
; AE1      ;            ;          ; GND                             ; gnd    ;              ;                     ; --           ;                 ; --       ; --           ;
; AE2      ;            ;          ; GND                             ; gnd    ;              ;                     ; --           ;                 ; --       ; --           ;
; AE3      ; 22         ; B0L      ; GXB_NC                          ;        ;              ;                     ; --           ;                 ; --       ; --           ;
; AE4      ; 23         ; B0L      ; GXB_NC                          ;        ;              ;                     ; --           ;                 ; --       ; --           ;
; AE5      ;            ;          ; GND                             ; gnd    ;              ;                     ; --           ;                 ; --       ; --           ;
; AE6      ; 85         ; 3B       ; RESERVED_INPUT_WITH_WEAK_PULLUP ;        ;              ;                     ; Column I/O   ;                 ; no       ; On           ;
; AE7      ;            ;          ; GND                             ; gnd    ;              ;                     ; --           ;                 ; --       ; --           ;
; AE8      ; 71         ; 3B       ; RESERVED_INPUT_WITH_WEAK_PULLUP ;        ;              ;                     ; Column I/O   ;                 ; no       ; On           ;
; AE9      ; 77         ; 3B       ; RESERVED_INPUT_WITH_WEAK_PULLUP ;        ;              ;                     ; Column I/O   ;                 ; no       ; On           ;
; AE10     ; 94         ; 4A       ; RESERVED_INPUT_WITH_WEAK_PULLUP ;        ;              ;                     ; Column I/O   ;                 ; no       ; On           ;
; AE11     ; 86         ; 4A       ; RESERVED_INPUT_WITH_WEAK_PULLUP ;        ;              ;                     ; Column I/O   ;                 ; no       ; On           ;
; AE12     ;            ; 4A       ; VCCIO4A                         ; power  ;              ; 3.3V                ; --           ;                 ; --       ; --           ;
; AE13     ; 109        ; 4A       ; RESERVED_INPUT_WITH_WEAK_PULLUP ;        ;              ;                     ; Column I/O   ;                 ; no       ; On           ;
; AE14     ; 112        ; 4A       ; RESERVED_INPUT_WITH_WEAK_PULLUP ;        ;              ;                     ; Column I/O   ;                 ; no       ; On           ;
; AE15     ; 135        ; 4A       ; RESERVED_INPUT_WITH_WEAK_PULLUP ;        ;              ;                     ; Column I/O   ;                 ; no       ; On           ;
; AE16     ; 137        ; 4A       ; RESERVED_INPUT_WITH_WEAK_PULLUP ;        ;              ;                     ; Column I/O   ;                 ; no       ; On           ;
; AE17     ;            ;          ; GND                             ; gnd    ;              ;                     ; --           ;                 ; --       ; --           ;
; AE18     ; 117        ; 4A       ; RESERVED_INPUT_WITH_WEAK_PULLUP ;        ;              ;                     ; Column I/O   ;                 ; no       ; On           ;
; AE19     ; 125        ; 4A       ; RESERVED_INPUT_WITH_WEAK_PULLUP ;        ;              ;                     ; Column I/O   ;                 ; no       ; On           ;
; AE20     ; 133        ; 4A       ; RESERVED_INPUT_WITH_WEAK_PULLUP ;        ;              ;                     ; Column I/O   ;                 ; no       ; On           ;
; AE21     ; 131        ; 4A       ; RESERVED_INPUT_WITH_WEAK_PULLUP ;        ;              ;                     ; Column I/O   ;                 ; no       ; On           ;
; AE22     ;            ; 4A       ; VCCIO4A                         ; power  ;              ; 3.3V                ; --           ;                 ; --       ; --           ;
; AE23     ; 142        ; 4A       ; RESERVED_INPUT_WITH_WEAK_PULLUP ;        ;              ;                     ; Column I/O   ;                 ; no       ; On           ;
; AE24     ; 149        ; 4A       ; RESERVED_INPUT_WITH_WEAK_PULLUP ;        ;              ;                     ; Column I/O   ;                 ; no       ; On           ;
; AE25     ; 152        ; 4A       ; RESERVED_INPUT_WITH_WEAK_PULLUP ;        ;              ;                     ; Column I/O   ;                 ; no       ; On           ;
; AE26     ; 155        ; 4A       ; RESERVED_INPUT_WITH_WEAK_PULLUP ;        ;              ;                     ; Column I/O   ;                 ; no       ; On           ;
; AF2      ;            ;          ; GND                             ; gnd    ;              ;                     ; --           ;                 ; --       ; --           ;
; AF3      ;            ;          ; GND                             ; gnd    ;              ;                     ; --           ;                 ; --       ; --           ;
; AF4      ;            ;          ; GND                             ; gnd    ;              ;                     ; --           ;                 ; --       ; --           ;
; AF5      ; 37         ; 3A       ; ^AS_DATA0, ASDO, DATA0          ; input  ;              ;                     ; Weak Pull Up ;                 ; --       ; On           ;
; AF6      ; 83         ; 3B       ; RESERVED_INPUT_WITH_WEAK_PULLUP ;        ;              ;                     ; Column I/O   ;                 ; no       ; On           ;
; AF7      ; 80         ; 3B       ; RESERVED_INPUT_WITH_WEAK_PULLUP ;        ;              ;                     ; Column I/O   ;                 ; no       ; On           ;
; AF8      ; 78         ; 3B       ; RESERVED_INPUT_WITH_WEAK_PULLUP ;        ;              ;                     ; Column I/O   ;                 ; no       ; On           ;
; AF9      ; 75         ; 3B       ; RESERVED_INPUT_WITH_WEAK_PULLUP ;        ;              ;                     ; Column I/O   ;                 ; no       ; On           ;
; AF10     ;            ;          ; GND                             ; gnd    ;              ;                     ; --           ;                 ; --       ; --           ;
; AF11     ; 101        ; 4A       ; RESERVED_INPUT_WITH_WEAK_PULLUP ;        ;              ;                     ; Column I/O   ;                 ; no       ; On           ;
; AF12     ; 99         ; 4A       ; RESERVED_INPUT_WITH_WEAK_PULLUP ;        ;              ;                     ; Column I/O   ;                 ; no       ; On           ;
; AF13     ; 107        ; 4A       ; RESERVED_INPUT_WITH_WEAK_PULLUP ;        ;              ;                     ; Column I/O   ;                 ; no       ; On           ;
; AF14     ; 110        ; 4A       ; RESERVED_INPUT_WITH_WEAK_PULLUP ;        ;              ;                     ; Column I/O   ;                 ; no       ; On           ;
; AF15     ;            ; 4A       ; VCCIO4A                         ; power  ;              ; 3.3V                ; --           ;                 ; --       ; --           ;
; AF16     ; 143        ; 4A       ; RESERVED_INPUT_WITH_WEAK_PULLUP ;        ;              ;                     ; Column I/O   ;                 ; no       ; On           ;
; AF17     ; 145        ; 4A       ; RESERVED_INPUT_WITH_WEAK_PULLUP ;        ;              ;                     ; Column I/O   ;                 ; no       ; On           ;
; AF18     ; 115        ; 4A       ; RESERVED_INPUT_WITH_WEAK_PULLUP ;        ;              ;                     ; Column I/O   ;                 ; no       ; On           ;
; AF19     ; 123        ; 4A       ; RESERVED_INPUT_WITH_WEAK_PULLUP ;        ;              ;                     ; Column I/O   ;                 ; no       ; On           ;
; AF20     ;            ;          ; GND                             ; gnd    ;              ;                     ; --           ;                 ; --       ; --           ;
; AF21     ; 128        ; 4A       ; RESERVED_INPUT_WITH_WEAK_PULLUP ;        ;              ;                     ; Column I/O   ;                 ; no       ; On           ;
; AF22     ; 126        ; 4A       ; RESERVED_INPUT_WITH_WEAK_PULLUP ;        ;              ;                     ; Column I/O   ;                 ; no       ; On           ;
; AF23     ; 147        ; 4A       ; RESERVED_INPUT_WITH_WEAK_PULLUP ;        ;              ;                     ; Column I/O   ;                 ; no       ; On           ;
; AF24     ; 150        ; 4A       ; RESERVED_INPUT_WITH_WEAK_PULLUP ;        ;              ;                     ; Column I/O   ;                 ; no       ; On           ;
; AF25     ;            ;          ; GND                             ; gnd    ;              ;                     ; --           ;                 ; --       ; --           ;
; B1       ;            ;          ; RREF                            ;        ;              ;                     ; --           ;                 ; --       ; --           ;
; B2       ;            ;          ; GND                             ; gnd    ;              ;                     ; --           ;                 ; --       ; --           ;
; B3       ;            ;          ; GND                             ; gnd    ;              ;                     ; --           ;                 ; --       ; --           ;
; B4       ;            ;          ; GND                             ; gnd    ;              ;                     ; --           ;                 ; --       ; --           ;
; B5       ; 394        ; 9A       ; ^nSTATUS                        ;        ;              ;                     ; --           ;                 ; --       ; --           ;
; B6       ; 346        ; 8A       ; RESERVED_INPUT_WITH_WEAK_PULLUP ;        ;              ;                     ; Column I/O   ;                 ; no       ; On           ;
; B7       ; 350        ; 8A       ; I2C_SCL                         ; output ; 3.3-V LVTTL  ;                     ; Column I/O   ; Y               ; no       ; Off          ;
; B8       ;            ;          ; GND                             ; gnd    ;              ;                     ; --           ;                 ; --       ; --           ;
; B9       ; 314        ; 7A       ; RESERVED_INPUT_WITH_WEAK_PULLUP ;        ;              ;                     ; Column I/O   ;                 ; no       ; On           ;
; B10      ; 320        ; 7A       ; RESERVED_INPUT_WITH_WEAK_PULLUP ;        ;              ;                     ; Column I/O   ;                 ; no       ; On           ;
; B11      ; 334        ; 7A       ; RESERVED_INPUT_WITH_WEAK_PULLUP ;        ;              ;                     ; Column I/O   ;                 ; no       ; On           ;
; B12      ; 328        ; 7A       ; RESERVED_INPUT_WITH_WEAK_PULLUP ;        ;              ;                     ; Column I/O   ;                 ; no       ; On           ;
; B13      ;            ; 7A       ; VCCIO7A                         ; power  ;              ; 3.3V                ; --           ;                 ; --       ; --           ;
; B14      ; 302        ; 7A       ; RESERVED_INPUT_WITH_WEAK_PULLUP ;        ;              ;                     ; Column I/O   ;                 ; no       ; On           ;
; B15      ; 304        ; 7A       ; RESERVED_INPUT_WITH_WEAK_PULLUP ;        ;              ;                     ; Column I/O   ;                 ; no       ; On           ;
; B16      ;            ; 7A       ; VREFB7AN0                       ; power  ;              ;                     ; --           ;                 ; --       ; --           ;
; B17      ; 298        ; 7A       ; RESERVED_INPUT_WITH_WEAK_PULLUP ;        ;              ;                     ; Column I/O   ;                 ; no       ; On           ;
; B18      ;            ;          ; GND                             ; gnd    ;              ;                     ; --           ;                 ; --       ; --           ;
; B19      ; 282        ; 7A       ; RESERVED_INPUT_WITH_WEAK_PULLUP ;        ;              ;                     ; Column I/O   ;                 ; no       ; On           ;
; B20      ; 278        ; 7A       ; RESERVED_INPUT_WITH_WEAK_PULLUP ;        ;              ;                     ; Column I/O   ;                 ; no       ; On           ;
; B21      ; 276        ; 7A       ; RESERVED_INPUT_WITH_WEAK_PULLUP ;        ;              ;                     ; Column I/O   ;                 ; no       ; On           ;
; B22      ; 272        ; 7A       ; LEDR[6]                         ; output ; 3.3-V LVTTL  ;                     ; Column I/O   ; N               ; no       ; Off          ;
; B23      ;            ; 7A       ; VCCIO7A                         ; power  ;              ; 3.3V                ; --           ;                 ; --       ; --           ;
; B24      ; 267        ; 7A       ; RESERVED_INPUT_WITH_WEAK_PULLUP ;        ;              ;                     ; Column I/O   ;                 ; no       ; On           ;
; B25      ; 247        ; 6A       ; RESERVED_INPUT_WITH_WEAK_PULLUP ;        ;              ;                     ; Row I/O      ;                 ; no       ; On           ;
; B26      ; 249        ; 6A       ; RESERVED_INPUT_WITH_WEAK_PULLUP ;        ;              ;                     ; Row I/O      ;                 ; no       ; On           ;
; C1       ;            ;          ; GND                             ; gnd    ;              ;                     ; --           ;                 ; --       ; --           ;
; C2       ;            ;          ; GND                             ; gnd    ;              ;                     ; --           ;                 ; --       ; --           ;
; C3       ;            ;          ; NC                              ;        ;              ;                     ; --           ;                 ; --       ; --           ;
; C4       ;            ;          ; NC                              ;        ;              ;                     ; --           ;                 ; --       ; --           ;
; C5       ;            ;          ; GND                             ; gnd    ;              ;                     ; --           ;                 ; --       ; --           ;
; C6       ;            ; 8A       ; VCCIO8A                         ; power  ;              ; 3.3V                ; --           ;                 ; --       ; --           ;
; C7       ; 358        ; 8A       ; RESERVED_INPUT_WITH_WEAK_PULLUP ;        ;              ;                     ; Column I/O   ;                 ; no       ; On           ;
; C8       ;            ; 8A       ; VREFB8AN0                       ; power  ;              ;                     ; --           ;                 ; --       ; --           ;
; C9       ; 312        ; 7A       ; RESERVED_INPUT_WITH_WEAK_PULLUP ;        ;              ;                     ; Column I/O   ;                 ; no       ; On           ;
; C10      ; 318        ; 7A       ; RESERVED_INPUT_WITH_WEAK_PULLUP ;        ;              ;                     ; Column I/O   ;                 ; no       ; On           ;
; C11      ;            ;          ; GND                             ; gnd    ;              ;                     ; --           ;                 ; --       ; --           ;
; C12      ; 338        ; 7A       ; RESERVED_INPUT_WITH_WEAK_PULLUP ;        ;              ;                     ; Column I/O   ;                 ; no       ; On           ;
; C13      ; 336        ; 7A       ; RESERVED_INPUT_WITH_WEAK_PULLUP ;        ;              ;                     ; Column I/O   ;                 ; no       ; On           ;
; C14      ; 307        ; 7A       ; RESERVED_INPUT_WITH_WEAK_PULLUP ;        ;              ;                     ; Column I/O   ;                 ; no       ; On           ;
; C15      ; 306        ; 7A       ; RESERVED_INPUT_WITH_WEAK_PULLUP ;        ;              ;                     ; Column I/O   ;                 ; no       ; On           ;
; C16      ;            ; 7A       ; VCCIO7A                         ; power  ;              ; 3.3V                ; --           ;                 ; --       ; --           ;
; C17      ; 296        ; 7A       ; RESERVED_INPUT_WITH_WEAK_PULLUP ;        ;              ;                     ; Column I/O   ;                 ; no       ; On           ;
; C18      ; 286        ; 7A       ; RESERVED_INPUT_WITH_WEAK_PULLUP ;        ;              ;                     ; Column I/O   ;                 ; no       ; On           ;
; C19      ; 284        ; 7A       ; RESERVED_INPUT_WITH_WEAK_PULLUP ;        ;              ;                     ; Column I/O   ;                 ; no       ; On           ;
; C20      ; 280        ; 7A       ; LEDR[9]                         ; output ; 3.3-V LVTTL  ;                     ; Column I/O   ; N               ; no       ; Off          ;
; C21      ;            ;          ; GND                             ; gnd    ;              ;                     ; --           ;                 ; --       ; --           ;
; C22      ; 266        ; 7A       ; RESERVED_INPUT_WITH_WEAK_PULLUP ;        ;              ;                     ; Column I/O   ;                 ; no       ; On           ;
; C23      ; 264        ; 7A       ; RESERVED_INPUT_WITH_WEAK_PULLUP ;        ;              ;                     ; Column I/O   ;                 ; no       ; On           ;
; C24      ;            ;          ; DNU                             ;        ;              ;                     ; --           ;                 ; --       ; --           ;
; C25      ; 253        ; 6A       ; RESERVED_INPUT_WITH_WEAK_PULLUP ;        ;              ;                     ; Row I/O      ;                 ; no       ; On           ;
; C26      ;            ; 6A       ; VCCIO6A                         ; power  ;              ; 3.3V                ; --           ;                 ; --       ; --           ;
; D1       ;            ;          ; NC                              ;        ;              ;                     ; --           ;                 ; --       ; --           ;
; D2       ;            ;          ; NC                              ;        ;              ;                     ; --           ;                 ; --       ; --           ;
; D3       ;            ;          ; GND                             ; gnd    ;              ;                     ; --           ;                 ; --       ; --           ;
; D4       ;            ;          ; GND                             ; gnd    ;              ;                     ; --           ;                 ; --       ; --           ;
; D5       ; 395        ; 9A       ; ^nCE                            ;        ;              ;                     ; --           ;                 ; --       ; --           ;
; D6       ; 352        ; 8A       ; RESERVED_INPUT_WITH_WEAK_PULLUP ;        ;              ;                     ; Column I/O   ;                 ; no       ; On           ;
; D7       ; 356        ; 8A       ; RESERVED_INPUT_WITH_WEAK_PULLUP ;        ;              ;                     ; Column I/O   ;                 ; no       ; On           ;
; D8       ; 372        ; 8A       ; RESERVED_INPUT_WITH_WEAK_PULLUP ;        ;              ;                     ; Column I/O   ;                 ; no       ; On           ;
; D9       ;            ; 8A       ; VCCIO8A                         ; power  ;              ; 3.3V                ; --           ;                 ; --       ; --           ;
; D10      ; 316        ; 7A       ; RESERVED_INPUT_WITH_WEAK_PULLUP ;        ;              ;                     ; Column I/O   ;                 ; no       ; On           ;
; D11      ; 340        ; 7A       ; RESERVED_INPUT_WITH_WEAK_PULLUP ;        ;              ;                     ; Column I/O   ;                 ; no       ; On           ;
; D12      ; 342        ; 7A       ; RESERVED_INPUT_WITH_WEAK_PULLUP ;        ;              ;                     ; Column I/O   ;                 ; no       ; On           ;
; D13      ; 341        ; 7A       ; RESERVED_INPUT_WITH_WEAK_PULLUP ;        ;              ;                     ; Column I/O   ;                 ; no       ; On           ;
; D14      ;            ;          ; GND                             ; gnd    ;              ;                     ; --           ;                 ; --       ; --           ;
; D15      ; 309        ; 7A       ; RESERVED_INPUT_WITH_WEAK_PULLUP ;        ;              ;                     ; Column I/O   ;                 ; no       ; On           ;
; D16      ; 317        ; 7A       ; RESERVED_INPUT_WITH_WEAK_PULLUP ;        ;              ;                     ; Column I/O   ;                 ; no       ; On           ;
; D17      ; 293        ; 7A       ; RESERVED_INPUT_WITH_WEAK_PULLUP ;        ;              ;                     ; Column I/O   ;                 ; no       ; On           ;
; D18      ; 291        ; 7A       ; RESERVED_INPUT_WITH_WEAK_PULLUP ;        ;              ;                     ; Column I/O   ;                 ; no       ; On           ;
; D19      ;            ; 7A       ; VCCIO7A                         ; power  ;              ; 3.3V                ; --           ;                 ; --       ; --           ;
; D20      ; 277        ; 7A       ; RESERVED_INPUT_WITH_WEAK_PULLUP ;        ;              ;                     ; Column I/O   ;                 ; no       ; On           ;
; D21      ; 275        ; 7A       ; RESERVED_INPUT_WITH_WEAK_PULLUP ;        ;              ;                     ; Column I/O   ;                 ; no       ; On           ;
; D22      ; 255        ; 6A       ; RESERVED_INPUT_WITH_WEAK_PULLUP ;        ;              ;                     ; Row I/O      ;                 ; no       ; On           ;
; D23      ; 262        ; 7A       ; ^GND                            ;        ;              ;                     ; --           ;                 ; --       ; --           ;
; D24      ;            ;          ; GND                             ; gnd    ;              ;                     ; --           ;                 ; --       ; --           ;
; D25      ; 251        ; 6A       ; RESERVED_INPUT_WITH_WEAK_PULLUP ;        ;              ;                     ; Row I/O      ;                 ; no       ; On           ;
; D26      ; 227        ; 6A       ; RESERVED_INPUT_WITH_WEAK_PULLUP ;        ;              ;                     ; Row I/O      ;                 ; no       ; On           ;
; E1       ;            ;          ; GND                             ; gnd    ;              ;                     ; --           ;                 ; --       ; --           ;
; E2       ;            ;          ; GND                             ; gnd    ;              ;                     ; --           ;                 ; --       ; --           ;
; E3       ;            ;          ; NC                              ;        ;              ;                     ; --           ;                 ; --       ; --           ;
; E4       ;            ;          ; NC                              ;        ;              ;                     ; --           ;                 ; --       ; --           ;
; E5       ;            ;          ; GND                             ; gnd    ;              ;                     ; --           ;                 ; --       ; --           ;
; E6       ; 354        ; 8A       ; RESERVED_INPUT_WITH_WEAK_PULLUP ;        ;              ;                     ; Column I/O   ;                 ; no       ; On           ;
; E7       ;            ;          ; GND                             ; gnd    ;              ;                     ; --           ;                 ; --       ; --           ;
; E8       ;            ; --       ; VCCBAT                          ; power  ;              ; 1.2V                ; --           ;                 ; --       ; --           ;
; E9       ; 374        ; 8A       ; RESERVED_INPUT_WITH_WEAK_PULLUP ;        ;              ;                     ; Column I/O   ;                 ; no       ; On           ;
; E10      ; 324        ; 7A       ; RESERVED_INPUT_WITH_WEAK_PULLUP ;        ;              ;                     ; Column I/O   ;                 ; no       ; On           ;
; E11      ; 326        ; 7A       ; RESERVED_INPUT_WITH_WEAK_PULLUP ;        ;              ;                     ; Column I/O   ;                 ; no       ; On           ;
; E12      ;            ; 7A       ; VCCIO7A                         ; power  ;              ; 3.3V                ; --           ;                 ; --       ; --           ;
; E13      ; 339        ; 7A       ; LEDR[1]                         ; output ; 3.3-V LVTTL  ;                     ; Column I/O   ; N               ; no       ; Off          ;
; E14      ;            ; --       ; VCC_AUX                         ; power  ;              ; 2.5V                ; --           ;                 ; --       ; --           ;
; E15      ; 325        ; 7A       ; RESERVED_INPUT_WITH_WEAK_PULLUP ;        ;              ;                     ; Column I/O   ;                 ; no       ; On           ;
; E16      ; 315        ; 7A       ; RESERVED_INPUT_WITH_WEAK_PULLUP ;        ;              ;                     ; Column I/O   ;                 ; no       ; On           ;
; E17      ;            ;          ; GND                             ; gnd    ;              ;                     ; --           ;                 ; --       ; --           ;
; E18      ; 299        ; 7A       ; RESERVED_INPUT_WITH_WEAK_PULLUP ;        ;              ;                     ; Column I/O   ;                 ; no       ; On           ;
; E19      ; 285        ; 7A       ; RESERVED_INPUT_WITH_WEAK_PULLUP ;        ;              ;                     ; Column I/O   ;                 ; no       ; On           ;
; E20      ; 283        ; 7A       ; RESERVED_INPUT_WITH_WEAK_PULLUP ;        ;              ;                     ; Column I/O   ;                 ; no       ; On           ;
; E21      ; 259        ; 6A       ; RESERVED_INPUT_WITH_WEAK_PULLUP ;        ;              ;                     ; Row I/O      ;                 ; no       ; On           ;
; E22      ;            ; 6A       ; VCCIO6A                         ; power  ;              ; 3.3V                ; --           ;                 ; --       ; --           ;
; E23      ; 257        ; 6A       ; RESERVED_INPUT_WITH_WEAK_PULLUP ;        ;              ;                     ; Row I/O      ;                 ; no       ; On           ;
; E24      ; 231        ; 6A       ; RESERVED_INPUT_WITH_WEAK_PULLUP ;        ;              ;                     ; Row I/O      ;                 ; no       ; On           ;
; E25      ; 233        ; 6A       ; RESERVED_INPUT_WITH_WEAK_PULLUP ;        ;              ;                     ; Row I/O      ;                 ; no       ; On           ;
; E26      ; 229        ; 6A       ; RESERVED_INPUT_WITH_WEAK_PULLUP ;        ;              ;                     ; Row I/O      ;                 ; no       ; On           ;
; F1       ;            ;          ; NC                              ;        ;              ;                     ; --           ;                 ; --       ; --           ;
; F2       ;            ;          ; NC                              ;        ;              ;                     ; --           ;                 ; --       ; --           ;
; F3       ;            ;          ; GND                             ; gnd    ;              ;                     ; --           ;                 ; --       ; --           ;
; F4       ;            ;          ; GND                             ; gnd    ;              ;                     ; --           ;                 ; --       ; --           ;
; F5       ; 398        ; 9A       ; ^nCONFIG                        ; input  ;              ;                     ; --           ;                 ; --       ; --           ;
; F6       ; 360        ; 8A       ; RESERVED_INPUT_WITH_WEAK_PULLUP ;        ;              ;                     ; Column I/O   ;                 ; no       ; On           ;
; F7       ; 366        ; 8A       ; RESERVED_INPUT_WITH_WEAK_PULLUP ;        ;              ;                     ; Column I/O   ;                 ; no       ; On           ;
; F8       ;            ; --       ; VCCPGM                          ; power  ;              ; 1.8V/2.5V/3.0V/3.3V ; --           ;                 ; --       ; --           ;
; F9       ;            ; --       ; VCCPD7A8A                       ; power  ;              ; 3.3V                ; --           ;                 ; --       ; --           ;
; F10      ;            ;          ; GND                             ; gnd    ;              ;                     ; --           ;                 ; --       ; --           ;
; F11      ;            ; --       ; VCCPD7A8A                       ; power  ;              ; 3.3V                ; --           ;                 ; --       ; --           ;
; F12      ; 333        ; 7A       ; RESERVED_INPUT_WITH_WEAK_PULLUP ;        ;              ;                     ; Column I/O   ;                 ; no       ; On           ;
; F13      ;            ; --       ; VCCPD7A8A                       ; power  ;              ; 3.3V                ; --           ;                 ; --       ; --           ;
; F14      ;            ;          ; DNU                             ;        ;              ;                     ; --           ;                 ; --       ; --           ;
; F15      ;            ; 7A       ; VCCIO7A                         ; power  ;              ; 3.3V                ; --           ;                 ; --       ; --           ;
; F16      ; 323        ; 7A       ; RESERVED_INPUT_WITH_WEAK_PULLUP ;        ;              ;                     ; Column I/O   ;                 ; no       ; On           ;
; F17      ;            ; --       ; VCCPD7A8A                       ; power  ;              ; 3.3V                ; --           ;                 ; --       ; --           ;
; F18      ; 301        ; 7A       ; RESERVED_INPUT_WITH_WEAK_PULLUP ;        ;              ;                     ; Column I/O   ;                 ; no       ; On           ;
; F19      ;            ; --       ; VCCPD7A8A                       ; power  ;              ; 3.3V                ; --           ;                 ; --       ; --           ;
; F20      ;            ;          ; GND                             ; gnd    ;              ;                     ; --           ;                 ; --       ; --           ;
; F21      ; 260        ; 6A       ; RESERVED_INPUT_WITH_WEAK_PULLUP ;        ;              ;                     ; Row I/O      ;                 ; no       ; On           ;
; F22      ; 261        ; 6A       ; RESERVED_INPUT_WITH_WEAK_PULLUP ;        ;              ;                     ; Row I/O      ;                 ; no       ; On           ;
; F23      ; 243        ; 6A       ; RESERVED_INPUT_WITH_WEAK_PULLUP ;        ;              ;                     ; Row I/O      ;                 ; no       ; On           ;
; F24      ; 235        ; 6A       ; RESERVED_INPUT_WITH_WEAK_PULLUP ;        ;              ;                     ; Row I/O      ;                 ; no       ; On           ;
; F25      ;            ; 6A       ; VCCIO6A                         ; power  ;              ; 3.3V                ; --           ;                 ; --       ; --           ;
; F26      ; 219        ; 6A       ; RESERVED_INPUT_WITH_WEAK_PULLUP ;        ;              ;                     ; Row I/O      ;                 ; no       ; On           ;
; G1       ;            ;          ; GND                             ; gnd    ;              ;                     ; --           ;                 ; --       ; --           ;
; G2       ;            ;          ; GND                             ; gnd    ;              ;                     ; --           ;                 ; --       ; --           ;
; G3       ;            ;          ; NC                              ;        ;              ;                     ; --           ;                 ; --       ; --           ;
; G4       ;            ;          ; NC                              ;        ;              ;                     ; --           ;                 ; --       ; --           ;
; G5       ;            ;          ; GND                             ; gnd    ;              ;                     ; --           ;                 ; --       ; --           ;
; G6       ; 362        ; 8A       ; RESERVED_INPUT_WITH_WEAK_PULLUP ;        ;              ;                     ; Column I/O   ;                 ; no       ; On           ;
; G7       ; 364        ; 8A       ; RESERVED_INPUT_WITH_WEAK_PULLUP ;        ;              ;                     ; Column I/O   ;                 ; no       ; On           ;
; G8       ;            ; 8A       ; VCCIO8A                         ; power  ;              ; 3.3V                ; --           ;                 ; --       ; --           ;
; G9       ;            ; --       ; VCC_AUX                         ; power  ;              ; 2.5V                ; --           ;                 ; --       ; --           ;
; G10      ; 357        ; 8A       ; RESERVED_INPUT_WITH_WEAK_PULLUP ;        ;              ;                     ; Column I/O   ;                 ; no       ; On           ;
; G11      ; 329        ; 7A       ; I2C_SDA                         ; bidir  ; 3.3-V LVTTL  ;                     ; Column I/O   ; Y               ; no       ; Off          ;
; G12      ; 331        ; 7A       ; RESERVED_INPUT_WITH_WEAK_PULLUP ;        ;              ;                     ; Column I/O   ;                 ; no       ; On           ;
; G13      ;            ;          ; GND                             ; gnd    ;              ;                     ; --           ;                 ; --       ; --           ;
; G14      ; 313        ; 7A       ; RESERVED_INPUT_WITH_WEAK_PULLUP ;        ;              ;                     ; Column I/O   ;                 ; no       ; On           ;
; G15      ; 311        ; 7A       ; RESERVED_INPUT_WITH_WEAK_PULLUP ;        ;              ;                     ; Column I/O   ;                 ; no       ; On           ;
; G16      ; 279        ; 7A       ; RESERVED_INPUT_WITH_WEAK_PULLUP ;        ;              ;                     ; Column I/O   ;                 ; no       ; On           ;
; G17      ; 281        ; 7A       ; RESERVED_INPUT_WITH_WEAK_PULLUP ;        ;              ;                     ; Column I/O   ;                 ; no       ; On           ;
; G18      ;            ; 7A       ; VCCIO7A                         ; power  ;              ; 3.3V                ; --           ;                 ; --       ; --           ;
; G19      ;            ; --       ; VCC_AUX                         ; power  ;              ; 2.5V                ; --           ;                 ; --       ; --           ;
; G20      ; 258        ; 6A       ; LEDR[3]                         ; output ; 3.3-V LVTTL  ;                     ; Row I/O      ; N               ; no       ; Off          ;
; G21      ;            ; --       ; VCCA_FPLL                       ; power  ;              ; 2.5V                ; --           ;                 ; --       ; --           ;
; G22      ; 245        ; 6A       ; RESERVED_INPUT_WITH_WEAK_PULLUP ;        ;              ;                     ; Row I/O      ;                 ; no       ; On           ;
; G23      ;            ;          ; GND                             ; gnd    ;              ;                     ; --           ;                 ; --       ; --           ;
; G24      ; 237        ; 6A       ; RESERVED_INPUT_WITH_WEAK_PULLUP ;        ;              ;                     ; Row I/O      ;                 ; no       ; On           ;
; G25      ; 223        ; 6A       ; RESERVED_INPUT_WITH_WEAK_PULLUP ;        ;              ;                     ; Row I/O      ;                 ; no       ; On           ;
; G26      ; 221        ; 6A       ; RESERVED_INPUT_WITH_WEAK_PULLUP ;        ;              ;                     ; Row I/O      ;                 ; no       ; On           ;
; H1       ;            ;          ; NC                              ;        ;              ;                     ; --           ;                 ; --       ; --           ;
; H2       ;            ;          ; NC                              ;        ;              ;                     ; --           ;                 ; --       ; --           ;
; H3       ;            ;          ; GND                             ; gnd    ;              ;                     ; --           ;                 ; --       ; --           ;
; H4       ;            ;          ; GND                             ; gnd    ;              ;                     ; --           ;                 ; --       ; --           ;
; H5       ; 400        ; 9A       ; ^GND                            ;        ;              ;                     ; --           ;                 ; --       ; --           ;
; H6       ;            ;          ; GND                             ; gnd    ;              ;                     ; --           ;                 ; --       ; --           ;
; H7       ; 368        ; 8A       ; LEDR[8]                         ; output ; 3.3-V LVTTL  ;                     ; Column I/O   ; N               ; no       ; Off          ;
; H8       ; 347        ; 8A       ; RESERVED_INPUT_WITH_WEAK_PULLUP ;        ;              ;                     ; Column I/O   ;                 ; no       ; On           ;
; H9       ; 349        ; 8A       ; RESERVED_INPUT_WITH_WEAK_PULLUP ;        ;              ;                     ; Column I/O   ;                 ; no       ; On           ;
; H10      ; 355        ; 8A       ; RESERVED_INPUT_WITH_WEAK_PULLUP ;        ;              ;                     ; Column I/O   ;                 ; no       ; On           ;
; H11      ;            ; 7A       ; VCCIO7A                         ; power  ;              ; 3.3V                ; --           ;                 ; --       ; --           ;
; H12      ; 327        ; 7A       ; RESERVED_INPUT_WITH_WEAK_PULLUP ;        ;              ;                     ; Column I/O   ;                 ; no       ; On           ;
; H13      ; 297        ; 7A       ; RESERVED_INPUT_WITH_WEAK_PULLUP ;        ;              ;                     ; Column I/O   ;                 ; no       ; On           ;
; H14      ; 295        ; 7A       ; RESERVED_INPUT_WITH_WEAK_PULLUP ;        ;              ;                     ; Column I/O   ;                 ; no       ; On           ;
; H15      ; 263        ; 7A       ; RESERVED_INPUT_WITH_WEAK_PULLUP ;        ;              ;                     ; Column I/O   ;                 ; no       ; On           ;
; H16      ;            ;          ; GND                             ; gnd    ;              ;                     ; --           ;                 ; --       ; --           ;
; H17      ; 273        ; 7A       ; RESERVED_INPUT_WITH_WEAK_PULLUP ;        ;              ;                     ; Column I/O   ;                 ; no       ; On           ;
; H18      ; 271        ; 7A       ; RESERVED_INPUT_WITH_WEAK_PULLUP ;        ;              ;                     ; Column I/O   ;                 ; no       ; On           ;
; H19      ; 250        ; 6A       ; RESERVED_INPUT_WITH_WEAK_PULLUP ;        ;              ;                     ; Row I/O      ;                 ; no       ; On           ;
; H20      ; 252        ; 6A       ; RESERVED_INPUT_WITH_WEAK_PULLUP ;        ;              ;                     ; Row I/O      ;                 ; no       ; On           ;
; H21      ;            ; 6A       ; VCCIO6A                         ; power  ;              ; 3.3V                ; --           ;                 ; --       ; --           ;
; H22      ; 242        ; 6A       ; RESERVED_INPUT_WITH_WEAK_PULLUP ;        ;              ;                     ; Row I/O      ;                 ; no       ; On           ;
; H23      ; 239        ; 6A       ; RESERVED_INPUT_WITH_WEAK_PULLUP ;        ;              ;                     ; Row I/O      ;                 ; no       ; On           ;
; H24      ; 241        ; 6A       ; RESERVED_INPUT_WITH_WEAK_PULLUP ;        ;              ;                     ; Row I/O      ;                 ; no       ; On           ;
; H25      ; 225        ; 6A       ; RESERVED_INPUT_WITH_WEAK_PULLUP ;        ;              ;                     ; Row I/O      ;                 ; no       ; On           ;
; H26      ;            ;          ; GND                             ; gnd    ;              ;                     ; --           ;                 ; --       ; --           ;
; J1       ;            ;          ; GND                             ; gnd    ;              ;                     ; --           ;                 ; --       ; --           ;
; J2       ;            ;          ; GND                             ; gnd    ;              ;                     ; --           ;                 ; --       ; --           ;
; J3       ;            ; --       ; VCCL_GXBL                       ; power  ;              ; 1.1V                ; --           ;                 ; --       ; --           ;
; J4       ;            ;          ; GND                             ; gnd    ;              ;                     ; --           ;                 ; --       ; --           ;
; J5       ; 399        ; 9A       ; ^MSEL4                          ; input  ;              ;                     ; --           ;                 ; --       ; --           ;
; J6       ;            ; --       ; VCCA_FPLL                       ; power  ;              ; 2.5V                ; --           ;                 ; --       ; --           ;
; J7       ; 370        ; 8A       ; RESERVED_INPUT_WITH_WEAK_PULLUP ;        ;              ;                     ; Column I/O   ;                 ; no       ; On           ;
; J8       ; 365        ; 8A       ; RESERVED_INPUT_WITH_WEAK_PULLUP ;        ;              ;                     ; Column I/O   ;                 ; no       ; On           ;
; J9       ;            ;          ; GND                             ; gnd    ;              ;                     ; --           ;                 ; --       ; --           ;
; J10      ; 369        ; 8A       ; RESERVED_INPUT_WITH_WEAK_PULLUP ;        ;              ;                     ; Column I/O   ;                 ; no       ; On           ;
; J11      ; 289        ; 7A       ; RESERVED_INPUT_WITH_WEAK_PULLUP ;        ;              ;                     ; Column I/O   ;                 ; no       ; On           ;
; J12      ; 287        ; 7A       ; RESERVED_INPUT_WITH_WEAK_PULLUP ;        ;              ;                     ; Column I/O   ;                 ; no       ; On           ;
; J13      ;            ; --       ; VCC                             ; power  ;              ; 1.1V                ; --           ;                 ; --       ; --           ;
; J14      ;            ;          ; GND                             ; gnd    ;              ;                     ; --           ;                 ; --       ; --           ;
; J15      ;            ; --       ; VCC                             ; power  ;              ; 1.1V                ; --           ;                 ; --       ; --           ;
; J16      ; 265        ; 7A       ; RESERVED_INPUT_WITH_WEAK_PULLUP ;        ;              ;                     ; Column I/O   ;                 ; no       ; On           ;
; J17      ;            ; --       ; VCC                             ; power  ;              ; 1.1V                ; --           ;                 ; --       ; --           ;
; J18      ;            ;          ; GND                             ; gnd    ;              ;                     ; --           ;                 ; --       ; --           ;
; J19      ;            ; --       ; VCC                             ; power  ;              ; 1.1V                ; --           ;                 ; --       ; --           ;
; J20      ; 254        ; 6A       ; RESERVED_INPUT_WITH_WEAK_PULLUP ;        ;              ;                     ; Row I/O      ;                 ; no       ; On           ;
; J21      ; 256        ; 6A       ; RESERVED_INPUT_WITH_WEAK_PULLUP ;        ;              ;                     ; Row I/O      ;                 ; no       ; On           ;
; J22      ;            ; 6A       ; VCCPD6A                         ; power  ;              ; 3.3V                ; --           ;                 ; --       ; --           ;
; J23      ; 244        ; 6A       ; RESERVED_INPUT_WITH_WEAK_PULLUP ;        ;              ;                     ; Row I/O      ;                 ; no       ; On           ;
; J24      ;            ; 6A       ; VCCIO6A                         ; power  ;              ; 3.3V                ; --           ;                 ; --       ; --           ;
; J25      ; 215        ; 6A       ; RESERVED_INPUT_WITH_WEAK_PULLUP ;        ;              ;                     ; Row I/O      ;                 ; no       ; On           ;
; J26      ; 217        ; 6A       ; RESERVED_INPUT_WITH_WEAK_PULLUP ;        ;              ;                     ; Row I/O      ;                 ; no       ; On           ;
; K1       ; 2          ; B1L      ; GXB_NC                          ;        ;              ;                     ; --           ;                 ; --       ; --           ;
; K2       ; 3          ; B1L      ; GXB_NC                          ;        ;              ;                     ; --           ;                 ; --       ; --           ;
; K3       ;            ;          ; GND                             ; gnd    ;              ;                     ; --           ;                 ; --       ; --           ;
; K4       ;            ; --       ; VCCE_GXBL                       ; power  ;              ; 1.1V                ; --           ;                 ; --       ; --           ;
; K5       ; 397        ; 9A       ; ^MSEL3                          ; input  ;              ;                     ; --           ;                 ; --       ; --           ;
; K6       ; 373        ; 8A       ; RESERVED_INPUT_WITH_WEAK_PULLUP ;        ;              ;                     ; Column I/O   ;                 ; no       ; On           ;
; K7       ;            ; 8A       ; VCCIO8A                         ; power  ;              ; 3.3V                ; --           ;                 ; --       ; --           ;
; K8       ; 363        ; 8A       ; RESERVED_INPUT_WITH_WEAK_PULLUP ;        ;              ;                     ; Column I/O   ;                 ; no       ; On           ;
; K9       ; 361        ; 8A       ; LEDR[4]                         ; output ; 3.3-V LVTTL  ;                     ; Column I/O   ; N               ; no       ; Off          ;
; K10      ; 367        ; 8A       ; RESERVED_INPUT_WITH_WEAK_PULLUP ;        ;              ;                     ; Column I/O   ;                 ; no       ; On           ;
; K11      ; 305        ; 7A       ; RESERVED_INPUT_WITH_WEAK_PULLUP ;        ;              ;                     ; Column I/O   ;                 ; no       ; On           ;
; K12      ;            ;          ; GND                             ; gnd    ;              ;                     ; --           ;                 ; --       ; --           ;
; K13      ;            ;          ; GND                             ; gnd    ;              ;                     ; --           ;                 ; --       ; --           ;
; K14      ;            ; --       ; VCC                             ; power  ;              ; 1.1V                ; --           ;                 ; --       ; --           ;
; K15      ;            ;          ; GND                             ; gnd    ;              ;                     ; --           ;                 ; --       ; --           ;
; K16      ;            ; --       ; VCC                             ; power  ;              ; 1.1V                ; --           ;                 ; --       ; --           ;
; K17      ;            ;          ; GND                             ; gnd    ;              ;                     ; --           ;                 ; --       ; --           ;
; K18      ;            ; --       ; VCC                             ; power  ;              ; 1.1V                ; --           ;                 ; --       ; --           ;
; K19      ;            ;          ; GND                             ; gnd    ;              ;                     ; --           ;                 ; --       ; --           ;
; K20      ;            ; --       ; VCC                             ; power  ;              ; 1.1V                ; --           ;                 ; --       ; --           ;
; K21      ; 248        ; 6A       ; RESERVED_INPUT_WITH_WEAK_PULLUP ;        ;              ;                     ; Row I/O      ;                 ; no       ; On           ;
; K22      ;            ;          ; GND                             ; gnd    ;              ;                     ; --           ;                 ; --       ; --           ;
; K23      ; 236        ; 6A       ; RESERVED_INPUT_WITH_WEAK_PULLUP ;        ;              ;                     ; Row I/O      ;                 ; no       ; On           ;
; K24      ; 234        ; 6A       ; LEDR[0]                         ; output ; 3.3-V LVTTL  ;                     ; Row I/O      ; N               ; no       ; Off          ;
; K25      ; 230        ; 6A       ; RESERVED_INPUT_WITH_WEAK_PULLUP ;        ;              ;                     ; Row I/O      ;                 ; no       ; On           ;
; K26      ; 232        ; 6A       ; RESERVED_INPUT_WITH_WEAK_PULLUP ;        ;              ;                     ; Row I/O      ;                 ; no       ; On           ;
; L1       ;            ;          ; GND                             ; gnd    ;              ;                     ; --           ;                 ; --       ; --           ;
; L2       ;            ;          ; GND                             ; gnd    ;              ;                     ; --           ;                 ; --       ; --           ;
; L3       ;            ; --       ; VCCH_GXBL                       ; power  ;              ; 2.5V                ; --           ;                 ; --       ; --           ;
; L4       ;            ;          ; GND                             ; gnd    ;              ;                     ; --           ;                 ; --       ; --           ;
; L5       ;            ;          ; NC                              ;        ;              ;                     ; --           ;                 ; --       ; --           ;
; L6       ; 393        ; 9A       ; ^MSEL1                          ; input  ;              ;                     ; --           ;                 ; --       ; --           ;
; L7       ; 371        ; 8A       ; RESERVED_INPUT_WITH_WEAK_PULLUP ;        ;              ;                     ; Column I/O   ;                 ; no       ; On           ;
; L8       ; 359        ; 8A       ; RESERVED_INPUT_WITH_WEAK_PULLUP ;        ;              ;                     ; Column I/O   ;                 ; no       ; On           ;
; L9       ; 353        ; 8A       ; RESERVED_INPUT_WITH_WEAK_PULLUP ;        ;              ;                     ; Column I/O   ;                 ; no       ; On           ;
; L10      ;            ;          ; GND                             ; gnd    ;              ;                     ; --           ;                 ; --       ; --           ;
; L11      ; 337        ; 7A       ; RESERVED_INPUT_WITH_WEAK_PULLUP ;        ;              ;                     ; Column I/O   ;                 ; no       ; On           ;
; L12      ; 303        ; 7A       ; RESERVED_INPUT_WITH_WEAK_PULLUP ;        ;              ;                     ; Column I/O   ;                 ; no       ; On           ;
; L13      ;            ; --       ; VCC                             ; power  ;              ; 1.1V                ; --           ;                 ; --       ; --           ;
; L14      ;            ;          ; GND                             ; gnd    ;              ;                     ; --           ;                 ; --       ; --           ;
; L15      ;            ; --       ; VCC                             ; power  ;              ; 1.1V                ; --           ;                 ; --       ; --           ;
; L16      ;            ;          ; GND                             ; gnd    ;              ;                     ; --           ;                 ; --       ; --           ;
; L17      ;            ; --       ; VCC                             ; power  ;              ; 1.1V                ; --           ;                 ; --       ; --           ;
; L18      ;            ;          ; GND                             ; gnd    ;              ;                     ; --           ;                 ; --       ; --           ;
; L19      ;            ; --       ; VCC                             ; power  ;              ; 1.1V                ; --           ;                 ; --       ; --           ;
; L20      ;            ;          ; GND                             ; gnd    ;              ;                     ; --           ;                 ; --       ; --           ;
; L21      ;            ; 6A       ; VCCPD6A                         ; power  ;              ; 3.3V                ; --           ;                 ; --       ; --           ;
; L22      ; 246        ; 6A       ; RESERVED_INPUT_WITH_WEAK_PULLUP ;        ;              ;                     ; Row I/O      ;                 ; no       ; On           ;
; L23      ; 238        ; 6A       ; RESERVED_INPUT_WITH_WEAK_PULLUP ;        ;              ;                     ; Row I/O      ;                 ; no       ; On           ;
; L24      ; 240        ; 6A       ; RESERVED_INPUT_WITH_WEAK_PULLUP ;        ;              ;                     ; Row I/O      ;                 ; no       ; On           ;
; L25      ;            ;          ; GND                             ; gnd    ;              ;                     ; --           ;                 ; --       ; --           ;
; L26      ;            ; 6A       ; VREFB6AN0                       ; power  ;              ;                     ; --           ;                 ; --       ; --           ;
; M1       ; 5          ; B1L      ; GND                             ;        ;              ;                     ; --           ;                 ; --       ; --           ;
; M2       ; 4          ; B1L      ; GND                             ;        ;              ;                     ; --           ;                 ; --       ; --           ;
; M3       ;            ;          ; GND                             ; gnd    ;              ;                     ; --           ;                 ; --       ; --           ;
; M4       ;            ; --       ; VCCE_GXBL                       ; power  ;              ; 1.1V                ; --           ;                 ; --       ; --           ;
; M5       ;            ;          ; GND                             ; gnd    ;              ;                     ; --           ;                 ; --       ; --           ;
; M6       ;            ;          ; NC                              ;        ;              ;                     ; --           ;                 ; --       ; --           ;
; M7       ; 391        ; 9A       ; ^MSEL0                          ; input  ;              ;                     ; --           ;                 ; --       ; --           ;
; M8       ;            ;          ; GND                             ; gnd    ;              ;                     ; --           ;                 ; --       ; --           ;
; M9       ; 351        ; 8A       ; RESERVED_INPUT_WITH_WEAK_PULLUP ;        ;              ;                     ; Column I/O   ;                 ; no       ; On           ;
; M10      ; 345        ; 8A       ; RESERVED_INPUT_WITH_WEAK_PULLUP ;        ;              ;                     ; Column I/O   ;                 ; no       ; On           ;
; M11      ; 335        ; 7A       ; RESERVED_INPUT_WITH_WEAK_PULLUP ;        ;              ;                     ; Column I/O   ;                 ; no       ; On           ;
; M12      ; 321        ; 7A       ; RESERVED_INPUT_WITH_WEAK_PULLUP ;        ;              ;                     ; Column I/O   ;                 ; no       ; On           ;
; M13      ;            ;          ; GND                             ; gnd    ;              ;                     ; --           ;                 ; --       ; --           ;
; M14      ;            ; --       ; VCC                             ; power  ;              ; 1.1V                ; --           ;                 ; --       ; --           ;
; M15      ;            ;          ; GND                             ; gnd    ;              ;                     ; --           ;                 ; --       ; --           ;
; M16      ;            ; --       ; VCC                             ; power  ;              ; 1.1V                ; --           ;                 ; --       ; --           ;
; M17      ;            ;          ; GND                             ; gnd    ;              ;                     ; --           ;                 ; --       ; --           ;
; M18      ;            ; --       ; VCC                             ; power  ;              ; 1.1V                ; --           ;                 ; --       ; --           ;
; M19      ;            ;          ; GND                             ; gnd    ;              ;                     ; --           ;                 ; --       ; --           ;
; M20      ;            ; --       ; VCC                             ; power  ;              ; 1.1V                ; --           ;                 ; --       ; --           ;
; M21      ; 216        ; 6A       ; RESERVED_INPUT_WITH_WEAK_PULLUP ;        ;              ;                     ; Row I/O      ;                 ; no       ; On           ;
; M22      ; 224        ; 6A       ; RESERVED_INPUT_WITH_WEAK_PULLUP ;        ;              ;                     ; Row I/O      ;                 ; no       ; On           ;
; M23      ;            ; 6A       ; VCCIO6A                         ; power  ;              ; 3.3V                ; --           ;                 ; --       ; --           ;
; M24      ; 220        ; 6A       ; RESERVED_INPUT_WITH_WEAK_PULLUP ;        ;              ;                     ; Row I/O      ;                 ; no       ; On           ;
; M25      ; 226        ; 6A       ; RESERVED_INPUT_WITH_WEAK_PULLUP ;        ;              ;                     ; Row I/O      ;                 ; no       ; On           ;
; M26      ; 228        ; 6A       ; RESERVED_INPUT_WITH_WEAK_PULLUP ;        ;              ;                     ; Row I/O      ;                 ; no       ; On           ;
; N1       ;            ;          ; GND                             ; gnd    ;              ;                     ; --           ;                 ; --       ; --           ;
; N2       ;            ;          ; GND                             ; gnd    ;              ;                     ; --           ;                 ; --       ; --           ;
; N3       ;            ; --       ; VCCL_GXBL                       ; power  ;              ; 1.1V                ; --           ;                 ; --       ; --           ;
; N4       ;            ;          ; GND                             ; gnd    ;              ;                     ; --           ;                 ; --       ; --           ;
; N5       ;            ; --       ; VCCE_GXBL                       ; power  ;              ; 1.1V                ; --           ;                 ; --       ; --           ;
; N6       ;            ;          ; GND                             ; gnd    ;              ;                     ; --           ;                 ; --       ; --           ;
; N7       ; 1          ; B1L      ; GND                             ;        ;              ;                     ; Row I/O      ;                 ; --       ; --           ;
; N8       ; 36         ; 3A       ; ^DCLK                           ; bidir  ;              ;                     ; Weak Pull Up ;                 ; --       ; On           ;
; N9       ; 343        ; 8A       ; SW[1]                           ; input  ; 3.3-V LVTTL  ;                     ; Column I/O   ; N               ; no       ; Off          ;
; N10      ; 76         ; 3B       ; RESERVED_INPUT_WITH_WEAK_PULLUP ;        ;              ;                     ; Column I/O   ;                 ; no       ; On           ;
; N11      ;            ;          ; GND                             ; gnd    ;              ;                     ; --           ;                 ; --       ; --           ;
; N12      ; 319        ; 7A       ; RESERVED_INPUT_WITH_WEAK_PULLUP ;        ;              ;                     ; Column I/O   ;                 ; no       ; On           ;
; N13      ;            ; --       ; VCC                             ; power  ;              ; 1.1V                ; --           ;                 ; --       ; --           ;
; N14      ;            ;          ; GND                             ; gnd    ;              ;                     ; --           ;                 ; --       ; --           ;
; N15      ;            ; --       ; VCC                             ; power  ;              ; 1.1V                ; --           ;                 ; --       ; --           ;
; N16      ;            ;          ; GND                             ; gnd    ;              ;                     ; --           ;                 ; --       ; --           ;
; N17      ;            ; --       ; VCC                             ; power  ;              ; 1.1V                ; --           ;                 ; --       ; --           ;
; N18      ;            ;          ; GND                             ; gnd    ;              ;                     ; --           ;                 ; --       ; --           ;
; N19      ;            ; --       ; VCC                             ; power  ;              ; 1.1V                ; --           ;                 ; --       ; --           ;
; N20      ; 214        ; 6A       ; RESERVED_INPUT_WITH_WEAK_PULLUP ;        ;              ;                     ; Row I/O      ;                 ; no       ; On           ;
; N21      ;            ;          ; GND                             ; gnd    ;              ;                     ; --           ;                 ; --       ; --           ;
; N22      ;            ; 5B       ; VCCPD5B                         ; power  ;              ; 3.3V                ; --           ;                 ; --       ; --           ;
; N23      ; 222        ; 6A       ; RESERVED_INPUT_WITH_WEAK_PULLUP ;        ;              ;                     ; Row I/O      ;                 ; no       ; On           ;
; N24      ; 218        ; 6A       ; RESERVED_INPUT_WITH_WEAK_PULLUP ;        ;              ;                     ; Row I/O      ;                 ; no       ; On           ;
; N25      ; 210        ; 5B       ; HDMI_TX_D[14]                   ; output ; 3.3-V LVTTL  ;                     ; Row I/O      ; Y               ; no       ; Off          ;
; N26      ;            ; 5B       ; VCCIO5B                         ; power  ;              ; 3.3V                ; --           ;                 ; --       ; --           ;
; P1       ; 6          ; B1L      ; GXB_NC                          ;        ;              ;                     ; --           ;                 ; --       ; --           ;
; P2       ; 7          ; B1L      ; GXB_NC                          ;        ;              ;                     ; --           ;                 ; --       ; --           ;
; P3       ;            ;          ; GND                             ; gnd    ;              ;                     ; --           ;                 ; --       ; --           ;
; P4       ;            ; --       ; VCCE_GXBL                       ; power  ;              ; 1.1V                ; --           ;                 ; --       ; --           ;
; P5       ;            ;          ; GND                             ; gnd    ;              ;                     ; --           ;                 ; --       ; --           ;
; P6       ; 0          ; B1L      ; GND                             ;        ;              ;                     ; Row I/O      ;                 ; --       ; --           ;
; P7       ;            ;          ; GND                             ; gnd    ;              ;                     ; --           ;                 ; --       ; --           ;
; P8       ; 52         ; 3A       ; RESERVED_INPUT_WITH_WEAK_PULLUP ;        ;              ;                     ; Column I/O   ;                 ; no       ; On           ;
; P9       ;            ;          ; GND                             ; gnd    ;              ;                     ; --           ;                 ; --       ; --           ;
; P10      ; 74         ; 3B       ; RESERVED_INPUT_WITH_WEAK_PULLUP ;        ;              ;                     ; Column I/O   ;                 ; no       ; On           ;
; P11      ; 84         ; 3B       ; KEY[0]                          ; input  ; 3.3-V LVTTL  ;                     ; Column I/O   ; Y               ; no       ; Off          ;
; P12      ; 82         ; 3B       ; KEY[1]                          ; input  ; 3.3-V LVTTL  ;                     ; Column I/O   ; Y               ; no       ; Off          ;
; P13      ;            ;          ; GND                             ; gnd    ;              ;                     ; --           ;                 ; --       ; --           ;
; P14      ;            ; --       ; VCC                             ; power  ;              ; 1.1V                ; --           ;                 ; --       ; --           ;
; P15      ;            ;          ; GND                             ; gnd    ;              ;                     ; --           ;                 ; --       ; --           ;
; P16      ;            ; --       ; VCC                             ; power  ;              ; 1.1V                ; --           ;                 ; --       ; --           ;
; P17      ;            ;          ; GND                             ; gnd    ;              ;                     ; --           ;                 ; --       ; --           ;
; P18      ;            ; --       ; VCC                             ; power  ;              ; 1.1V                ; --           ;                 ; --       ; --           ;
; P19      ;            ;          ; GND                             ; gnd    ;              ;                     ; --           ;                 ; --       ; --           ;
; P20      ; 200        ; 5B       ; RESERVED_INPUT_WITH_WEAK_PULLUP ;        ;              ;                     ; Row I/O      ;                 ; no       ; On           ;
; P21      ; 206        ; 5B       ; HDMI_TX_D[16]                   ; output ; 3.3-V LVTTL  ;                     ; Row I/O      ; Y               ; no       ; Off          ;
; P22      ; 208        ; 5B       ; HDMI_TX_D[12]                   ; output ; 3.3-V LVTTL  ;                     ; Row I/O      ; Y               ; no       ; Off          ;
; P23      ; 192        ; 5B       ; HDMI_TX_D[13]                   ; output ; 3.3-V LVTTL  ;                     ; Row I/O      ; Y               ; no       ; Off          ;
; P24      ;            ;          ; GND                             ; gnd    ;              ;                     ; --           ;                 ; --       ; --           ;
; P25      ;            ; 5B       ; VREFB5BN0                       ; power  ;              ;                     ; --           ;                 ; --       ; --           ;
; P26      ; 212        ; 5B       ; HDMI_TX_D[15]                   ; output ; 3.3-V LVTTL  ;                     ; Row I/O      ; Y               ; no       ; Off          ;
; R1       ;            ;          ; GND                             ; gnd    ;              ;                     ; --           ;                 ; --       ; --           ;
; R2       ;            ;          ; GND                             ; gnd    ;              ;                     ; --           ;                 ; --       ; --           ;
; R3       ;            ; --       ; VCCH_GXBL                       ; power  ;              ; 2.5V                ; --           ;                 ; --       ; --           ;
; R4       ;            ;          ; GND                             ; gnd    ;              ;                     ; --           ;                 ; --       ; --           ;
; R5       ;            ; --       ; VCCE_GXBL                       ; power  ;              ; 1.1V                ; --           ;                 ; --       ; --           ;
; R6       ; 30         ; 3A       ; #TMS                            ; input  ;              ;                     ; --           ;                 ; --       ; --           ;
; R7       ;            ;          ; GND                             ; gnd    ;              ;                     ; --           ;                 ; --       ; --           ;
; R8       ; 50         ; 3A       ; RESERVED_INPUT_WITH_WEAK_PULLUP ;        ;              ;                     ; Column I/O   ;                 ; no       ; On           ;
; R9       ; 48         ; 3A       ; RESERVED_INPUT_WITH_WEAK_PULLUP ;        ;              ;                     ; Column I/O   ;                 ; no       ; On           ;
; R10      ; 46         ; 3A       ; RESERVED_INPUT_WITH_WEAK_PULLUP ;        ;              ;                     ; Column I/O   ;                 ; no       ; On           ;
; R11      ; 60         ; 3B       ; RESERVED_INPUT_WITH_WEAK_PULLUP ;        ;              ;                     ; Column I/O   ;                 ; no       ; On           ;
; R12      ;            ;          ; GND                             ; gnd    ;              ;                     ; --           ;                 ; --       ; --           ;
; R13      ;            ; --       ; VCC                             ; power  ;              ; 1.1V                ; --           ;                 ; --       ; --           ;
; R14      ;            ;          ; GND                             ; gnd    ;              ;                     ; --           ;                 ; --       ; --           ;
; R15      ;            ; --       ; VCC                             ; power  ;              ; 1.1V                ; --           ;                 ; --       ; --           ;
; R16      ;            ;          ; GND                             ; gnd    ;              ;                     ; --           ;                 ; --       ; --           ;
; R17      ;            ; --       ; VCC                             ; power  ;              ; 1.1V                ; --           ;                 ; --       ; --           ;
; R18      ;            ;          ; GND                             ; gnd    ;              ;                     ; --           ;                 ; --       ; --           ;
; R19      ;            ; --       ; VCC                             ; power  ;              ; 1.1V                ; --           ;                 ; --       ; --           ;
; R20      ; 198        ; 5B       ; FPGA_CLK_50                     ; input  ; 3.3-V LVTTL  ;                     ; Row I/O      ; Y               ; no       ; Off          ;
; R21      ;            ; 5B       ; VCCPD5B                         ; power  ;              ; 3.3V                ; --           ;                 ; --       ; --           ;
; R22      ;            ; 5B       ; VCCIO5B                         ; power  ;              ; 3.3V                ; --           ;                 ; --       ; --           ;
; R23      ; 190        ; 5B       ; HDMI_TX_D[10]                   ; output ; 3.3-V LVTTL  ;                     ; Row I/O      ; Y               ; no       ; Off          ;
; R24      ; 194        ; 5B       ; HDMI_TX_D[17]                   ; output ; 3.3-V LVTTL  ;                     ; Row I/O      ; Y               ; no       ; Off          ;
; R25      ; 196        ; 5B       ; HDMI_TX_D[11]                   ; output ; 3.3-V LVTTL  ;                     ; Row I/O      ; Y               ; no       ; Off          ;
; R26      ; 204        ; 5B       ; HDMI_TX_D[18]                   ; output ; 3.3-V LVTTL  ;                     ; Row I/O      ; Y               ; no       ; Off          ;
; T1       ; 9          ; B1L      ; GND                             ;        ;              ;                     ; --           ;                 ; --       ; --           ;
; T2       ; 8          ; B1L      ; GND                             ;        ;              ;                     ; --           ;                 ; --       ; --           ;
; T3       ;            ;          ; GND                             ; gnd    ;              ;                     ; --           ;                 ; --       ; --           ;
; T4       ;            ; --       ; VCCH_GXBL                       ; power  ;              ; 2.5V                ; --           ;                 ; --       ; --           ;
; T5       ;            ;          ; GND                             ; gnd    ;              ;                     ; --           ;                 ; --       ; --           ;
; T6       ; 34         ; 3A       ; #TDI                            ; input  ;              ;                     ; --           ;                 ; --       ; --           ;
; T7       ; 38         ; 3A       ; RESERVED_INPUT_WITH_WEAK_PULLUP ;        ;              ;                     ; Column I/O   ;                 ; no       ; On           ;
; T8       ; 40         ; 3A       ; RESERVED_INPUT_WITH_WEAK_PULLUP ;        ;              ;                     ; Column I/O   ;                 ; no       ; On           ;
; T9       ; 56         ; 3B       ; RESERVED_INPUT_WITH_WEAK_PULLUP ;        ;              ;                     ; Column I/O   ;                 ; no       ; On           ;
; T10      ;            ;          ; GND                             ; gnd    ;              ;                     ; --           ;                 ; --       ; --           ;
; T11      ; 58         ; 3B       ; RESERVED_INPUT_WITH_WEAK_PULLUP ;        ;              ;                     ; Column I/O   ;                 ; no       ; On           ;
; T12      ; 66         ; 3B       ; RESERVED_INPUT_WITH_WEAK_PULLUP ;        ;              ;                     ; Column I/O   ;                 ; no       ; On           ;
; T13      ; 68         ; 3B       ; RESERVED_INPUT_WITH_WEAK_PULLUP ;        ;              ;                     ; Column I/O   ;                 ; no       ; On           ;
; T14      ;            ; --       ; VCC                             ; power  ;              ; 1.1V                ; --           ;                 ; --       ; --           ;
; T15      ;            ;          ; GND                             ; gnd    ;              ;                     ; --           ;                 ; --       ; --           ;
; T16      ;            ; --       ; VCC                             ; power  ;              ; 1.1V                ; --           ;                 ; --       ; --           ;
; T17      ; 132        ; 4A       ; LEDR[2]                         ; output ; 3.3-V LVTTL  ;                     ; Column I/O   ; N               ; no       ; Off          ;
; T18      ;            ; --       ; VCC                             ; power  ;              ; 1.1V                ; --           ;                 ; --       ; --           ;
; T19      ; 179        ; 5A       ; RESERVED_INPUT_WITH_WEAK_PULLUP ;        ;              ;                     ; Row I/O      ;                 ; no       ; On           ;
; T20      ;            ;          ; GND                             ; gnd    ;              ;                     ; --           ;                 ; --       ; --           ;
; T21      ; 182        ; 5B       ; RESERVED_INPUT_WITH_WEAK_PULLUP ;        ;              ;                     ; Row I/O      ;                 ; no       ; On           ;
; T22      ; 184        ; 5B       ; RESERVED_INPUT_WITH_WEAK_PULLUP ;        ;              ;                     ; Row I/O      ;                 ; no       ; On           ;
; T23      ; 186        ; 5B       ; HDMI_TX_D[7]                    ; output ; 3.3-V LVTTL  ;                     ; Row I/O      ; Y               ; no       ; Off          ;
; T24      ; 188        ; 5B       ; HDMI_TX_D[8]                    ; output ; 3.3-V LVTTL  ;                     ; Row I/O      ; Y               ; no       ; Off          ;
; T25      ;            ; 5B       ; VCCIO5B                         ; power  ;              ; 3.3V                ; --           ;                 ; --       ; --           ;
; T26      ; 202        ; 5B       ; HDMI_TX_D[9]                    ; output ; 3.3-V LVTTL  ;                     ; Row I/O      ; Y               ; no       ; Off          ;
; U1       ;            ;          ; GND                             ; gnd    ;              ;                     ; --           ;                 ; --       ; --           ;
; U2       ;            ;          ; GND                             ; gnd    ;              ;                     ; --           ;                 ; --       ; --           ;
; U3       ;            ; --       ; VCCL_GXBL                       ; power  ;              ; 1.1V                ; --           ;                 ; --       ; --           ;
; U4       ;            ;          ; GND                             ; gnd    ;              ;                     ; --           ;                 ; --       ; --           ;
; U5       ;            ; --       ; VCCE_GXBL                       ; power  ;              ; 1.1V                ; --           ;                 ; --       ; --           ;
; U6       ; 31         ; 3A       ; ^AS_DATA3, DATA3                ; input  ;              ;                     ; Weak Pull Up ;                 ; --       ; On           ;
; U7       ; 39         ; 3A       ; RESERVED_INPUT_WITH_WEAK_PULLUP ;        ;              ;                     ; Column I/O   ;                 ; no       ; On           ;
; U8       ;            ; 3B       ; VCCIO3B                         ; power  ;              ; 3.3V                ; --           ;                 ; --       ; --           ;
; U9       ; 54         ; 3B       ; RESERVED_INPUT_WITH_WEAK_PULLUP ;        ;              ;                     ; Column I/O   ;                 ; no       ; On           ;
; U10      ; 81         ; 3B       ; RESERVED_INPUT_WITH_WEAK_PULLUP ;        ;              ;                     ; Column I/O   ;                 ; no       ; On           ;
; U11      ; 79         ; 3B       ; RESERVED_INPUT_WITH_WEAK_PULLUP ;        ;              ;                     ; Column I/O   ;                 ; no       ; On           ;
; U12      ; 100        ; 4A       ; RESERVED_INPUT_WITH_WEAK_PULLUP ;        ;              ;                     ; Column I/O   ;                 ; no       ; On           ;
; U13      ;            ;          ; GND                             ; gnd    ;              ;                     ; --           ;                 ; --       ; --           ;
; U14      ; 108        ; 4A       ; RESERVED_INPUT_WITH_WEAK_PULLUP ;        ;              ;                     ; Column I/O   ;                 ; no       ; On           ;
; U15      ; 148        ; 4A       ; RESERVED_INPUT_WITH_WEAK_PULLUP ;        ;              ;                     ; Column I/O   ;                 ; no       ; On           ;
; U16      ; 146        ; 4A       ; RESERVED_INPUT_WITH_WEAK_PULLUP ;        ;              ;                     ; Column I/O   ;                 ; no       ; On           ;
; U17      ; 130        ; 4A       ; RESERVED_INPUT_WITH_WEAK_PULLUP ;        ;              ;                     ; Column I/O   ;                 ; no       ; On           ;
; U18      ;            ; 4A       ; VCCIO4A                         ; power  ;              ; 3.3V                ; --           ;                 ; --       ; --           ;
; U19      ; 167        ; 5A       ; RESERVED_INPUT_WITH_WEAK_PULLUP ;        ;              ;                     ; Row I/O      ;                 ; no       ; On           ;
; U20      ; 181        ; 5A       ; RESERVED_INPUT_WITH_WEAK_PULLUP ;        ;              ;                     ; Row I/O      ;                 ; no       ; On           ;
; U21      ;            ; 5A       ; VCCPD5A                         ; power  ;              ; 3.3V                ; --           ;                 ; --       ; --           ;
; U22      ; 177        ; 5A       ; RESERVED_INPUT_WITH_WEAK_PULLUP ;        ;              ;                     ; Row I/O      ;                 ; no       ; On           ;
; U23      ;            ;          ; GND                             ; gnd    ;              ;                     ; --           ;                 ; --       ; --           ;
; U24      ; 195        ; 5B       ; HDMI_TX_D[6]                    ; output ; 3.3-V LVTTL  ;                     ; Row I/O      ; Y               ; no       ; Off          ;
; U25      ; 211        ; 5B       ; HDMI_TX_VSYNC                   ; output ; 3.3-V LVTTL  ;                     ; Row I/O      ; Y               ; no       ; Off          ;
; U26      ; 213        ; 5B       ; HDMI_TX_HSYNC                   ; output ; 3.3-V LVTTL  ;                     ; Row I/O      ; Y               ; no       ; Off          ;
; V1       ; 13         ; B1L      ; GND                             ;        ;              ;                     ; --           ;                 ; --       ; --           ;
; V2       ; 12         ; B1L      ; GND                             ;        ;              ;                     ; --           ;                 ; --       ; --           ;
; V3       ;            ;          ; GND                             ; gnd    ;              ;                     ; --           ;                 ; --       ; --           ;
; V4       ;            ;          ; GND                             ; gnd    ;              ;                     ; --           ;                 ; --       ; --           ;
; V5       ;            ;          ; GND                             ; gnd    ;              ;                     ; --           ;                 ; --       ; --           ;
; V6       ; 26         ; B0L      ; GND                             ;        ;              ;                     ; Row I/O      ;                 ; --       ; --           ;
; V7       ; 28         ; 3A       ; #TDO                            ; output ;              ;                     ; --           ;                 ; --       ; --           ;
; V8       ; 41         ; 3A       ; RESERVED_INPUT_WITH_WEAK_PULLUP ;        ;              ;                     ; Column I/O   ;                 ; no       ; On           ;
; V9       ; 70         ; 3B       ; RESERVED_INPUT_WITH_WEAK_PULLUP ;        ;              ;                     ; Column I/O   ;                 ; no       ; On           ;
; V10      ; 72         ; 3B       ; RESERVED_INPUT_WITH_WEAK_PULLUP ;        ;              ;                     ; Column I/O   ;                 ; no       ; On           ;
; V11      ;            ; 3B       ; VCCIO3B                         ; power  ;              ; 3.3V                ; --           ;                 ; --       ; --           ;
; V12      ; 98         ; 4A       ; RESERVED_INPUT_WITH_WEAK_PULLUP ;        ;              ;                     ; Column I/O   ;                 ; no       ; On           ;
; V13      ; 92         ; 4A       ; RESERVED_INPUT_WITH_WEAK_PULLUP ;        ;              ;                     ; Column I/O   ;                 ; no       ; On           ;
; V14      ; 106        ; 4A       ; RESERVED_INPUT_WITH_WEAK_PULLUP ;        ;              ;                     ; Column I/O   ;                 ; no       ; On           ;
; V15      ; 124        ; 4A       ; RESERVED_INPUT_WITH_WEAK_PULLUP ;        ;              ;                     ; Column I/O   ;                 ; no       ; On           ;
; V16      ;            ;          ; GND                             ; gnd    ;              ;                     ; --           ;                 ; --       ; --           ;
; V17      ; 154        ; 4A       ; RESERVED_INPUT_WITH_WEAK_PULLUP ;        ;              ;                     ; Column I/O   ;                 ; no       ; On           ;
; V18      ; 156        ; 4A       ; RESERVED_INPUT_WITH_WEAK_PULLUP ;        ;              ;                     ; Column I/O   ;                 ; no       ; On           ;
; V19      ; 164        ; 4A       ; RESERVED_INPUT_WITH_WEAK_PULLUP ;        ;              ;                     ; Column I/O   ;                 ; no       ; On           ;
; V20      ; 169        ; 5A       ; RESERVED_INPUT_WITH_WEAK_PULLUP ;        ;              ;                     ; Row I/O      ;                 ; no       ; On           ;
; V21      ;            ; 5A       ; VCCIO5A                         ; power  ;              ; 3.3V                ; --           ;                 ; --       ; --           ;
; V22      ; 175        ; 5A       ; RESERVED_INPUT_WITH_WEAK_PULLUP ;        ;              ;                     ; Row I/O      ;                 ; no       ; On           ;
; V23      ; 183        ; 5B       ; HDMI_TX_D[0]                    ; output ; 3.3-V LVTTL  ;                     ; Row I/O      ; Y               ; no       ; Off          ;
; V24      ; 185        ; 5B       ; HDMI_TX_D[4]                    ; output ; 3.3-V LVTTL  ;                     ; Row I/O      ; Y               ; no       ; Off          ;
; V25      ; 197        ; 5B       ; HDMI_TX_D[5]                    ; output ; 3.3-V LVTTL  ;                     ; Row I/O      ; Y               ; no       ; Off          ;
; V26      ;            ;          ; GND                             ; gnd    ;              ;                     ; --           ;                 ; --       ; --           ;
; W1       ;            ;          ; GND                             ; gnd    ;              ;                     ; --           ;                 ; --       ; --           ;
; W2       ;            ;          ; GND                             ; gnd    ;              ;                     ; --           ;                 ; --       ; --           ;
; W3       ; 10         ; B1L      ; GXB_NC                          ;        ;              ;                     ; --           ;                 ; --       ; --           ;
; W4       ; 11         ; B1L      ; GXB_NC                          ;        ;              ;                     ; --           ;                 ; --       ; --           ;
; W5       ;            ;          ; GND                             ; gnd    ;              ;                     ; --           ;                 ; --       ; --           ;
; W6       ; 27         ; B0L      ; GND                             ;        ;              ;                     ; Row I/O      ;                 ; --       ; --           ;
; W7       ;            ; --       ; VCCA_FPLL                       ; power  ;              ; 2.5V                ; --           ;                 ; --       ; --           ;
; W8       ; 42         ; 3A       ; RESERVED_INPUT_WITH_WEAK_PULLUP ;        ;              ;                     ; Column I/O   ;                 ; no       ; On           ;
; W9       ;            ;          ; GND                             ; gnd    ;              ;                     ; --           ;                 ; --       ; --           ;
; W10      ; 69         ; 3B       ; LEDR[7]                         ; output ; 3.3-V LVTTL  ;                     ; Column I/O   ; N               ; no       ; Off          ;
; W11      ; 57         ; 3B       ; RESERVED_INPUT_WITH_WEAK_PULLUP ;        ;              ;                     ; Column I/O   ;                 ; no       ; On           ;
; W12      ; 97         ; 4A       ; LEDR[5]                         ; output ; 3.3-V LVTTL  ;                     ; Column I/O   ; N               ; no       ; Off          ;
; W13      ; 90         ; 4A       ; RESERVED_INPUT_WITH_WEAK_PULLUP ;        ;              ;                     ; Column I/O   ;                 ; no       ; On           ;
; W14      ;            ; 4A       ; VCCIO4A                         ; power  ;              ; 3.3V                ; --           ;                 ; --       ; --           ;
; W15      ; 122        ; 4A       ; RESERVED_INPUT_WITH_WEAK_PULLUP ;        ;              ;                     ; Column I/O   ;                 ; no       ; On           ;
; W16      ; 140        ; 4A       ; RESERVED_INPUT_WITH_WEAK_PULLUP ;        ;              ;                     ; Column I/O   ;                 ; no       ; On           ;
; W17      ; 138        ; 4A       ; RESERVED_INPUT_WITH_WEAK_PULLUP ;        ;              ;                     ; Column I/O   ;                 ; no       ; On           ;
; W18      ; 162        ; 4A       ; RESERVED_INPUT_WITH_WEAK_PULLUP ;        ;              ;                     ; Column I/O   ;                 ; no       ; On           ;
; W19      ;            ;          ; GND                             ; gnd    ;              ;                     ; --           ;                 ; --       ; --           ;
; W20      ; 171        ; 5A       ; RESERVED_INPUT_WITH_WEAK_PULLUP ;        ;              ;                     ; Row I/O      ;                 ; no       ; On           ;
; W21      ; 173        ; 5A       ; RESERVED_INPUT_WITH_WEAK_PULLUP ;        ;              ;                     ; Row I/O      ;                 ; no       ; On           ;
; W22      ;            ; --       ; VCCPGM                          ; power  ;              ; 1.8V/2.5V/3.0V/3.3V ; --           ;                 ; --       ; --           ;
; W23      ;            ; 5A       ; VREFB5AN0                       ; power  ;              ;                     ; --           ;                 ; --       ; --           ;
; W24      ;            ; 5B       ; VCCIO5B                         ; power  ;              ; 3.3V                ; --           ;                 ; --       ; --           ;
; W25      ; 207        ; 5B       ; HDMI_TX_D[2]                    ; output ; 3.3-V LVTTL  ;                     ; Row I/O      ; Y               ; no       ; Off          ;
; W26      ; 209        ; 5B       ; HDMI_TX_D[3]                    ; output ; 3.3-V LVTTL  ;                     ; Row I/O      ; Y               ; no       ; Off          ;
; Y1       ; 17         ; B0L      ; GND                             ;        ;              ;                     ; --           ;                 ; --       ; --           ;
; Y2       ; 16         ; B0L      ; GND                             ;        ;              ;                     ; --           ;                 ; --       ; --           ;
; Y3       ;            ;          ; GND                             ; gnd    ;              ;                     ; --           ;                 ; --       ; --           ;
; Y4       ;            ;          ; GND                             ; gnd    ;              ;                     ; --           ;                 ; --       ; --           ;
; Y5       ; 32         ; 3A       ; #TCK                            ; input  ;              ;                     ; --           ;                 ; --       ; --           ;
; Y6       ; 29         ; 3A       ; ^nCSO, DATA4                    ; input  ;              ;                     ; Weak Pull Up ;                 ; --       ; On           ;
; Y7       ;            ; 3A       ; VCCIO3A                         ; power  ;              ; 3.3V                ; --           ;                 ; --       ; --           ;
; Y8       ; 49         ; 3A       ; RESERVED_INPUT_WITH_WEAK_PULLUP ;        ;              ;                     ; Column I/O   ;                 ; no       ; On           ;
; Y9       ; 44         ; 3A       ; RESERVED_INPUT_WITH_WEAK_PULLUP ;        ;              ;                     ; Column I/O   ;                 ; no       ; On           ;
; Y10      ; 67         ; 3B       ; RESERVED_INPUT_WITH_WEAK_PULLUP ;        ;              ;                     ; Column I/O   ;                 ; no       ; On           ;
; Y11      ; 55         ; 3B       ; RESERVED_INPUT_WITH_WEAK_PULLUP ;        ;              ;                     ; Column I/O   ;                 ; no       ; On           ;
; Y12      ;            ;          ; GND                             ; gnd    ;              ;                     ; --           ;                 ; --       ; --           ;
; Y13      ; 95         ; 4A       ; RESERVED_INPUT_WITH_WEAK_PULLUP ;        ;              ;                     ; Column I/O   ;                 ; no       ; On           ;
; Y14      ; 89         ; 4A       ; RESERVED_INPUT_WITH_WEAK_PULLUP ;        ;              ;                     ; Column I/O   ;                 ; no       ; On           ;
; Y15      ; 116        ; 4A       ; KEY[2]                          ; input  ; 3.3-V LVTTL  ;                     ; Column I/O   ; Y               ; no       ; Off          ;
; Y16      ; 114        ; 4A       ; KEY[3]                          ; input  ; 3.3-V LVTTL  ;                     ; Column I/O   ; Y               ; no       ; Off          ;
; Y17      ;            ; 4A       ; VCCIO4A                         ; power  ;              ; 3.3V                ; --           ;                 ; --       ; --           ;
; Y18      ; 153        ; 4A       ; RESERVED_INPUT_WITH_WEAK_PULLUP ;        ;              ;                     ; Column I/O   ;                 ; no       ; On           ;
; Y19      ; 159        ; 4A       ; RESERVED_INPUT_WITH_WEAK_PULLUP ;        ;              ;                     ; Column I/O   ;                 ; no       ; On           ;
; Y20      ; 161        ; 4A       ; RESERVED_INPUT_WITH_WEAK_PULLUP ;        ;              ;                     ; Column I/O   ;                 ; no       ; On           ;
; Y21      ;            ; --       ; VCCA_FPLL                       ; power  ;              ; 2.5V                ; --           ;                 ; --       ; --           ;
; Y22      ;            ;          ; GND                             ; gnd    ;              ;                     ; --           ;                 ; --       ; --           ;
; Y23      ; 178        ; 5A       ; RESERVED_INPUT_WITH_WEAK_PULLUP ;        ;              ;                     ; Row I/O      ;                 ; no       ; On           ;
; Y24      ; 180        ; 5A       ; RESERVED_INPUT_WITH_WEAK_PULLUP ;        ;              ;                     ; Row I/O      ;                 ; no       ; On           ;
; Y25      ; 203        ; 5B       ; HDMI_TX_CLK                     ; output ; 3.3-V LVTTL  ;                     ; Row I/O      ; Y               ; no       ; Off          ;
; Y26      ; 205        ; 5B       ; HDMI_TX_DE                      ; output ; 3.3-V LVTTL  ;                     ; Row I/O      ; Y               ; no       ; Off          ;
+----------+------------+----------+---------------------------------+--------+--------------+---------------------+--------------+-----------------+----------+--------------+
Note: Pin directions (input, output or bidir) are based on device operating in user mode.


+--------------------------------------------------------------------------------------------------------------------------------------------+
; PLL Usage Summary                                                                                                                          ;
+---------------------------------------------------------------------------------------------------------------+----------------------------+
;                                                                                                               ;                            ;
+---------------------------------------------------------------------------------------------------------------+----------------------------+
; pll_25:pll_inst|pll_25_0002:pll_25_inst|altera_pll:altera_pll_i|general[0].gpll~FRACTIONAL_PLL                ;                            ;
;     -- PLL Type                                                                                               ; Integer PLL                ;
;     -- PLL Location                                                                                           ; FRACTIONALPLL_X68_Y1_N0    ;
;     -- PLL Feedback clock type                                                                                ; Global Clock               ;
;     -- PLL Bandwidth                                                                                          ; Auto                       ;
;     -- Reference Clock Frequency                                                                              ; 50.0 MHz                   ;
;     -- Reference Clock Sourced by                                                                             ; Dedicated Pin              ;
;     -- PLL VCO Frequency                                                                                      ; 300.0 MHz                  ;
;     -- PLL Operation Mode                                                                                     ; Normal                     ;
;     -- PLL Freq Min Lock                                                                                      ; N/A                        ;
;     -- PLL Freq Max Lock                                                                                      ; N/A                        ;
;     -- PLL Enable                                                                                             ; On                         ;
;     -- PLL Fractional Division                                                                                ; N/A                        ;
;     -- M Counter                                                                                              ; 6                          ;
;     -- N Counter                                                                                              ; 1                          ;
;     -- PLL Refclk Select                                                                                      ;                            ;
;             -- PLL Refclk Select Location                                                                     ; PLLREFCLKSELECT_X68_Y7_N0  ;
;             -- PLL Reference Clock Input 0 source                                                             ; clk_2                      ;
;             -- PLL Reference Clock Input 1 source                                                             ; ref_clk1                   ;
;             -- ADJPLLIN source                                                                                ; N/A                        ;
;             -- CORECLKIN source                                                                               ; N/A                        ;
;             -- IQTXRXCLKIN source                                                                             ; N/A                        ;
;             -- PLLIQCLKIN source                                                                              ; N/A                        ;
;             -- RXIQCLKIN source                                                                               ; N/A                        ;
;             -- CLKIN(0) source                                                                                ; N/A                        ;
;             -- CLKIN(1) source                                                                                ; N/A                        ;
;             -- CLKIN(2) source                                                                                ; FPGA_CLK_50~input          ;
;             -- CLKIN(3) source                                                                                ; N/A                        ;
;     -- PLL Output Counter                                                                                     ;                            ;
;         -- pll_25:pll_inst|pll_25_0002:pll_25_inst|altera_pll:altera_pll_i|general[0].gpll~PLL_OUTPUT_COUNTER ;                            ;
;             -- Output Clock Frequency                                                                         ; 25.0 MHz                   ;
;             -- Output Clock Location                                                                          ; PLLOUTPUTCOUNTER_X68_Y2_N1 ;
;             -- C Counter Odd Divider Even Duty Enable                                                         ; Off                        ;
;             -- Duty Cycle                                                                                     ; 50.0000                    ;
;             -- Phase Shift                                                                                    ; 0.000000 degrees           ;
;             -- C Counter                                                                                      ; 12                         ;
;             -- C Counter PH Mux PRST                                                                          ; 0                          ;
;             -- C Counter PRST                                                                                 ; 1                          ;
;                                                                                                               ;                            ;
+---------------------------------------------------------------------------------------------------------------+----------------------------+


+--------------------------------------------------------------------------------------------------------------------------------------------------------------------------------------------------------------------------------------------------------------------------------------------------------------------------------------------------------------------------------------------------------------------------------------------------------------------------------------------------------------------------------------+
; Fitter Resource Utilization by Entity                                                                                                                                                                                                                                                                                                                                                                                                                                                                                                ;
+------------------------------------------------------------------------+----------------------+----------------------------------+---------------------------------------------------+----------------------------------+----------------------+---------------------+---------------------------+---------------+-------------------+-------+------------+------+--------------+-------------------------------------------------------------------------------------------------------------------------------------+--------------+
; Compilation Hierarchy Node                                             ; ALMs needed [=A-B+C] ; [A] ALMs used in final placement ; [B] Estimate of ALMs recoverable by dense packing ; [C] Estimate of ALMs unavailable ; ALMs used for memory ; Combinational ALUTs ; Dedicated Logic Registers ; I/O Registers ; Block Memory Bits ; M10Ks ; DSP Blocks ; Pins ; Virtual Pins ; Full Hierarchy Name                                                                                                                 ; Library Name ;
+------------------------------------------------------------------------+----------------------+----------------------------------+---------------------------------------------------+----------------------------------+----------------------+---------------------+---------------------------+---------------+-------------------+-------+------------+------+--------------+-------------------------------------------------------------------------------------------------------------------------------------+--------------+
; |spaceInvaders                                                         ; 2021.5 (0.5)         ; 2044.5 (0.5)                     ; 39.0 (0.0)                                        ; 16.0 (0.0)                       ; 0.0 (0.0)            ; 3591 (1)            ; 283 (0)                   ; 0 (0)         ; 0                 ; 0     ; 0          ; 48   ; 0            ; |spaceInvaders                                                                                                                      ; work         ;
;    |adv7513_wrapper:i2c_init|                                          ; 113.0 (0.0)          ; 115.0 (0.0)                      ; 4.5 (0.0)                                         ; 2.5 (0.0)                        ; 0.0 (0.0)            ; 179 (0)             ; 109 (0)                   ; 0 (0)         ; 0                 ; 0     ; 0          ; 0    ; 0            ; |spaceInvaders|adv7513_wrapper:i2c_init                                                                                             ; work         ;
;       |I2C_CONTROLLER:i2c_inst|                                        ; 50.6 (50.6)          ; 53.0 (53.0)                      ; 2.4 (2.4)                                         ; 0.0 (0.0)                        ; 0.0 (0.0)            ; 82 (82)             ; 52 (52)                   ; 0 (0)         ; 0                 ; 0     ; 0          ; 0    ; 0            ; |spaceInvaders|adv7513_wrapper:i2c_init|I2C_CONTROLLER:i2c_inst                                                                     ; work         ;
;       |adv7513_setup:setup_inst|                                       ; 62.4 (51.0)          ; 62.0 (50.7)                      ; 2.1 (2.1)                                         ; 2.5 (2.5)                        ; 0.0 (0.0)            ; 97 (80)             ; 57 (57)                   ; 0 (0)         ; 0                 ; 0     ; 0          ; 0    ; 0            ; |spaceInvaders|adv7513_wrapper:i2c_init|adv7513_setup:setup_inst                                                                    ; work         ;
;          |setup_rom:setup_rom_inst|                                    ; 11.3 (11.3)          ; 11.3 (11.3)                      ; 0.0 (0.0)                                         ; 0.0 (0.0)                        ; 0.0 (0.0)            ; 17 (17)             ; 0 (0)                     ; 0 (0)         ; 0                 ; 0     ; 0          ; 0    ; 0            ; |spaceInvaders|adv7513_wrapper:i2c_init|adv7513_setup:setup_inst|setup_rom:setup_rom_inst                                           ; work         ;
;       |i2ciobuf:scl_buf|                                               ; 0.0 (0.0)            ; 0.0 (0.0)                        ; 0.0 (0.0)                                         ; 0.0 (0.0)                        ; 0.0 (0.0)            ; 0 (0)               ; 0 (0)                     ; 0 (0)         ; 0                 ; 0     ; 0          ; 0    ; 0            ; |spaceInvaders|adv7513_wrapper:i2c_init|i2ciobuf:scl_buf                                                                            ; work         ;
;          |i2ciobuf_iobuf_bidir_amo:i2ciobuf_iobuf_bidir_amo_component| ; 0.0 (0.0)            ; 0.0 (0.0)                        ; 0.0 (0.0)                                         ; 0.0 (0.0)                        ; 0.0 (0.0)            ; 0 (0)               ; 0 (0)                     ; 0 (0)         ; 0                 ; 0     ; 0          ; 0    ; 0            ; |spaceInvaders|adv7513_wrapper:i2c_init|i2ciobuf:scl_buf|i2ciobuf_iobuf_bidir_amo:i2ciobuf_iobuf_bidir_amo_component                ; work         ;
;       |i2ciobuf:sda_buf|                                               ; 0.0 (0.0)            ; 0.0 (0.0)                        ; 0.0 (0.0)                                         ; 0.0 (0.0)                        ; 0.0 (0.0)            ; 0 (0)               ; 0 (0)                     ; 0 (0)         ; 0                 ; 0     ; 0          ; 0    ; 0            ; |spaceInvaders|adv7513_wrapper:i2c_init|i2ciobuf:sda_buf                                                                            ; work         ;
;          |i2ciobuf_iobuf_bidir_amo:i2ciobuf_iobuf_bidir_amo_component| ; 0.0 (0.0)            ; 0.0 (0.0)                        ; 0.0 (0.0)                                         ; 0.0 (0.0)                        ; 0.0 (0.0)            ; 0 (0)               ; 0 (0)                     ; 0 (0)         ; 0                 ; 0     ; 0          ; 0    ; 0            ; |spaceInvaders|adv7513_wrapper:i2c_init|i2ciobuf:sda_buf|i2ciobuf_iobuf_bidir_amo:i2ciobuf_iobuf_bidir_amo_component                ; work         ;
;    |invadersImg:imagegen|                                              ; 1887.0 (988.5)       ; 1907.5 (1012.5)                  ; 34.0 (30.5)                                       ; 13.5 (6.5)                       ; 0.0 (0.0)            ; 3376 (1598)         ; 154 (154)                 ; 0 (0)         ; 0                 ; 0     ; 0          ; 0    ; 0            ; |spaceInvaders|invadersImg:imagegen                                                                                                 ; work         ;
;       |lpm_divide:Div0|                                                ; 61.0 (0.0)           ; 59.0 (0.0)                       ; 0.0 (0.0)                                         ; 2.0 (0.0)                        ; 0.0 (0.0)            ; 118 (0)             ; 0 (0)                     ; 0 (0)         ; 0                 ; 0     ; 0          ; 0    ; 0            ; |spaceInvaders|invadersImg:imagegen|lpm_divide:Div0                                                                                 ; work         ;
;          |lpm_divide_6dm:auto_generated|                               ; 61.0 (0.0)           ; 59.0 (0.0)                       ; 0.0 (0.0)                                         ; 2.0 (0.0)                        ; 0.0 (0.0)            ; 118 (0)             ; 0 (0)                     ; 0 (0)         ; 0                 ; 0     ; 0          ; 0    ; 0            ; |spaceInvaders|invadersImg:imagegen|lpm_divide:Div0|lpm_divide_6dm:auto_generated                                                   ; work         ;
;             |sign_div_unsign_cnh:divider|                              ; 61.0 (0.0)           ; 59.0 (0.0)                       ; 0.0 (0.0)                                         ; 2.0 (0.0)                        ; 0.0 (0.0)            ; 118 (0)             ; 0 (0)                     ; 0 (0)         ; 0                 ; 0     ; 0          ; 0    ; 0            ; |spaceInvaders|invadersImg:imagegen|lpm_divide:Div0|lpm_divide_6dm:auto_generated|sign_div_unsign_cnh:divider                       ; work         ;
;                |alt_u_div_u2f:divider|                                 ; 61.0 (61.0)          ; 59.0 (59.0)                      ; 0.0 (0.0)                                         ; 2.0 (2.0)                        ; 0.0 (0.0)            ; 118 (118)           ; 0 (0)                     ; 0 (0)         ; 0                 ; 0     ; 0          ; 0    ; 0            ; |spaceInvaders|invadersImg:imagegen|lpm_divide:Div0|lpm_divide_6dm:auto_generated|sign_div_unsign_cnh:divider|alt_u_div_u2f:divider ; work         ;
;       |lpm_divide:Div1|                                                ; 95.5 (0.0)           ; 95.0 (0.0)                       ; 0.0 (0.0)                                         ; 0.5 (0.0)                        ; 0.0 (0.0)            ; 190 (0)             ; 0 (0)                     ; 0 (0)         ; 0                 ; 0     ; 0          ; 0    ; 0            ; |spaceInvaders|invadersImg:imagegen|lpm_divide:Div1                                                                                 ; work         ;
;          |lpm_divide_2dm:auto_generated|                               ; 95.5 (0.0)           ; 95.0 (0.0)                       ; 0.0 (0.0)                                         ; 0.5 (0.0)                        ; 0.0 (0.0)            ; 190 (0)             ; 0 (0)                     ; 0 (0)         ; 0                 ; 0     ; 0          ; 0    ; 0            ; |spaceInvaders|invadersImg:imagegen|lpm_divide:Div1|lpm_divide_2dm:auto_generated                                                   ; work         ;
;             |sign_div_unsign_8nh:divider|                              ; 95.5 (0.0)           ; 95.0 (0.0)                       ; 0.0 (0.0)                                         ; 0.5 (0.0)                        ; 0.0 (0.0)            ; 190 (0)             ; 0 (0)                     ; 0 (0)         ; 0                 ; 0     ; 0          ; 0    ; 0            ; |spaceInvaders|invadersImg:imagegen|lpm_divide:Div1|lpm_divide_2dm:auto_generated|sign_div_unsign_8nh:divider                       ; work         ;
;                |alt_u_div_m2f:divider|                                 ; 95.5 (95.5)          ; 95.0 (95.0)                      ; 0.0 (0.0)                                         ; 0.5 (0.5)                        ; 0.0 (0.0)            ; 190 (190)           ; 0 (0)                     ; 0 (0)         ; 0                 ; 0     ; 0          ; 0    ; 0            ; |spaceInvaders|invadersImg:imagegen|lpm_divide:Div1|lpm_divide_2dm:auto_generated|sign_div_unsign_8nh:divider|alt_u_div_m2f:divider ; work         ;
;       |lpm_divide:Div2|                                                ; 96.0 (0.0)           ; 96.0 (0.0)                       ; 0.0 (0.0)                                         ; 0.0 (0.0)                        ; 0.0 (0.0)            ; 192 (0)             ; 0 (0)                     ; 0 (0)         ; 0                 ; 0     ; 0          ; 0    ; 0            ; |spaceInvaders|invadersImg:imagegen|lpm_divide:Div2                                                                                 ; work         ;
;          |lpm_divide_obm:auto_generated|                               ; 96.0 (0.0)           ; 96.0 (0.0)                       ; 0.0 (0.0)                                         ; 0.0 (0.0)                        ; 0.0 (0.0)            ; 192 (0)             ; 0 (0)                     ; 0 (0)         ; 0                 ; 0     ; 0          ; 0    ; 0            ; |spaceInvaders|invadersImg:imagegen|lpm_divide:Div2|lpm_divide_obm:auto_generated                                                   ; work         ;
;             |sign_div_unsign_ulh:divider|                              ; 96.0 (0.0)           ; 96.0 (0.0)                       ; 0.0 (0.0)                                         ; 0.0 (0.0)                        ; 0.0 (0.0)            ; 192 (0)             ; 0 (0)                     ; 0 (0)         ; 0                 ; 0     ; 0          ; 0    ; 0            ; |spaceInvaders|invadersImg:imagegen|lpm_divide:Div2|lpm_divide_obm:auto_generated|sign_div_unsign_ulh:divider                       ; work         ;
;                |alt_u_div_20f:divider|                                 ; 96.0 (96.0)          ; 96.0 (96.0)                      ; 0.0 (0.0)                                         ; 0.0 (0.0)                        ; 0.0 (0.0)            ; 192 (192)           ; 0 (0)                     ; 0 (0)         ; 0                 ; 0     ; 0          ; 0    ; 0            ; |spaceInvaders|invadersImg:imagegen|lpm_divide:Div2|lpm_divide_obm:auto_generated|sign_div_unsign_ulh:divider|alt_u_div_20f:divider ; work         ;
;       |lpm_divide:Div3|                                                ; 73.0 (0.0)           ; 73.0 (0.0)                       ; 0.0 (0.0)                                         ; 0.0 (0.0)                        ; 0.0 (0.0)            ; 146 (0)             ; 0 (0)                     ; 0 (0)         ; 0                 ; 0     ; 0          ; 0    ; 0            ; |spaceInvaders|invadersImg:imagegen|lpm_divide:Div3                                                                                 ; work         ;
;          |lpm_divide_lbm:auto_generated|                               ; 73.0 (0.0)           ; 73.0 (0.0)                       ; 0.0 (0.0)                                         ; 0.0 (0.0)                        ; 0.0 (0.0)            ; 146 (0)             ; 0 (0)                     ; 0 (0)         ; 0                 ; 0     ; 0          ; 0    ; 0            ; |spaceInvaders|invadersImg:imagegen|lpm_divide:Div3|lpm_divide_lbm:auto_generated                                                   ; work         ;
;             |sign_div_unsign_rlh:divider|                              ; 73.0 (0.0)           ; 73.0 (0.0)                       ; 0.0 (0.0)                                         ; 0.0 (0.0)                        ; 0.0 (0.0)            ; 146 (0)             ; 0 (0)                     ; 0 (0)         ; 0                 ; 0     ; 0          ; 0    ; 0            ; |spaceInvaders|invadersImg:imagegen|lpm_divide:Div3|lpm_divide_lbm:auto_generated|sign_div_unsign_rlh:divider                       ; work         ;
;                |alt_u_div_sve:divider|                                 ; 73.0 (73.0)          ; 73.0 (73.0)                      ; 0.0 (0.0)                                         ; 0.0 (0.0)                        ; 0.0 (0.0)            ; 146 (146)           ; 0 (0)                     ; 0 (0)         ; 0                 ; 0     ; 0          ; 0    ; 0            ; |spaceInvaders|invadersImg:imagegen|lpm_divide:Div3|lpm_divide_lbm:auto_generated|sign_div_unsign_rlh:divider|alt_u_div_sve:divider ; work         ;
;       |lpm_divide:Mod0|                                                ; 18.5 (0.0)           ; 18.5 (0.0)                       ; 0.0 (0.0)                                         ; 0.0 (0.0)                        ; 0.0 (0.0)            ; 36 (0)              ; 0 (0)                     ; 0 (0)         ; 0                 ; 0     ; 0          ; 0    ; 0            ; |spaceInvaders|invadersImg:imagegen|lpm_divide:Mod0                                                                                 ; work         ;
;          |lpm_divide_c5m:auto_generated|                               ; 18.5 (0.0)           ; 18.5 (0.0)                       ; 0.0 (0.0)                                         ; 0.0 (0.0)                        ; 0.0 (0.0)            ; 36 (0)              ; 0 (0)                     ; 0 (0)         ; 0                 ; 0     ; 0          ; 0    ; 0            ; |spaceInvaders|invadersImg:imagegen|lpm_divide:Mod0|lpm_divide_c5m:auto_generated                                                   ; work         ;
;             |sign_div_unsign_fnh:divider|                              ; 18.5 (0.0)           ; 18.5 (0.0)                       ; 0.0 (0.0)                                         ; 0.0 (0.0)                        ; 0.0 (0.0)            ; 36 (0)              ; 0 (0)                     ; 0 (0)         ; 0                 ; 0     ; 0          ; 0    ; 0            ; |spaceInvaders|invadersImg:imagegen|lpm_divide:Mod0|lpm_divide_c5m:auto_generated|sign_div_unsign_fnh:divider                       ; work         ;
;                |alt_u_div_43f:divider|                                 ; 18.5 (18.5)          ; 18.5 (18.5)                      ; 0.0 (0.0)                                         ; 0.0 (0.0)                        ; 0.0 (0.0)            ; 36 (36)             ; 0 (0)                     ; 0 (0)         ; 0                 ; 0     ; 0          ; 0    ; 0            ; |spaceInvaders|invadersImg:imagegen|lpm_divide:Mod0|lpm_divide_c5m:auto_generated|sign_div_unsign_fnh:divider|alt_u_div_43f:divider ; work         ;
;       |lpm_divide:Mod1|                                                ; 79.5 (0.0)           ; 80.5 (0.0)                       ; 1.5 (0.0)                                         ; 0.5 (0.0)                        ; 0.0 (0.0)            ; 157 (0)             ; 0 (0)                     ; 0 (0)         ; 0                 ; 0     ; 0          ; 0    ; 0            ; |spaceInvaders|invadersImg:imagegen|lpm_divide:Mod1                                                                                 ; work         ;
;          |lpm_divide_c5m:auto_generated|                               ; 79.5 (0.0)           ; 80.5 (0.0)                       ; 1.5 (0.0)                                         ; 0.5 (0.0)                        ; 0.0 (0.0)            ; 157 (0)             ; 0 (0)                     ; 0 (0)         ; 0                 ; 0     ; 0          ; 0    ; 0            ; |spaceInvaders|invadersImg:imagegen|lpm_divide:Mod1|lpm_divide_c5m:auto_generated                                                   ; work         ;
;             |sign_div_unsign_fnh:divider|                              ; 79.5 (0.0)           ; 80.5 (0.0)                       ; 1.5 (0.0)                                         ; 0.5 (0.0)                        ; 0.0 (0.0)            ; 157 (0)             ; 0 (0)                     ; 0 (0)         ; 0                 ; 0     ; 0          ; 0    ; 0            ; |spaceInvaders|invadersImg:imagegen|lpm_divide:Mod1|lpm_divide_c5m:auto_generated|sign_div_unsign_fnh:divider                       ; work         ;
;                |alt_u_div_43f:divider|                                 ; 79.5 (79.5)          ; 80.5 (80.5)                      ; 1.5 (1.5)                                         ; 0.5 (0.5)                        ; 0.0 (0.0)            ; 157 (157)           ; 0 (0)                     ; 0 (0)         ; 0                 ; 0     ; 0          ; 0    ; 0            ; |spaceInvaders|invadersImg:imagegen|lpm_divide:Mod1|lpm_divide_c5m:auto_generated|sign_div_unsign_fnh:divider|alt_u_div_43f:divider ; work         ;
;       |lpm_divide:Mod2|                                                ; 134.5 (0.0)          ; 134.5 (0.0)                      ; 1.5 (0.0)                                         ; 1.5 (0.0)                        ; 0.0 (0.0)            ; 263 (0)             ; 0 (0)                     ; 0 (0)         ; 0                 ; 0     ; 0          ; 0    ; 0            ; |spaceInvaders|invadersImg:imagegen|lpm_divide:Mod2                                                                                 ; work         ;
;          |lpm_divide_c5m:auto_generated|                               ; 134.5 (0.0)          ; 134.5 (0.0)                      ; 1.5 (0.0)                                         ; 1.5 (0.0)                        ; 0.0 (0.0)            ; 263 (0)             ; 0 (0)                     ; 0 (0)         ; 0                 ; 0     ; 0          ; 0    ; 0            ; |spaceInvaders|invadersImg:imagegen|lpm_divide:Mod2|lpm_divide_c5m:auto_generated                                                   ; work         ;
;             |sign_div_unsign_fnh:divider|                              ; 134.5 (0.0)          ; 134.5 (0.0)                      ; 1.5 (0.0)                                         ; 1.5 (0.0)                        ; 0.0 (0.0)            ; 263 (0)             ; 0 (0)                     ; 0 (0)         ; 0                 ; 0     ; 0          ; 0    ; 0            ; |spaceInvaders|invadersImg:imagegen|lpm_divide:Mod2|lpm_divide_c5m:auto_generated|sign_div_unsign_fnh:divider                       ; work         ;
;                |alt_u_div_43f:divider|                                 ; 134.5 (134.5)        ; 134.5 (134.5)                    ; 1.5 (1.5)                                         ; 1.5 (1.5)                        ; 0.0 (0.0)            ; 263 (263)           ; 0 (0)                     ; 0 (0)         ; 0                 ; 0     ; 0          ; 0    ; 0            ; |spaceInvaders|invadersImg:imagegen|lpm_divide:Mod2|lpm_divide_c5m:auto_generated|sign_div_unsign_fnh:divider|alt_u_div_43f:divider ; work         ;
;       |lpm_divide:Mod3|                                                ; 167.5 (0.0)          ; 166.0 (0.0)                      ; 0.5 (0.0)                                         ; 2.0 (0.0)                        ; 0.0 (0.0)            ; 331 (0)             ; 0 (0)                     ; 0 (0)         ; 0                 ; 0     ; 0          ; 0    ; 0            ; |spaceInvaders|invadersImg:imagegen|lpm_divide:Mod3                                                                                 ; work         ;
;          |lpm_divide_c5m:auto_generated|                               ; 167.5 (0.0)          ; 166.0 (0.0)                      ; 0.5 (0.0)                                         ; 2.0 (0.0)                        ; 0.0 (0.0)            ; 331 (0)             ; 0 (0)                     ; 0 (0)         ; 0                 ; 0     ; 0          ; 0    ; 0            ; |spaceInvaders|invadersImg:imagegen|lpm_divide:Mod3|lpm_divide_c5m:auto_generated                                                   ; work         ;
;             |sign_div_unsign_fnh:divider|                              ; 167.5 (0.0)          ; 166.0 (0.0)                      ; 0.5 (0.0)                                         ; 2.0 (0.0)                        ; 0.0 (0.0)            ; 331 (0)             ; 0 (0)                     ; 0 (0)         ; 0                 ; 0     ; 0          ; 0    ; 0            ; |spaceInvaders|invadersImg:imagegen|lpm_divide:Mod3|lpm_divide_c5m:auto_generated|sign_div_unsign_fnh:divider                       ; work         ;
;                |alt_u_div_43f:divider|                                 ; 167.5 (167.5)        ; 166.0 (166.0)                    ; 0.5 (0.5)                                         ; 2.0 (2.0)                        ; 0.0 (0.0)            ; 331 (331)           ; 0 (0)                     ; 0 (0)         ; 0                 ; 0     ; 0          ; 0    ; 0            ; |spaceInvaders|invadersImg:imagegen|lpm_divide:Mod3|lpm_divide_c5m:auto_generated|sign_div_unsign_fnh:divider|alt_u_div_43f:divider ; work         ;
;       |lpm_divide:Mod4|                                                ; 173.0 (0.0)          ; 172.5 (0.0)                      ; 0.0 (0.0)                                         ; 0.5 (0.0)                        ; 0.0 (0.0)            ; 345 (0)             ; 0 (0)                     ; 0 (0)         ; 0                 ; 0     ; 0          ; 0    ; 0            ; |spaceInvaders|invadersImg:imagegen|lpm_divide:Mod4                                                                                 ; work         ;
;          |lpm_divide_c5m:auto_generated|                               ; 173.0 (0.0)          ; 172.5 (0.0)                      ; 0.0 (0.0)                                         ; 0.5 (0.0)                        ; 0.0 (0.0)            ; 345 (0)             ; 0 (0)                     ; 0 (0)         ; 0                 ; 0     ; 0          ; 0    ; 0            ; |spaceInvaders|invadersImg:imagegen|lpm_divide:Mod4|lpm_divide_c5m:auto_generated                                                   ; work         ;
;             |sign_div_unsign_fnh:divider|                              ; 173.0 (0.0)          ; 172.5 (0.0)                      ; 0.0 (0.0)                                         ; 0.5 (0.0)                        ; 0.0 (0.0)            ; 345 (0)             ; 0 (0)                     ; 0 (0)         ; 0                 ; 0     ; 0          ; 0    ; 0            ; |spaceInvaders|invadersImg:imagegen|lpm_divide:Mod4|lpm_divide_c5m:auto_generated|sign_div_unsign_fnh:divider                       ; work         ;
;                |alt_u_div_43f:divider|                                 ; 173.0 (173.0)        ; 172.5 (172.5)                    ; 0.0 (0.0)                                         ; 0.5 (0.5)                        ; 0.0 (0.0)            ; 345 (345)           ; 0 (0)                     ; 0 (0)         ; 0                 ; 0     ; 0          ; 0    ; 0            ; |spaceInvaders|invadersImg:imagegen|lpm_divide:Mod4|lpm_divide_c5m:auto_generated|sign_div_unsign_fnh:divider|alt_u_div_43f:divider ; work         ;
;    |pll_25:pll_inst|                                                   ; 0.0 (0.0)            ; 0.0 (0.0)                        ; 0.0 (0.0)                                         ; 0.0 (0.0)                        ; 0.0 (0.0)            ; 0 (0)               ; 0 (0)                     ; 0 (0)         ; 0                 ; 0     ; 0          ; 0    ; 0            ; |spaceInvaders|pll_25:pll_inst                                                                                                      ; pll_25       ;
;       |pll_25_0002:pll_25_inst|                                        ; 0.0 (0.0)            ; 0.0 (0.0)                        ; 0.0 (0.0)                                         ; 0.0 (0.0)                        ; 0.0 (0.0)            ; 0 (0)               ; 0 (0)                     ; 0 (0)         ; 0                 ; 0     ; 0          ; 0    ; 0            ; |spaceInvaders|pll_25:pll_inst|pll_25_0002:pll_25_inst                                                                              ; pll_25       ;
;          |altera_pll:altera_pll_i|                                     ; 0.0 (0.0)            ; 0.0 (0.0)                        ; 0.0 (0.0)                                         ; 0.0 (0.0)                        ; 0.0 (0.0)            ; 0 (0)               ; 0 (0)                     ; 0 (0)         ; 0                 ; 0     ; 0          ; 0    ; 0            ; |spaceInvaders|pll_25:pll_inst|pll_25_0002:pll_25_inst|altera_pll:altera_pll_i                                                      ; work         ;
;    |spaceInvadersSync:vgasync|                                         ; 21.0 (21.0)          ; 21.5 (21.5)                      ; 0.5 (0.5)                                         ; 0.0 (0.0)                        ; 0.0 (0.0)            ; 35 (35)             ; 20 (20)                   ; 0 (0)         ; 0                 ; 0     ; 0          ; 0    ; 0            ; |spaceInvaders|spaceInvadersSync:vgasync                                                                                            ; work         ;
+------------------------------------------------------------------------+----------------------+----------------------------------+---------------------------------------------------+----------------------------------+----------------------+---------------------+---------------------------+---------------+-------------------+-------+------------+------+--------------+-------------------------------------------------------------------------------------------------------------------------------------+--------------+
Note: For table entries with two numbers listed, the numbers in parentheses indicate the number of resources of the given type used by the specific entity alone. The numbers listed outside of parentheses indicate the total resources of the given type used by the specific entity and all of its sub-entities in the hierarchy.


+------------------------------------------------------------------------------------------------------------------------------+
; Delay Chain Summary                                                                                                          ;
+---------------+----------+----+------+------+----+------+-------+--------+------------------------+--------------------------+
; Name          ; Pin Type ; D1 ; D3_0 ; D3_1 ; D4 ; D5   ; D5 OE ; D5 OCT ; T11 (Postamble Gating) ; T11 (Postamble Ungating) ;
+---------------+----------+----+------+------+----+------+-------+--------+------------------------+--------------------------+
; SW[1]         ; Input    ; -- ; --   ; --   ; -- ; --   ; --    ; --     ; --                     ; --                       ;
; HDMI_TX_CLK   ; Output   ; -- ; --   ; --   ; -- ; (0)  ; (31)  ; --     ; --                     ; --                       ;
; HDMI_TX_HSYNC ; Output   ; -- ; --   ; --   ; -- ; (0)  ; (31)  ; --     ; --                     ; --                       ;
; HDMI_TX_VSYNC ; Output   ; -- ; --   ; --   ; -- ; (0)  ; (31)  ; --     ; --                     ; --                       ;
; HDMI_TX_DE    ; Output   ; -- ; --   ; --   ; -- ; (0)  ; (31)  ; --     ; --                     ; --                       ;
; HDMI_TX_D[0]  ; Output   ; -- ; --   ; --   ; -- ; (0)  ; (31)  ; --     ; --                     ; --                       ;
; HDMI_TX_D[1]  ; Output   ; -- ; --   ; --   ; -- ; (0)  ; (31)  ; --     ; --                     ; --                       ;
; HDMI_TX_D[2]  ; Output   ; -- ; --   ; --   ; -- ; (0)  ; (31)  ; --     ; --                     ; --                       ;
; HDMI_TX_D[3]  ; Output   ; -- ; --   ; --   ; -- ; (0)  ; (31)  ; --     ; --                     ; --                       ;
; HDMI_TX_D[4]  ; Output   ; -- ; --   ; --   ; -- ; (0)  ; (31)  ; --     ; --                     ; --                       ;
; HDMI_TX_D[5]  ; Output   ; -- ; --   ; --   ; -- ; (0)  ; (31)  ; --     ; --                     ; --                       ;
; HDMI_TX_D[6]  ; Output   ; -- ; --   ; --   ; -- ; (0)  ; (31)  ; --     ; --                     ; --                       ;
; HDMI_TX_D[7]  ; Output   ; -- ; --   ; --   ; -- ; (0)  ; (31)  ; --     ; --                     ; --                       ;
; HDMI_TX_D[8]  ; Output   ; -- ; --   ; --   ; -- ; (0)  ; (31)  ; --     ; --                     ; --                       ;
; HDMI_TX_D[9]  ; Output   ; -- ; --   ; --   ; -- ; (0)  ; (31)  ; --     ; --                     ; --                       ;
; HDMI_TX_D[10] ; Output   ; -- ; --   ; --   ; -- ; (0)  ; (31)  ; --     ; --                     ; --                       ;
; HDMI_TX_D[11] ; Output   ; -- ; --   ; --   ; -- ; (0)  ; (31)  ; --     ; --                     ; --                       ;
; HDMI_TX_D[12] ; Output   ; -- ; --   ; --   ; -- ; (0)  ; (31)  ; --     ; --                     ; --                       ;
; HDMI_TX_D[13] ; Output   ; -- ; --   ; --   ; -- ; (0)  ; (31)  ; --     ; --                     ; --                       ;
; HDMI_TX_D[14] ; Output   ; -- ; --   ; --   ; -- ; (0)  ; (31)  ; --     ; --                     ; --                       ;
; HDMI_TX_D[15] ; Output   ; -- ; --   ; --   ; -- ; (0)  ; (31)  ; --     ; --                     ; --                       ;
; HDMI_TX_D[16] ; Output   ; -- ; --   ; --   ; -- ; (0)  ; (31)  ; --     ; --                     ; --                       ;
; HDMI_TX_D[17] ; Output   ; -- ; --   ; --   ; -- ; (0)  ; (31)  ; --     ; --                     ; --                       ;
; HDMI_TX_D[18] ; Output   ; -- ; --   ; --   ; -- ; (0)  ; (31)  ; --     ; --                     ; --                       ;
; HDMI_TX_D[19] ; Output   ; -- ; --   ; --   ; -- ; (0)  ; (31)  ; --     ; --                     ; --                       ;
; HDMI_TX_D[20] ; Output   ; -- ; --   ; --   ; -- ; (0)  ; (31)  ; --     ; --                     ; --                       ;
; HDMI_TX_D[21] ; Output   ; -- ; --   ; --   ; -- ; (0)  ; (31)  ; --     ; --                     ; --                       ;
; HDMI_TX_D[22] ; Output   ; -- ; --   ; --   ; -- ; (0)  ; (31)  ; --     ; --                     ; --                       ;
; HDMI_TX_D[23] ; Output   ; -- ; --   ; --   ; -- ; (0)  ; (31)  ; --     ; --                     ; --                       ;
; I2C_SCL       ; Output   ; -- ; --   ; --   ; -- ; (0)  ; (31)  ; --     ; --                     ; --                       ;
; LEDR[0]       ; Output   ; -- ; --   ; --   ; -- ; (0)  ; (31)  ; --     ; --                     ; --                       ;
; LEDR[1]       ; Output   ; -- ; --   ; --   ; -- ; (0)  ; (31)  ; --     ; --                     ; --                       ;
; LEDR[2]       ; Output   ; -- ; --   ; --   ; -- ; (0)  ; (31)  ; --     ; --                     ; --                       ;
; LEDR[3]       ; Output   ; -- ; --   ; --   ; -- ; (0)  ; (31)  ; --     ; --                     ; --                       ;
; LEDR[4]       ; Output   ; -- ; --   ; --   ; -- ; (0)  ; (31)  ; --     ; --                     ; --                       ;
; LEDR[5]       ; Output   ; -- ; --   ; --   ; -- ; (0)  ; (31)  ; --     ; --                     ; --                       ;
; LEDR[6]       ; Output   ; -- ; --   ; --   ; -- ; (0)  ; (31)  ; --     ; --                     ; --                       ;
; LEDR[7]       ; Output   ; -- ; --   ; --   ; -- ; (0)  ; (31)  ; --     ; --                     ; --                       ;
; LEDR[8]       ; Output   ; -- ; --   ; --   ; -- ; (0)  ; (31)  ; --     ; --                     ; --                       ;
; LEDR[9]       ; Output   ; -- ; --   ; --   ; -- ; (0)  ; (31)  ; --     ; --                     ; --                       ;
; I2C_SDA       ; Bidir    ; -- ; --   ; (0)  ; -- ; (0)  ; (31)  ; --     ; --                     ; --                       ;
; SW[0]         ; Input    ; -- ; (0)  ; --   ; -- ; --   ; --    ; --     ; --                     ; --                       ;
; FPGA_CLK_50   ; Input    ; -- ; (0)  ; --   ; -- ; --   ; --    ; --     ; --                     ; --                       ;
; KEY[3]        ; Input    ; -- ; --   ; (0)  ; -- ; --   ; --    ; --     ; --                     ; --                       ;
; KEY[4]        ; Input    ; -- ; --   ; (0)  ; -- ; --   ; --    ; --     ; --                     ; --                       ;
; KEY[1]        ; Input    ; -- ; (0)  ; --   ; -- ; --   ; --    ; --     ; --                     ; --                       ;
; KEY[0]        ; Input    ; -- ; --   ; (0)  ; -- ; --   ; --    ; --     ; --                     ; --                       ;
; KEY[2]        ; Input    ; -- ; --   ; (0)  ; -- ; --   ; --    ; --     ; --                     ; --                       ;
+---------------+----------+----+------+------+----+------+-------+--------+------------------------+--------------------------+


+------------------------------------------------------------------------------------------------------------+
; Pad To Core Delay Chain Fanout                                                                             ;
+------------------------------------------------------------------------------+-------------------+---------+
; Source Pin / Fanout                                                          ; Pad To Core Index ; Setting ;
+------------------------------------------------------------------------------+-------------------+---------+
; SW[1]                                                                        ;                   ;         ;
; I2C_SDA                                                                      ;                   ;         ;
;      - adv7513_wrapper:i2c_init|I2C_CONTROLLER:i2c_inst|Selector22~1         ; 1                 ; 0       ;
; SW[0]                                                                        ;                   ;         ;
;      - invadersImg:imagegen|tank_x[9]~1                                      ; 0                 ; 0       ;
;      - invadersImg:imagegen|pause_on~7                                       ; 0                 ; 0       ;
;      - invadersImg:imagegen|state.GAME_OVER                                  ; 0                 ; 0       ;
;      - invadersImg:imagegen|alien_invasion_gameover~0                        ; 0                 ; 0       ;
;      - invadersImg:imagegen|score[16]~114                                    ; 0                 ; 0       ;
;      - invadersImg:imagegen|aliens_alive[0][0]~0                             ; 0                 ; 0       ;
;      - invadersImg:imagegen|bullet_x[0]~0                                    ; 0                 ; 0       ;
;      - invadersImg:imagegen|bullet_y[8]~0                                    ; 0                 ; 0       ;
;      - invadersImg:imagegen|e_bullet_y[3]~3                                  ; 0                 ; 0       ;
;      - invadersImg:imagegen|e_bullet_x[0]~0                                  ; 0                 ; 0       ;
;      - invadersImg:imagegen|state~11                                         ; 0                 ; 0       ;
;      - invadersImg:imagegen|aliens_y_off[8]~0                                ; 0                 ; 0       ;
;      - invadersImg:imagegen|aliens_x_off[9]~2                                ; 0                 ; 0       ;
;      - invadersImg:imagegen|wave[3]~0                                        ; 0                 ; 0       ;
;      - invadersImg:imagegen|aliens_killed_count[5]~75                        ; 0                 ; 0       ;
;      - invadersImg:imagegen|shoot_timer[6]~1                                 ; 0                 ; 0       ;
; FPGA_CLK_50                                                                  ;                   ;         ;
; KEY[3]                                                                       ;                   ;         ;
;      - invadersImg:imagegen|alien_invasion_gameover~1                        ; 1                 ; 0       ;
;      - invadersImg:imagegen|Selector2~0                                      ; 1                 ; 0       ;
;      - invadersImg:imagegen|aliens_x_off[6]~0                                ; 1                 ; 0       ;
;      - invadersImg:imagegen|Selector2~1                                      ; 1                 ; 0       ;
;      - invadersImg:imagegen|state~11                                         ; 1                 ; 0       ;
;      - invadersImg:imagegen|aliens_dir~1                                     ; 1                 ; 0       ;
;      - invadersImg:imagegen|alien_timer[5]~1                                 ; 1                 ; 0       ;
; KEY[4]                                                                       ;                   ;         ;
;      - invadersImg:imagegen|alien_invasion_gameover                          ; 1                 ; 0       ;
;      - invadersImg:imagegen|e_bullet_active                                  ; 1                 ; 0       ;
;      - invadersImg:imagegen|bullet_active                                    ; 1                 ; 0       ;
;      - invadersImg:imagegen|tank_x[1]                                        ; 1                 ; 0       ;
;      - invadersImg:imagegen|tank_x[2]                                        ; 1                 ; 0       ;
;      - invadersImg:imagegen|tank_x[3]                                        ; 1                 ; 0       ;
;      - invadersImg:imagegen|tank_x[6]                                        ; 1                 ; 0       ;
;      - invadersImg:imagegen|tank_x[7]                                        ; 1                 ; 0       ;
;      - invadersImg:imagegen|tank_x[9]                                        ; 1                 ; 0       ;
;      - invadersImg:imagegen|score[12]                                        ; 1                 ; 0       ;
;      - invadersImg:imagegen|score[16]                                        ; 1                 ; 0       ;
;      - invadersImg:imagegen|score[3]                                         ; 1                 ; 0       ;
;      - invadersImg:imagegen|score[15]                                        ; 1                 ; 0       ;
;      - invadersImg:imagegen|score[14]                                        ; 1                 ; 0       ;
;      - invadersImg:imagegen|score[13]                                        ; 1                 ; 0       ;
;      - invadersImg:imagegen|score[1]                                         ; 1                 ; 0       ;
;      - invadersImg:imagegen|score[2]                                         ; 1                 ; 0       ;
;      - invadersImg:imagegen|score[4]                                         ; 1                 ; 0       ;
;      - invadersImg:imagegen|score[5]                                         ; 1                 ; 0       ;
;      - invadersImg:imagegen|score[6]                                         ; 1                 ; 0       ;
;      - invadersImg:imagegen|score[7]                                         ; 1                 ; 0       ;
;      - invadersImg:imagegen|score[8]                                         ; 1                 ; 0       ;
;      - invadersImg:imagegen|score[9]                                         ; 1                 ; 0       ;
;      - invadersImg:imagegen|score[10]                                        ; 1                 ; 0       ;
;      - invadersImg:imagegen|score[11]                                        ; 1                 ; 0       ;
;      - adv7513_wrapper:i2c_init|adv7513_setup:setup_inst|done                ; 1                 ; 0       ;
;      - adv7513_wrapper:i2c_init|I2C_CONTROLLER:i2c_inst|scl_o                ; 1                 ; 0       ;
;      - adv7513_wrapper:i2c_init|I2C_CONTROLLER:i2c_inst|scl_e                ; 1                 ; 0       ;
;      - adv7513_wrapper:i2c_init|I2C_CONTROLLER:i2c_inst|sda_o                ; 1                 ; 0       ;
;      - adv7513_wrapper:i2c_init|I2C_CONTROLLER:i2c_inst|sda_e                ; 1                 ; 0       ;
;      - invadersImg:imagegen|state.MENU                                       ; 1                 ; 0       ;
;      - invadersImg:imagegen|state.PLAYING                                    ; 1                 ; 0       ;
;      - invadersImg:imagegen|state.GAME_OVER                                  ; 1                 ; 0       ;
;      - invadersImg:imagegen|aliens_alive[0][0]                               ; 1                 ; 0       ;
;      - invadersImg:imagegen|aliens_alive[0][1]                               ; 1                 ; 0       ;
;      - invadersImg:imagegen|aliens_alive[0][2]                               ; 1                 ; 0       ;
;      - invadersImg:imagegen|aliens_alive[0][3]                               ; 1                 ; 0       ;
;      - invadersImg:imagegen|aliens_alive[0][4]                               ; 1                 ; 0       ;
;      - invadersImg:imagegen|aliens_alive[0][5]                               ; 1                 ; 0       ;
;      - invadersImg:imagegen|aliens_alive[0][6]                               ; 1                 ; 0       ;
;      - invadersImg:imagegen|aliens_alive[0][7]                               ; 1                 ; 0       ;
;      - invadersImg:imagegen|aliens_alive[1][0]                               ; 1                 ; 0       ;
;      - invadersImg:imagegen|aliens_alive[1][1]                               ; 1                 ; 0       ;
;      - invadersImg:imagegen|aliens_alive[1][2]                               ; 1                 ; 0       ;
;      - invadersImg:imagegen|aliens_alive[1][3]                               ; 1                 ; 0       ;
;      - invadersImg:imagegen|aliens_alive[1][4]                               ; 1                 ; 0       ;
;      - invadersImg:imagegen|aliens_alive[1][5]                               ; 1                 ; 0       ;
;      - invadersImg:imagegen|aliens_alive[1][6]                               ; 1                 ; 0       ;
;      - invadersImg:imagegen|aliens_alive[1][7]                               ; 1                 ; 0       ;
;      - invadersImg:imagegen|aliens_alive[2][0]                               ; 1                 ; 0       ;
;      - invadersImg:imagegen|aliens_alive[2][1]                               ; 1                 ; 0       ;
;      - invadersImg:imagegen|aliens_alive[2][2]                               ; 1                 ; 0       ;
;      - invadersImg:imagegen|aliens_alive[2][3]                               ; 1                 ; 0       ;
;      - invadersImg:imagegen|aliens_alive[2][4]                               ; 1                 ; 0       ;
;      - invadersImg:imagegen|aliens_alive[2][5]                               ; 1                 ; 0       ;
;      - invadersImg:imagegen|aliens_alive[2][6]                               ; 1                 ; 0       ;
;      - invadersImg:imagegen|aliens_alive[2][7]                               ; 1                 ; 0       ;
;      - invadersImg:imagegen|aliens_alive[3][0]                               ; 1                 ; 0       ;
;      - invadersImg:imagegen|aliens_alive[3][1]                               ; 1                 ; 0       ;
;      - invadersImg:imagegen|aliens_alive[3][2]                               ; 1                 ; 0       ;
;      - invadersImg:imagegen|aliens_alive[3][3]                               ; 1                 ; 0       ;
;      - invadersImg:imagegen|aliens_alive[3][4]                               ; 1                 ; 0       ;
;      - invadersImg:imagegen|aliens_alive[3][5]                               ; 1                 ; 0       ;
;      - invadersImg:imagegen|aliens_alive[3][6]                               ; 1                 ; 0       ;
;      - invadersImg:imagegen|aliens_alive[3][7]                               ; 1                 ; 0       ;
;      - invadersImg:imagegen|lives[0]                                         ; 1                 ; 0       ;
;      - invadersImg:imagegen|lives[1]                                         ; 1                 ; 0       ;
;      - invadersImg:imagegen|tank_x[8]                                        ; 1                 ; 0       ;
;      - invadersImg:imagegen|tank_x[5]                                        ; 1                 ; 0       ;
;      - invadersImg:imagegen|tank_x[4]                                        ; 1                 ; 0       ;
;      - invadersImg:imagegen|tank_x[0]                                        ; 1                 ; 0       ;
;      - invadersImg:imagegen|shoot_timer[6]                                   ; 1                 ; 0       ;
;      - invadersImg:imagegen|shoot_timer[5]                                   ; 1                 ; 0       ;
;      - invadersImg:imagegen|shoot_timer[4]                                   ; 1                 ; 0       ;
;      - invadersImg:imagegen|shoot_timer[3]                                   ; 1                 ; 0       ;
;      - invadersImg:imagegen|shoot_timer[2]                                   ; 1                 ; 0       ;
;      - invadersImg:imagegen|shoot_timer[1]                                   ; 1                 ; 0       ;
;      - invadersImg:imagegen|shoot_timer[0]                                   ; 1                 ; 0       ;
;      - invadersImg:imagegen|alien_timer[5]                                   ; 1                 ; 0       ;
;      - invadersImg:imagegen|alien_timer[4]                                   ; 1                 ; 0       ;
;      - invadersImg:imagegen|alien_timer[3]                                   ; 1                 ; 0       ;
;      - invadersImg:imagegen|alien_timer[2]                                   ; 1                 ; 0       ;
;      - invadersImg:imagegen|alien_timer[1]                                   ; 1                 ; 0       ;
;      - invadersImg:imagegen|alien_timer[0]                                   ; 1                 ; 0       ;
;      - invadersImg:imagegen|wave[1]                                          ; 1                 ; 0       ;
;      - invadersImg:imagegen|wave[2]                                          ; 1                 ; 0       ;
;      - adv7513_wrapper:i2c_init|adv7513_setup:setup_inst|cnt_wait[1]         ; 1                 ; 0       ;
;      - adv7513_wrapper:i2c_init|adv7513_setup:setup_inst|cnt_wait[2]         ; 1                 ; 0       ;
;      - adv7513_wrapper:i2c_init|adv7513_setup:setup_inst|cnt_wait[3]         ; 1                 ; 0       ;
;      - adv7513_wrapper:i2c_init|adv7513_setup:setup_inst|cnt_wait[4]         ; 1                 ; 0       ;
;      - adv7513_wrapper:i2c_init|adv7513_setup:setup_inst|cnt_wait[5]         ; 1                 ; 0       ;
;      - adv7513_wrapper:i2c_init|adv7513_setup:setup_inst|cnt_wait[6]         ; 1                 ; 0       ;
;      - adv7513_wrapper:i2c_init|adv7513_setup:setup_inst|cnt_wait[8]         ; 1                 ; 0       ;
;      - adv7513_wrapper:i2c_init|adv7513_setup:setup_inst|cnt_wait[11]        ; 1                 ; 0       ;
;      - adv7513_wrapper:i2c_init|adv7513_setup:setup_inst|cnt_wait[13]        ; 1                 ; 0       ;
;      - adv7513_wrapper:i2c_init|adv7513_setup:setup_inst|cnt_wait[14]        ; 1                 ; 0       ;
;      - adv7513_wrapper:i2c_init|adv7513_setup:setup_inst|cnt_wait[16]        ; 1                 ; 0       ;
;      - adv7513_wrapper:i2c_init|adv7513_setup:setup_inst|cnt_wait[17]        ; 1                 ; 0       ;
;      - adv7513_wrapper:i2c_init|adv7513_setup:setup_inst|cnt_wait[18]        ; 1                 ; 0       ;
;      - adv7513_wrapper:i2c_init|adv7513_setup:setup_inst|cnt_wait[21]        ; 1                 ; 0       ;
;      - adv7513_wrapper:i2c_init|adv7513_setup:setup_inst|cnt_wait[22]        ; 1                 ; 0       ;
;      - adv7513_wrapper:i2c_init|adv7513_setup:setup_inst|setup_state.S_WAIT  ; 1                 ; 0       ;
;      - invadersImg:imagegen|aliens_y_off[4]                                  ; 1                 ; 0       ;
;      - invadersImg:imagegen|aliens_y_off[3]                                  ; 1                 ; 0       ;
;      - invadersImg:imagegen|aliens_y_off[5]                                  ; 1                 ; 0       ;
;      - invadersImg:imagegen|aliens_y_off[6]                                  ; 1                 ; 0       ;
;      - invadersImg:imagegen|aliens_y_off[7]                                  ; 1                 ; 0       ;
;      - invadersImg:imagegen|aliens_y_off[8]                                  ; 1                 ; 0       ;
;      - invadersImg:imagegen|aliens_killed_count[5]                           ; 1                 ; 0       ;
;      - invadersImg:imagegen|aliens_killed_count[4]                           ; 1                 ; 0       ;
;      - invadersImg:imagegen|aliens_killed_count[3]                           ; 1                 ; 0       ;
;      - invadersImg:imagegen|aliens_killed_count[2]                           ; 1                 ; 0       ;
;      - invadersImg:imagegen|aliens_killed_count[1]                           ; 1                 ; 0       ;
;      - invadersImg:imagegen|aliens_killed_count[0]                           ; 1                 ; 0       ;
;      - invadersImg:imagegen|aliens_x_off[3]                                  ; 1                 ; 0       ;
;      - invadersImg:imagegen|aliens_x_off[9]                                  ; 1                 ; 0       ;
;      - invadersImg:imagegen|aliens_x_off[8]                                  ; 1                 ; 0       ;
;      - invadersImg:imagegen|aliens_x_off[7]                                  ; 1                 ; 0       ;
;      - invadersImg:imagegen|aliens_x_off[6]                                  ; 1                 ; 0       ;
;      - invadersImg:imagegen|aliens_x_off[5]                                  ; 1                 ; 0       ;
;      - invadersImg:imagegen|aliens_x_off[4]                                  ; 1                 ; 0       ;
;      - invadersImg:imagegen|aliens_y_off[2]                                  ; 1                 ; 0       ;
;      - invadersImg:imagegen|aliens_y_off[1]                                  ; 1                 ; 0       ;
;      - invadersImg:imagegen|aliens_y_off[0]                                  ; 1                 ; 0       ;
;      - invadersImg:imagegen|wave[3]                                          ; 1                 ; 0       ;
;      - invadersImg:imagegen|bullet_x[0]~0                                    ; 1                 ; 0       ;
;      - invadersImg:imagegen|bullet_y[8]~0                                    ; 1                 ; 0       ;
;      - invadersImg:imagegen|wave[0]                                          ; 1                 ; 0       ;
;      - invadersImg:imagegen|e_bullet_y[3]~3                                  ; 1                 ; 0       ;
;      - invadersImg:imagegen|e_bullet_x[0]~0                                  ; 1                 ; 0       ;
;      - adv7513_wrapper:i2c_init|adv7513_setup:setup_inst|setup_state.S_RESET ; 1                 ; 0       ;
;      - adv7513_wrapper:i2c_init|I2C_CONTROLLER:i2c_inst|state.S_RESET        ; 1                 ; 0       ;
;      - adv7513_wrapper:i2c_init|adv7513_setup:setup_inst|i2c_activate        ; 1                 ; 0       ;
;      - adv7513_wrapper:i2c_init|I2C_CONTROLLER:i2c_inst|sda_o~0              ; 1                 ; 0       ;
;      - invadersImg:imagegen|aliens_dir                                       ; 1                 ; 0       ;
;      - adv7513_wrapper:i2c_init|adv7513_setup:setup_inst|cnt_wait[15]        ; 1                 ; 0       ;
;      - adv7513_wrapper:i2c_init|adv7513_setup:setup_inst|cnt_wait[12]        ; 1                 ; 0       ;
;      - adv7513_wrapper:i2c_init|adv7513_setup:setup_inst|cnt_wait[10]        ; 1                 ; 0       ;
;      - adv7513_wrapper:i2c_init|adv7513_setup:setup_inst|cnt_wait[9]         ; 1                 ; 0       ;
;      - adv7513_wrapper:i2c_init|adv7513_setup:setup_inst|cnt_wait[0]         ; 1                 ; 0       ;
;      - adv7513_wrapper:i2c_init|adv7513_setup:setup_inst|cnt_wait[7]         ; 1                 ; 0       ;
;      - adv7513_wrapper:i2c_init|adv7513_setup:setup_inst|cnt_wait[23]        ; 1                 ; 0       ;
;      - adv7513_wrapper:i2c_init|adv7513_setup:setup_inst|cnt_wait[19]        ; 1                 ; 0       ;
;      - adv7513_wrapper:i2c_init|adv7513_setup:setup_inst|cnt_wait[20]        ; 1                 ; 0       ;
;      - adv7513_wrapper:i2c_init|adv7513_setup:setup_inst|busy_seen           ; 1                 ; 0       ;
;      - adv7513_wrapper:i2c_init|adv7513_setup:setup_inst|setup_state~15      ; 1                 ; 0       ;
;      - adv7513_wrapper:i2c_init|I2C_CONTROLLER:i2c_inst|state~24             ; 1                 ; 0       ;
;      - adv7513_wrapper:i2c_init|I2C_CONTROLLER:i2c_inst|state~25             ; 1                 ; 0       ;
;      - adv7513_wrapper:i2c_init|I2C_CONTROLLER:i2c_inst|state~30             ; 1                 ; 0       ;
;      - adv7513_wrapper:i2c_init|I2C_CONTROLLER:i2c_inst|state.S_IDLE~1       ; 1                 ; 0       ;
;      - adv7513_wrapper:i2c_init|I2C_CONTROLLER:i2c_inst|clk_div_cnt[1]~0     ; 1                 ; 0       ;
;      - adv7513_wrapper:i2c_init|I2C_CONTROLLER:i2c_inst|clk_div_cnt~1        ; 1                 ; 0       ;
;      - adv7513_wrapper:i2c_init|I2C_CONTROLLER:i2c_inst|sda_o~1              ; 1                 ; 0       ;
;      - adv7513_wrapper:i2c_init|I2C_CONTROLLER:i2c_inst|state~31             ; 1                 ; 0       ;
;      - adv7513_wrapper:i2c_init|I2C_CONTROLLER:i2c_inst|state~32             ; 1                 ; 0       ;
;      - adv7513_wrapper:i2c_init|I2C_CONTROLLER:i2c_inst|state~35             ; 1                 ; 0       ;
;      - adv7513_wrapper:i2c_init|I2C_CONTROLLER:i2c_inst|state.S_ADDRESS~0    ; 1                 ; 0       ;
;      - adv7513_wrapper:i2c_init|I2C_CONTROLLER:i2c_inst|state~36             ; 1                 ; 0       ;
;      - adv7513_wrapper:i2c_init|adv7513_setup:setup_inst|setup_state~17      ; 1                 ; 0       ;
;      - adv7513_wrapper:i2c_init|adv7513_setup:setup_inst|rom_step[2]~1       ; 1                 ; 0       ;
;      - adv7513_wrapper:i2c_init|I2C_CONTROLLER:i2c_inst|busy~0               ; 1                 ; 0       ;
;      - adv7513_wrapper:i2c_init|I2C_CONTROLLER:i2c_inst|byte_step[1]~0       ; 1                 ; 0       ;
;      - adv7513_wrapper:i2c_init|I2C_CONTROLLER:i2c_inst|k_data_repeat[0]~0   ; 1                 ; 0       ;
;      - adv7513_wrapper:i2c_init|I2C_CONTROLLER:i2c_inst|k_data[7]~1          ; 1                 ; 0       ;
;      - adv7513_wrapper:i2c_init|adv7513_setup:setup_inst|i2c_byte2[7]~1      ; 1                 ; 0       ;
; KEY[1]                                                                       ;                   ;         ;
;      - invadersImg:imagegen|bullet_x[0]~0                                    ; 0                 ; 0       ;
;      - invadersImg:imagegen|bullet_y[8]~0                                    ; 0                 ; 0       ;
;      - invadersImg:imagegen|Selector82~4                                     ; 0                 ; 0       ;
; KEY[0]                                                                       ;                   ;         ;
;      - invadersImg:imagegen|tank_x[9]~1                                      ; 1                 ; 0       ;
; KEY[2]                                                                       ;                   ;         ;
;      - invadersImg:imagegen|Add5~1                                           ; 1                 ; 0       ;
;      - invadersImg:imagegen|Add5~9                                           ; 1                 ; 0       ;
;      - invadersImg:imagegen|Add5~37                                          ; 1                 ; 0       ;
;      - invadersImg:imagegen|Add5~33                                          ; 1                 ; 0       ;
;      - invadersImg:imagegen|Add5~29                                          ; 1                 ; 0       ;
;      - invadersImg:imagegen|Add5~25                                          ; 1                 ; 0       ;
;      - invadersImg:imagegen|Add5~21                                          ; 1                 ; 0       ;
;      - invadersImg:imagegen|Add5~17                                          ; 1                 ; 0       ;
;      - invadersImg:imagegen|Add5~13                                          ; 1                 ; 0       ;
;      - invadersImg:imagegen|tank_x[9]~1                                      ; 1                 ; 0       ;
+------------------------------------------------------------------------------+-------------------+---------+


+------------------------------------------------------------------------------------------------------------------------------------------------------------------------------------------------------------------------------------------------+
; Control Signals                                                                                                                                                                                                                                ;
+--------------------------------------------------------------------------------+----------------------------+---------+-----------------------------------------+--------+----------------------+------------------+---------------------------+
; Name                                                                           ; Location                   ; Fan-Out ; Usage                                   ; Global ; Global Resource Used ; Global Line Name ; Enable Signal Source Name ;
+--------------------------------------------------------------------------------+----------------------------+---------+-----------------------------------------+--------+----------------------+------------------+---------------------------+
; FPGA_CLK_50                                                                    ; PIN_R20                    ; 109     ; Clock                                   ; yes    ; Global Clock         ; GCLK8            ; --                        ;
; KEY[4]                                                                         ; PIN_AB24                   ; 165     ; Async. clear, Clock enable, Sync. clear ; no     ; --                   ; --               ; --                        ;
; SW[0]                                                                          ; PIN_AC9                    ; 16      ; Clock enable                            ; no     ; --                   ; --               ; --                        ;
; adv7513_wrapper:i2c_init|I2C_CONTROLLER:i2c_inst|byte_step[1]~0                ; LABCELL_X23_Y34_N45        ; 7       ; Clock enable                            ; no     ; --                   ; --               ; --                        ;
; adv7513_wrapper:i2c_init|I2C_CONTROLLER:i2c_inst|clk_div_cnt[1]~0              ; LABCELL_X23_Y34_N18        ; 5       ; Sync. clear                             ; no     ; --                   ; --               ; --                        ;
; adv7513_wrapper:i2c_init|I2C_CONTROLLER:i2c_inst|k_data[7]~1                   ; LABCELL_X28_Y34_N3         ; 17      ; Clock enable                            ; no     ; --                   ; --               ; --                        ;
; adv7513_wrapper:i2c_init|I2C_CONTROLLER:i2c_inst|scl_e                         ; FF_X25_Y34_N37             ; 2       ; Output enable                           ; no     ; --                   ; --               ; --                        ;
; adv7513_wrapper:i2c_init|I2C_CONTROLLER:i2c_inst|sda_e                         ; FF_X25_Y34_N14             ; 3       ; Output enable                           ; no     ; --                   ; --               ; --                        ;
; adv7513_wrapper:i2c_init|I2C_CONTROLLER:i2c_inst|sda_o~0                       ; LABCELL_X23_Y34_N21        ; 3       ; Clock enable                            ; no     ; --                   ; --               ; --                        ;
; adv7513_wrapper:i2c_init|I2C_CONTROLLER:i2c_inst|sda_o~1                       ; LABCELL_X28_Y34_N33        ; 6       ; Clock enable                            ; no     ; --                   ; --               ; --                        ;
; adv7513_wrapper:i2c_init|I2C_CONTROLLER:i2c_inst|state~24                      ; LABCELL_X28_Y34_N15        ; 4       ; Clock enable                            ; no     ; --                   ; --               ; --                        ;
; adv7513_wrapper:i2c_init|adv7513_setup:setup_inst|i2c_byte2[7]~1               ; LABCELL_X28_Y35_N27        ; 17      ; Clock enable                            ; no     ; --                   ; --               ; --                        ;
; adv7513_wrapper:i2c_init|adv7513_setup:setup_inst|rom_step[2]~2                ; LABCELL_X28_Y35_N42        ; 8       ; Clock enable                            ; no     ; --                   ; --               ; --                        ;
; adv7513_wrapper:i2c_init|adv7513_setup:setup_inst|setup_state.S_BUSYWAIT       ; FF_X30_Y35_N26             ; 14      ; Sync. clear                             ; no     ; --                   ; --               ; --                        ;
; adv7513_wrapper:i2c_init|adv7513_setup:setup_inst|setup_state.S_WAIT           ; FF_X28_Y35_N20             ; 20      ; Sync. load                              ; no     ; --                   ; --               ; --                        ;
; invadersImg:imagegen|alien_timer[1]~0                                          ; MLABCELL_X42_Y29_N57       ; 6       ; Sync. clear                             ; no     ; --                   ; --               ; --                        ;
; invadersImg:imagegen|alien_timer[5]~1                                          ; LABCELL_X45_Y35_N51        ; 6       ; Clock enable                            ; no     ; --                   ; --               ; --                        ;
; invadersImg:imagegen|aliens_killed_count[5]~75                                 ; LABCELL_X41_Y34_N54        ; 6       ; Clock enable                            ; no     ; --                   ; --               ; --                        ;
; invadersImg:imagegen|aliens_x_off[9]~2                                         ; LABCELL_X48_Y33_N18        ; 7       ; Clock enable                            ; no     ; --                   ; --               ; --                        ;
; invadersImg:imagegen|aliens_y_off[8]~0                                         ; LABCELL_X48_Y33_N0         ; 9       ; Clock enable                            ; no     ; --                   ; --               ; --                        ;
; invadersImg:imagegen|bullet_active                                             ; FF_X43_Y33_N14             ; 90      ; Sync. load                              ; no     ; --                   ; --               ; --                        ;
; invadersImg:imagegen|bullet_x[0]~0                                             ; LABCELL_X35_Y37_N0         ; 10      ; Clock enable                            ; no     ; --                   ; --               ; --                        ;
; invadersImg:imagegen|bullet_y[8]~0                                             ; LABCELL_X35_Y37_N3         ; 9       ; Clock enable                            ; no     ; --                   ; --               ; --                        ;
; invadersImg:imagegen|e_bullet_active                                           ; FF_X46_Y35_N2              ; 16      ; Sync. load                              ; no     ; --                   ; --               ; --                        ;
; invadersImg:imagegen|e_bullet_active~2                                         ; LABCELL_X48_Y33_N12        ; 58      ; Sync. clear                             ; no     ; --                   ; --               ; --                        ;
; invadersImg:imagegen|e_bullet_x[0]~0                                           ; MLABCELL_X47_Y35_N21       ; 9       ; Clock enable                            ; no     ; --                   ; --               ; --                        ;
; invadersImg:imagegen|e_bullet_y[3]~3                                           ; MLABCELL_X47_Y35_N3        ; 9       ; Clock enable                            ; no     ; --                   ; --               ; --                        ;
; invadersImg:imagegen|score[16]~114                                             ; LABCELL_X38_Y34_N54        ; 16      ; Clock enable                            ; no     ; --                   ; --               ; --                        ;
; invadersImg:imagegen|shoot_timer[6]~0                                          ; LABCELL_X48_Y33_N24        ; 7       ; Sync. clear                             ; no     ; --                   ; --               ; --                        ;
; invadersImg:imagegen|shoot_timer[6]~1                                          ; LABCELL_X48_Y33_N54        ; 7       ; Clock enable                            ; no     ; --                   ; --               ; --                        ;
; invadersImg:imagegen|state.PLAYING                                             ; FF_X45_Y35_N44             ; 42      ; Sync. clear                             ; no     ; --                   ; --               ; --                        ;
; invadersImg:imagegen|state~11                                                  ; LABCELL_X45_Y35_N3         ; 2       ; Clock enable                            ; no     ; --                   ; --               ; --                        ;
; invadersImg:imagegen|tank_x[9]~1                                               ; LABCELL_X46_Y34_N0         ; 10      ; Clock enable                            ; no     ; --                   ; --               ; --                        ;
; invadersImg:imagegen|wave[3]~0                                                 ; LABCELL_X45_Y35_N12        ; 4       ; Clock enable                            ; no     ; --                   ; --               ; --                        ;
; pll_25:pll_inst|pll_25_0002:pll_25_inst|altera_pll:altera_pll_i|locked_wire[0] ; FRACTIONALPLL_X68_Y1_N0    ; 21      ; Async. clear                            ; no     ; --                   ; --               ; --                        ;
; pll_25:pll_inst|pll_25_0002:pll_25_inst|altera_pll:altera_pll_i|outclk_wire[0] ; PLLOUTPUTCOUNTER_X68_Y2_N1 ; 32      ; Clock                                   ; yes    ; Global Clock         ; GCLK10           ; --                        ;
; spaceInvadersSync:vgasync|Equal0~1                                             ; MLABCELL_X37_Y52_N42       ; 20      ; Clock enable, Sync. clear               ; no     ; --                   ; --               ; --                        ;
; spaceInvadersSync:vgasync|Equal1~1                                             ; LABCELL_X36_Y52_N24        ; 10      ; Sync. clear                             ; no     ; --                   ; --               ; --                        ;
; spaceInvadersSync:vgasync|frame_tick                                           ; LABCELL_X36_Y52_N12        ; 143     ; Clock                                   ; yes    ; Global Clock         ; GCLK12           ; --                        ;
+--------------------------------------------------------------------------------+----------------------------+---------+-----------------------------------------+--------+----------------------+------------------+---------------------------+


+-----------------------------------------------------------------------------------------------------------------------------------------------------------------------------------------------+
; Global & Other Fast Signals                                                                                                                                                                   ;
+----------------------------------------------------------------------------------+----------------------------+---------+----------------------+------------------+---------------------------+
; Name                                                                             ; Location                   ; Fan-Out ; Global Resource Used ; Global Line Name ; Enable Signal Source Name ;
+----------------------------------------------------------------------------------+----------------------------+---------+----------------------+------------------+---------------------------+
; FPGA_CLK_50                                                                      ; PIN_R20                    ; 109     ; Global Clock         ; GCLK8            ; --                        ;
; pll_25:pll_inst|pll_25_0002:pll_25_inst|altera_pll:altera_pll_i|fboutclk_wire[0] ; FRACTIONALPLL_X68_Y1_N0    ; 1       ; Global Clock         ; --               ; --                        ;
; pll_25:pll_inst|pll_25_0002:pll_25_inst|altera_pll:altera_pll_i|outclk_wire[0]   ; PLLOUTPUTCOUNTER_X68_Y2_N1 ; 32      ; Global Clock         ; GCLK10           ; --                        ;
; spaceInvadersSync:vgasync|frame_tick                                             ; LABCELL_X36_Y52_N12        ; 143     ; Global Clock         ; GCLK12           ; --                        ;
+----------------------------------------------------------------------------------+----------------------------+---------+----------------------+------------------+---------------------------+


+------------------------------------------------------------------------------------------------------------------------------------------------------------+
; Non-Global High Fan-Out Signals                                                                                                                            ;
+--------------------------------------------------------------------------------------------------------------------------------------------------+---------+
; Name                                                                                                                                             ; Fan-Out ;
+--------------------------------------------------------------------------------------------------------------------------------------------------+---------+
; KEY[4]~input                                                                                                                                     ; 165     ;
; invadersImg:imagegen|aliens_alive[3][3]                                                                                                          ; 94      ;
; invadersImg:imagegen|bullet_active                                                                                                               ; 90      ;
; invadersImg:imagegen|aliens_alive[3][4]                                                                                                          ; 80      ;
; invadersImg:imagegen|aliens_alive[3][2]                                                                                                          ; 80      ;
; invadersImg:imagegen|aliens_alive[3][5]                                                                                                          ; 61      ;
; invadersImg:imagegen|e_bullet_active~2                                                                                                           ; 58      ;
; invadersImg:imagegen|aliens_alive[3][1]                                                                                                          ; 56      ;
; invadersImg:imagegen|aliens_alive[3][0]                                                                                                          ; 49      ;
; invadersImg:imagegen|process_1~35                                                                                                                ; 48      ;
; invadersImg:imagegen|state.PLAYING                                                                                                               ; 42      ;
; invadersImg:imagegen|process_1~5                                                                                                                 ; 41      ;
; invadersImg:imagegen|aliens_alive[3][6]                                                                                                          ; 41      ;
; spaceInvadersSync:vgasync|h_count[6]                                                                                                             ; 41      ;
; spaceInvadersSync:vgasync|h_count[8]                                                                                                             ; 40      ;
; spaceInvadersSync:vgasync|v_count[4]                                                                                                             ; 39      ;
; invadersImg:imagegen|aliens_x_off[4]                                                                                                             ; 37      ;
; invadersImg:imagegen|aliens_x_off[5]                                                                                                             ; 37      ;
; invadersImg:imagegen|lpm_divide:Div0|lpm_divide_6dm:auto_generated|sign_div_unsign_cnh:divider|alt_u_div_u2f:divider|op_7~1                      ; 37      ;
; invadersImg:imagegen|lpm_divide:Mod4|lpm_divide_c5m:auto_generated|sign_div_unsign_fnh:divider|alt_u_div_43f:divider|op_7~1                      ; 37      ;
; invadersImg:imagegen|lpm_divide:Mod2|lpm_divide_c5m:auto_generated|sign_div_unsign_fnh:divider|alt_u_div_43f:divider|op_7~1                      ; 37      ;
; invadersImg:imagegen|lpm_divide:Mod3|lpm_divide_c5m:auto_generated|sign_div_unsign_fnh:divider|alt_u_div_43f:divider|op_7~1                      ; 37      ;
; spaceInvadersSync:vgasync|h_count[3]                                                                                                             ; 37      ;
; spaceInvadersSync:vgasync|h_count[7]                                                                                                             ; 37      ;
; spaceInvadersSync:vgasync|h_count[9]                                                                                                             ; 37      ;
; invadersImg:imagegen|aliens_x_off[8]                                                                                                             ; 36      ;
; invadersImg:imagegen|aliens_y_off[5]                                                                                                             ; 36      ;
; invadersImg:imagegen|lpm_divide:Div0|lpm_divide_6dm:auto_generated|sign_div_unsign_cnh:divider|alt_u_div_u2f:divider|add_sub_13_result_int[14]~1 ; 36      ;
; spaceInvadersSync:vgasync|v_count[0]                                                                                                             ; 36      ;
; spaceInvadersSync:vgasync|h_count[4]                                                                                                             ; 36      ;
; spaceInvadersSync:vgasync|h_count[5]                                                                                                             ; 36      ;
; invadersImg:imagegen|e_bullet_active~1                                                                                                           ; 35      ;
; invadersImg:imagegen|lpm_divide:Mod1|lpm_divide_c5m:auto_generated|sign_div_unsign_fnh:divider|alt_u_div_43f:divider|op_7~1                      ; 35      ;
; invadersImg:imagegen|lpm_divide:Mod4|lpm_divide_c5m:auto_generated|sign_div_unsign_fnh:divider|alt_u_div_43f:divider|op_6~1                      ; 35      ;
; invadersImg:imagegen|lpm_divide:Mod2|lpm_divide_c5m:auto_generated|sign_div_unsign_fnh:divider|alt_u_div_43f:divider|op_6~1                      ; 35      ;
; invadersImg:imagegen|lpm_divide:Mod3|lpm_divide_c5m:auto_generated|sign_div_unsign_fnh:divider|alt_u_div_43f:divider|op_6~1                      ; 35      ;
; invadersImg:imagegen|bullet_x[9]                                                                                                                 ; 34      ;
; spaceInvadersSync:vgasync|h_count[2]                                                                                                             ; 34      ;
; invadersImg:imagegen|bullet_active~25                                                                                                            ; 33      ;
; invadersImg:imagegen|process_1~43                                                                                                                ; 33      ;
; invadersImg:imagegen|bullet_active~0                                                                                                             ; 33      ;
; invadersImg:imagegen|aliens_x_off[7]                                                                                                             ; 33      ;
; invadersImg:imagegen|aliens_y_off[6]                                                                                                             ; 33      ;
; spaceInvadersSync:vgasync|v_count[3]                                                                                                             ; 33      ;
; invadersImg:imagegen|aliens_alive[0][0]~0                                                                                                        ; 32      ;
; invadersImg:imagegen|lpm_divide:Mod4|lpm_divide_c5m:auto_generated|sign_div_unsign_fnh:divider|alt_u_div_43f:divider|op_5~5                      ; 32      ;
; invadersImg:imagegen|lpm_divide:Mod2|lpm_divide_c5m:auto_generated|sign_div_unsign_fnh:divider|alt_u_div_43f:divider|op_5~5                      ; 32      ;
; invadersImg:imagegen|lpm_divide:Mod3|lpm_divide_c5m:auto_generated|sign_div_unsign_fnh:divider|alt_u_div_43f:divider|op_5~5                      ; 32      ;
; spaceInvadersSync:vgasync|h_count[1]                                                                                                             ; 32      ;
; spaceInvadersSync:vgasync|v_count[2]                                                                                                             ; 32      ;
; invadersImg:imagegen|bullet_x[7]                                                                                                                 ; 31      ;
; spaceInvadersSync:vgasync|v_count[5]                                                                                                             ; 31      ;
; invadersImg:imagegen|lpm_divide:Mod4|lpm_divide_c5m:auto_generated|sign_div_unsign_fnh:divider|alt_u_div_43f:divider|op_4~5                      ; 30      ;
; invadersImg:imagegen|lpm_divide:Mod2|lpm_divide_c5m:auto_generated|sign_div_unsign_fnh:divider|alt_u_div_43f:divider|op_4~5                      ; 30      ;
; invadersImg:imagegen|lpm_divide:Mod3|lpm_divide_c5m:auto_generated|sign_div_unsign_fnh:divider|alt_u_div_43f:divider|op_4~5                      ; 30      ;
; invadersImg:imagegen|aliens_x_off[6]                                                                                                             ; 30      ;
; spaceInvadersSync:vgasync|v_count[6]                                                                                                             ; 30      ;
; invadersImg:imagegen|process_1~51                                                                                                                ; 29      ;
; invadersImg:imagegen|aliens_y_off[7]                                                                                                             ; 29      ;
; spaceInvadersSync:vgasync|h_count[0]                                                                                                             ; 29      ;
; spaceInvadersSync:vgasync|v_count[7]                                                                                                             ; 29      ;
; invadersImg:imagegen|lpm_divide:Div1|lpm_divide_2dm:auto_generated|sign_div_unsign_8nh:divider|alt_u_div_m2f:divider|add_sub_9_result_int[10]~1  ; 28      ;
; invadersImg:imagegen|aliens_x_off[9]                                                                                                             ; 28      ;
; invadersImg:imagegen|lpm_divide:Mod1|lpm_divide_c5m:auto_generated|sign_div_unsign_fnh:divider|alt_u_div_43f:divider|op_5~1                      ; 27      ;
; invadersImg:imagegen|lpm_divide:Mod4|lpm_divide_c5m:auto_generated|sign_div_unsign_fnh:divider|alt_u_div_43f:divider|op_3~5                      ; 27      ;
; invadersImg:imagegen|lpm_divide:Mod2|lpm_divide_c5m:auto_generated|sign_div_unsign_fnh:divider|alt_u_div_43f:divider|op_3~5                      ; 27      ;
; invadersImg:imagegen|lpm_divide:Mod3|lpm_divide_c5m:auto_generated|sign_div_unsign_fnh:divider|alt_u_div_43f:divider|op_3~5                      ; 27      ;
; invadersImg:imagegen|aliens_y_off[4]                                                                                                             ; 27      ;
; invadersImg:imagegen|lpm_divide:Div1|lpm_divide_2dm:auto_generated|sign_div_unsign_8nh:divider|alt_u_div_m2f:divider|op_7~1                      ; 27      ;
; spaceInvadersSync:vgasync|v_count[1]                                                                                                             ; 27      ;
; invadersImg:imagegen|bullet_x[8]                                                                                                                 ; 26      ;
; invadersImg:imagegen|lpm_divide:Div1|lpm_divide_2dm:auto_generated|sign_div_unsign_8nh:divider|alt_u_div_m2f:divider|op_3~5                      ; 26      ;
; invadersImg:imagegen|lpm_divide:Div1|lpm_divide_2dm:auto_generated|sign_div_unsign_8nh:divider|alt_u_div_m2f:divider|op_4~5                      ; 26      ;
; invadersImg:imagegen|lpm_divide:Div1|lpm_divide_2dm:auto_generated|sign_div_unsign_8nh:divider|alt_u_div_m2f:divider|op_5~1                      ; 26      ;
; invadersImg:imagegen|lpm_divide:Mod1|lpm_divide_c5m:auto_generated|sign_div_unsign_fnh:divider|alt_u_div_43f:divider|op_6~1                      ; 26      ;
; invadersImg:imagegen|bullet_x[6]                                                                                                                 ; 25      ;
; invadersImg:imagegen|lpm_divide:Mod4|lpm_divide_c5m:auto_generated|sign_div_unsign_fnh:divider|alt_u_div_43f:divider|op_17~5                     ; 25      ;
; invadersImg:imagegen|lpm_divide:Mod3|lpm_divide_c5m:auto_generated|sign_div_unsign_fnh:divider|alt_u_div_43f:divider|op_17~5                     ; 25      ;
; invadersImg:imagegen|lpm_divide:Div1|lpm_divide_2dm:auto_generated|sign_div_unsign_8nh:divider|alt_u_div_m2f:divider|op_6~1                      ; 25      ;
; invadersImg:imagegen|bullet_active~24                                                                                                            ; 24      ;
; invadersImg:imagegen|bullet_x[5]                                                                                                                 ; 24      ;
; spaceInvadersSync:vgasync|v_count[8]                                                                                                             ; 24      ;
; spaceInvadersSync:vgasync|v_count[9]                                                                                                             ; 23      ;
; invadersImg:imagegen|process_1~64                                                                                                                ; 22      ;
; adv7513_wrapper:i2c_init|adv7513_setup:setup_inst|rom_step[4]                                                                                    ; 22      ;
; invadersImg:imagegen|lpm_divide:Mod4|lpm_divide_c5m:auto_generated|sign_div_unsign_fnh:divider|alt_u_div_43f:divider|op_16~5                     ; 22      ;
; invadersImg:imagegen|lpm_divide:Mod3|lpm_divide_c5m:auto_generated|sign_div_unsign_fnh:divider|alt_u_div_43f:divider|op_16~5                     ; 22      ;
; pll_25:pll_inst|pll_25_0002:pll_25_inst|altera_pll:altera_pll_i|locked_wire[0]                                                                   ; 21      ;
; adv7513_wrapper:i2c_init|adv7513_setup:setup_inst|Equal1~0                                                                                       ; 21      ;
; invadersImg:imagegen|lpm_divide:Mod2|lpm_divide_c5m:auto_generated|sign_div_unsign_fnh:divider|alt_u_div_43f:divider|op_16~5                     ; 21      ;
; invadersImg:imagegen|lpm_divide:Mod2|lpm_divide_c5m:auto_generated|sign_div_unsign_fnh:divider|alt_u_div_43f:divider|op_17~5                     ; 21      ;
; adv7513_wrapper:i2c_init|I2C_CONTROLLER:i2c_inst|WideOr5                                                                                         ; 20      ;
; adv7513_wrapper:i2c_init|adv7513_setup:setup_inst|setup_state.S_RESET                                                                            ; 20      ;
; spaceInvadersSync:vgasync|Equal0~1                                                                                                               ; 20      ;
; invadersImg:imagegen|aliens_alive[3][7]                                                                                                          ; 20      ;
; adv7513_wrapper:i2c_init|adv7513_setup:setup_inst|setup_state.S_WAIT                                                                             ; 20      ;
; invadersImg:imagegen|lpm_divide:Mod4|lpm_divide_c5m:auto_generated|sign_div_unsign_fnh:divider|alt_u_div_43f:divider|op_15~5                     ; 20      ;
; invadersImg:imagegen|lpm_divide:Div2|lpm_divide_obm:auto_generated|sign_div_unsign_ulh:divider|alt_u_div_20f:divider|add_sub_6_result_int[7]~1   ; 20      ;
; invadersImg:imagegen|lpm_divide:Mod3|lpm_divide_c5m:auto_generated|sign_div_unsign_fnh:divider|alt_u_div_43f:divider|op_15~5                     ; 20      ;
; invadersImg:imagegen|lpm_divide:Mod4|lpm_divide_c5m:auto_generated|sign_div_unsign_fnh:divider|alt_u_div_43f:divider|op_8~1                      ; 20      ;
; invadersImg:imagegen|score[12]~19                                                                                                                ; 19      ;
; invadersImg:imagegen|process_1~34                                                                                                                ; 19      ;
; invadersImg:imagegen|process_1~28                                                                                                                ; 19      ;
; invadersImg:imagegen|aliens_alive[2][7]                                                                                                          ; 19      ;
; invadersImg:imagegen|lpm_divide:Mod1|lpm_divide_c5m:auto_generated|sign_div_unsign_fnh:divider|alt_u_div_43f:divider|op_4~5                      ; 19      ;
; adv7513_wrapper:i2c_init|adv7513_setup:setup_inst|rom_step[3]                                                                                    ; 19      ;
; adv7513_wrapper:i2c_init|adv7513_setup:setup_inst|rom_step[2]                                                                                    ; 19      ;
; adv7513_wrapper:i2c_init|adv7513_setup:setup_inst|rom_step[0]                                                                                    ; 19      ;
; adv7513_wrapper:i2c_init|adv7513_setup:setup_inst|rom_step[1]                                                                                    ; 19      ;
; invadersImg:imagegen|lpm_divide:Div2|lpm_divide_obm:auto_generated|sign_div_unsign_ulh:divider|alt_u_div_20f:divider|op_15~1                     ; 19      ;
; invadersImg:imagegen|lpm_divide:Div2|lpm_divide_obm:auto_generated|sign_div_unsign_ulh:divider|alt_u_div_20f:divider|op_16~1                     ; 19      ;
; invadersImg:imagegen|lpm_divide:Div2|lpm_divide_obm:auto_generated|sign_div_unsign_ulh:divider|alt_u_div_20f:divider|op_3~1                      ; 19      ;
; invadersImg:imagegen|lpm_divide:Div2|lpm_divide_obm:auto_generated|sign_div_unsign_ulh:divider|alt_u_div_20f:divider|op_4~5                      ; 19      ;
; invadersImg:imagegen|lpm_divide:Div2|lpm_divide_obm:auto_generated|sign_div_unsign_ulh:divider|alt_u_div_20f:divider|op_5~1                      ; 19      ;
; invadersImg:imagegen|lpm_divide:Mod1|lpm_divide_c5m:auto_generated|sign_div_unsign_fnh:divider|alt_u_div_43f:divider|op_8~1                      ; 19      ;
; invadersImg:imagegen|lpm_divide:Div2|lpm_divide_obm:auto_generated|sign_div_unsign_ulh:divider|alt_u_div_20f:divider|op_7~1                      ; 19      ;
; invadersImg:imagegen|lpm_divide:Div2|lpm_divide_obm:auto_generated|sign_div_unsign_ulh:divider|alt_u_div_20f:divider|op_6~1                      ; 19      ;
; invadersImg:imagegen|lpm_divide:Mod2|lpm_divide_c5m:auto_generated|sign_div_unsign_fnh:divider|alt_u_div_43f:divider|op_8~1                      ; 19      ;
; invadersImg:imagegen|lpm_divide:Mod3|lpm_divide_c5m:auto_generated|sign_div_unsign_fnh:divider|alt_u_div_43f:divider|op_8~1                      ; 19      ;
; invadersImg:imagegen|process_1~82                                                                                                                ; 18      ;
; invadersImg:imagegen|process_1~77                                                                                                                ; 18      ;
; invadersImg:imagegen|tank_x[9]                                                                                                                   ; 18      ;
; invadersImg:imagegen|lpm_divide:Div2|lpm_divide_obm:auto_generated|sign_div_unsign_ulh:divider|alt_u_div_20f:divider|op_17~5                     ; 18      ;
; invadersImg:imagegen|aliens_x_off[3]                                                                                                             ; 18      ;
; adv7513_wrapper:i2c_init|adv7513_setup:setup_inst|i2c_byte2[7]~1                                                                                 ; 17      ;
; adv7513_wrapper:i2c_init|I2C_CONTROLLER:i2c_inst|k_data[7]~1                                                                                     ; 17      ;
; invadersImg:imagegen|aliens_killed_count[2]~8                                                                                                    ; 17      ;
; invadersImg:imagegen|bullet_active~38                                                                                                            ; 17      ;
; invadersImg:imagegen|bullet_x[4]                                                                                                                 ; 17      ;
; invadersImg:imagegen|tank_x[8]                                                                                                                   ; 17      ;
; invadersImg:imagegen|lpm_divide:Mod4|lpm_divide_c5m:auto_generated|sign_div_unsign_fnh:divider|alt_u_div_43f:divider|op_14~5                     ; 17      ;
; invadersImg:imagegen|lpm_divide:Mod3|lpm_divide_c5m:auto_generated|sign_div_unsign_fnh:divider|alt_u_div_43f:divider|op_14~5                     ; 17      ;
; invadersImg:imagegen|aliens_y_off[8]                                                                                                             ; 17      ;
; SW[0]~input                                                                                                                                      ; 16      ;
; invadersImg:imagegen|score[16]~114                                                                                                               ; 16      ;
; invadersImg:imagegen|process_1~72                                                                                                                ; 16      ;
; invadersImg:imagegen|e_bullet_active                                                                                                             ; 16      ;
; invadersImg:imagegen|lpm_divide:Mod2|lpm_divide_c5m:auto_generated|sign_div_unsign_fnh:divider|alt_u_div_43f:divider|op_15~5                     ; 16      ;
; invadersImg:imagegen|score[11]                                                                                                                   ; 16      ;
; invadersImg:imagegen|score[13]                                                                                                                   ; 16      ;
; invadersImg:imagegen|score[9]                                                                                                                    ; 16      ;
; invadersImg:imagegen|score[7]                                                                                                                    ; 16      ;
; invadersImg:imagegen|score[5]                                                                                                                    ; 16      ;
; invadersImg:imagegen|lpm_divide:Div0|lpm_divide_6dm:auto_generated|sign_div_unsign_cnh:divider|alt_u_div_u2f:divider|op_8~1                      ; 16      ;
; invadersImg:imagegen|score[3]                                                                                                                    ; 16      ;
; invadersImg:imagegen|score[2]                                                                                                                    ; 16      ;
; invadersImg:imagegen|aliens_killed_count[2]~1                                                                                                    ; 15      ;
; invadersImg:imagegen|score[15]                                                                                                                   ; 15      ;
; invadersImg:imagegen|lpm_divide:Mod4|lpm_divide_c5m:auto_generated|sign_div_unsign_fnh:divider|alt_u_div_43f:divider|op_13~5                     ; 15      ;
; invadersImg:imagegen|score[8]                                                                                                                    ; 15      ;
; invadersImg:imagegen|score[10]                                                                                                                   ; 15      ;
; invadersImg:imagegen|score[6]                                                                                                                    ; 15      ;
; invadersImg:imagegen|score[4]                                                                                                                    ; 15      ;
; invadersImg:imagegen|lpm_divide:Mod3|lpm_divide_c5m:auto_generated|sign_div_unsign_fnh:divider|alt_u_div_43f:divider|op_13~1                     ; 15      ;
; invadersImg:imagegen|wave[1]                                                                                                                     ; 15      ;
; adv7513_wrapper:i2c_init|I2C_CONTROLLER:i2c_inst|always0~0                                                                                       ; 14      ;
; adv7513_wrapper:i2c_init|adv7513_setup:setup_inst|setup_state.S_BUSYWAIT                                                                         ; 14      ;
; invadersImg:imagegen|wave[0]                                                                                                                     ; 14      ;
; invadersImg:imagegen|lpm_divide:Mod1|lpm_divide_c5m:auto_generated|sign_div_unsign_fnh:divider|alt_u_div_43f:divider|op_3~5                      ; 14      ;
; invadersImg:imagegen|score[14]                                                                                                                   ; 14      ;
; invadersImg:imagegen|score[12]                                                                                                                   ; 14      ;
; invadersImg:imagegen|lpm_divide:Mod3|lpm_divide_c5m:auto_generated|sign_div_unsign_fnh:divider|alt_u_div_43f:divider|add_sub_4_result_int[5]~5   ; 14      ;
; adv7513_wrapper:i2c_init|I2C_CONTROLLER:i2c_inst|state.S_POWERON                                                                                 ; 13      ;
; invadersImg:imagegen|process_1~85                                                                                                                ; 13      ;
; invadersImg:imagegen|aliens_alive[2][6]                                                                                                          ; 13      ;
; invadersImg:imagegen|aliens_alive[2][5]                                                                                                          ; 13      ;
; invadersImg:imagegen|lpm_divide:Div3|lpm_divide_lbm:auto_generated|sign_div_unsign_rlh:divider|alt_u_div_sve:divider|add_sub_3_result_int[4]~1   ; 13      ;
; invadersImg:imagegen|wave[2]                                                                                                                     ; 13      ;
; invadersImg:imagegen|aliens_y_off[3]                                                                                                             ; 13      ;
; invadersImg:imagegen|Add70~13                                                                                                                    ; 13      ;
; invadersImg:imagegen|Add73~13                                                                                                                    ; 13      ;
; invadersImg:imagegen|lpm_divide:Div1|lpm_divide_2dm:auto_generated|sign_div_unsign_8nh:divider|alt_u_div_m2f:divider|op_8~1                      ; 13      ;
; invadersImg:imagegen|score[1]                                                                                                                    ; 13      ;
; invadersImg:imagegen|Add76~13                                                                                                                    ; 13      ;
; adv7513_wrapper:i2c_init|I2C_CONTROLLER:i2c_inst|state.S_DATA2                                                                                   ; 12      ;
; adv7513_wrapper:i2c_init|I2C_CONTROLLER:i2c_inst|step[0]                                                                                         ; 12      ;
; invadersImg:imagegen|Add43~0                                                                                                                     ; 12      ;
; invadersImg:imagegen|process_1~27                                                                                                                ; 12      ;
; invadersImg:imagegen|process_1~13                                                                                                                ; 12      ;
; invadersImg:imagegen|lpm_divide:Mod4|lpm_divide_c5m:auto_generated|sign_div_unsign_fnh:divider|alt_u_div_43f:divider|op_12~5                     ; 12      ;
; invadersImg:imagegen|Add65~1                                                                                                                     ; 12      ;
; invadersImg:imagegen|Add63~1                                                                                                                     ; 12      ;
; invadersImg:imagegen|bullet_y[6]                                                                                                                 ; 12      ;
; invadersImg:imagegen|bullet_y[7]                                                                                                                 ; 12      ;
; invadersImg:imagegen|Add70~21                                                                                                                    ; 12      ;
; invadersImg:imagegen|Add70~5                                                                                                                     ; 12      ;
; invadersImg:imagegen|Add73~21                                                                                                                    ; 12      ;
; invadersImg:imagegen|Add73~5                                                                                                                     ; 12      ;
; invadersImg:imagegen|Add76~21                                                                                                                    ; 12      ;
; invadersImg:imagegen|Add76~5                                                                                                                     ; 12      ;
; adv7513_wrapper:i2c_init|I2C_CONTROLLER:i2c_inst|step[1]                                                                                         ; 11      ;
; adv7513_wrapper:i2c_init|I2C_CONTROLLER:i2c_inst|Equal0~0                                                                                        ; 11      ;
; invadersImg:imagegen|bullet_active~50                                                                                                            ; 11      ;
; invadersImg:imagegen|wave[3]                                                                                                                     ; 11      ;
; invadersImg:imagegen|score[12]~22                                                                                                                ; 11      ;
; invadersImg:imagegen|score[12]~4                                                                                                                 ; 11      ;
; invadersImg:imagegen|lpm_divide:Div3|lpm_divide_lbm:auto_generated|sign_div_unsign_rlh:divider|alt_u_div_sve:divider|op_12~1                     ; 11      ;
; invadersImg:imagegen|lpm_divide:Div3|lpm_divide_lbm:auto_generated|sign_div_unsign_rlh:divider|alt_u_div_sve:divider|op_13~1                     ; 11      ;
; invadersImg:imagegen|lpm_divide:Div3|lpm_divide_lbm:auto_generated|sign_div_unsign_rlh:divider|alt_u_div_sve:divider|op_14~1                     ; 11      ;
; invadersImg:imagegen|lpm_divide:Div3|lpm_divide_lbm:auto_generated|sign_div_unsign_rlh:divider|alt_u_div_sve:divider|op_15~1                     ; 11      ;
; invadersImg:imagegen|lpm_divide:Div3|lpm_divide_lbm:auto_generated|sign_div_unsign_rlh:divider|alt_u_div_sve:divider|op_16~1                     ; 11      ;
; invadersImg:imagegen|score[16]                                                                                                                   ; 11      ;
; invadersImg:imagegen|lpm_divide:Div3|lpm_divide_lbm:auto_generated|sign_div_unsign_rlh:divider|alt_u_div_sve:divider|op_17~1                     ; 11      ;
; invadersImg:imagegen|lpm_divide:Div3|lpm_divide_lbm:auto_generated|sign_div_unsign_rlh:divider|alt_u_div_sve:divider|op_3~1                      ; 11      ;
; invadersImg:imagegen|lpm_divide:Div3|lpm_divide_lbm:auto_generated|sign_div_unsign_rlh:divider|alt_u_div_sve:divider|op_4~1                      ; 11      ;
; invadersImg:imagegen|lpm_divide:Div3|lpm_divide_lbm:auto_generated|sign_div_unsign_rlh:divider|alt_u_div_sve:divider|op_5~1                      ; 11      ;
; invadersImg:imagegen|lpm_divide:Mod0|lpm_divide_c5m:auto_generated|sign_div_unsign_fnh:divider|alt_u_div_43f:divider|op_7~1                      ; 11      ;
; invadersImg:imagegen|lpm_divide:Div3|lpm_divide_lbm:auto_generated|sign_div_unsign_rlh:divider|alt_u_div_sve:divider|op_7~1                      ; 11      ;
; invadersImg:imagegen|lpm_divide:Div3|lpm_divide_lbm:auto_generated|sign_div_unsign_rlh:divider|alt_u_div_sve:divider|op_6~1                      ; 11      ;
; KEY[2]~input                                                                                                                                     ; 10      ;
; adv7513_wrapper:i2c_init|I2C_CONTROLLER:i2c_inst|state.S_RESET                                                                                   ; 10      ;
; invadersImg:imagegen|process_1~98                                                                                                                ; 10      ;
; invadersImg:imagegen|bullet_x[0]~0                                                                                                               ; 10      ;
; invadersImg:imagegen|process_1~38                                                                                                                ; 10      ;
; invadersImg:imagegen|score[12]~8                                                                                                                 ; 10      ;
; invadersImg:imagegen|score[12]~3                                                                                                                 ; 10      ;
; invadersImg:imagegen|bullet_x[3]                                                                                                                 ; 10      ;
; spaceInvadersSync:vgasync|Equal1~1                                                                                                               ; 10      ;
; invadersImg:imagegen|tank_x[9]~1                                                                                                                 ; 10      ;
; invadersImg:imagegen|lpm_divide:Mod4|lpm_divide_c5m:auto_generated|sign_div_unsign_fnh:divider|alt_u_div_43f:divider|add_sub_3_result_int[4]~1   ; 10      ;
; invadersImg:imagegen|bullet_y[5]                                                                                                                 ; 10      ;
; invadersImg:imagegen|Add70~17                                                                                                                    ; 10      ;
; invadersImg:imagegen|Add70~9                                                                                                                     ; 10      ;
; invadersImg:imagegen|Add73~17                                                                                                                    ; 10      ;
; invadersImg:imagegen|Add73~9                                                                                                                     ; 10      ;
; invadersImg:imagegen|lpm_divide:Div2|lpm_divide_obm:auto_generated|sign_div_unsign_ulh:divider|alt_u_div_20f:divider|op_8~1                      ; 10      ;
; invadersImg:imagegen|Add76~17                                                                                                                    ; 10      ;
; invadersImg:imagegen|Add76~9                                                                                                                     ; 10      ;
; invadersImg:imagegen|Add68~17                                                                                                                    ; 10      ;
; invadersImg:imagegen|Add68~13                                                                                                                    ; 10      ;
; invadersImg:imagegen|Add79~21                                                                                                                    ; 10      ;
; invadersImg:imagegen|Add79~5                                                                                                                     ; 10      ;
; invadersImg:imagegen|Add79~1                                                                                                                     ; 10      ;
; adv7513_wrapper:i2c_init|adv7513_setup:setup_inst|Selector31~0                                                                                   ; 9       ;
; adv7513_wrapper:i2c_init|adv7513_setup:setup_inst|rom_step[2]~0                                                                                  ; 9       ;
; invadersImg:imagegen|aliens_killed_count[2]~17                                                                                                   ; 9       ;
; invadersImg:imagegen|aliens_y_off[8]~0                                                                                                           ; 9       ;
; invadersImg:imagegen|aliens_dir                                                                                                                  ; 9       ;
; adv7513_wrapper:i2c_init|I2C_CONTROLLER:i2c_inst|state.S_DATA1                                                                                   ; 9       ;
; adv7513_wrapper:i2c_init|I2C_CONTROLLER:i2c_inst|state.S_ADDRESS                                                                                 ; 9       ;
; adv7513_wrapper:i2c_init|I2C_CONTROLLER:i2c_inst|state.S_IDLE                                                                                    ; 9       ;
; invadersImg:imagegen|LessThan4~1                                                                                                                 ; 9       ;
; invadersImg:imagegen|e_bullet_x[0]~0                                                                                                             ; 9       ;
; invadersImg:imagegen|e_bullet_y[3]~3                                                                                                             ; 9       ;
; invadersImg:imagegen|bullet_y[8]~0                                                                                                               ; 9       ;
; invadersImg:imagegen|Equal1~0                                                                                                                    ; 9       ;
; invadersImg:imagegen|process_1~76                                                                                                                ; 9       ;
; invadersImg:imagegen|bullet_active~1                                                                                                             ; 9       ;
; invadersImg:imagegen|tank_x[3]                                                                                                                   ; 9       ;
; invadersImg:imagegen|tank_x[4]                                                                                                                   ; 9       ;
; invadersImg:imagegen|tank_x[5]                                                                                                                   ; 9       ;
; invadersImg:imagegen|tank_x[6]                                                                                                                   ; 9       ;
; invadersImg:imagegen|tank_x[7]                                                                                                                   ; 9       ;
; invadersImg:imagegen|tank_x[2]                                                                                                                   ; 9       ;
; invadersImg:imagegen|lpm_divide:Mod3|lpm_divide_c5m:auto_generated|sign_div_unsign_fnh:divider|alt_u_div_43f:divider|StageOut[273]~1             ; 9       ;
; invadersImg:imagegen|lpm_divide:Mod3|lpm_divide_c5m:auto_generated|sign_div_unsign_fnh:divider|alt_u_div_43f:divider|StageOut[272]~0             ; 9       ;
; invadersImg:imagegen|score[12]~147                                                                                                               ; 9       ;
; invadersImg:imagegen|Add70~1                                                                                                                     ; 9       ;
; invadersImg:imagegen|Add73~1                                                                                                                     ; 9       ;
; invadersImg:imagegen|Add76~1                                                                                                                     ; 9       ;
; invadersImg:imagegen|lfsr[1]~DUPLICATE                                                                                                           ; 8       ;
; invadersImg:imagegen|lfsr[0]~DUPLICATE                                                                                                           ; 8       ;
; adv7513_wrapper:i2c_init|adv7513_setup:setup_inst|rom_step[2]~2                                                                                  ; 8       ;
; invadersImg:imagegen|aliens_killed_count[2]~20                                                                                                   ; 8       ;
; invadersImg:imagegen|lfsr[0]                                                                                                                     ; 8       ;
; invadersImg:imagegen|bullet_active~21                                                                                                            ; 8       ;
; invadersImg:imagegen|score[12]~39                                                                                                                ; 8       ;
; invadersImg:imagegen|bullet_active~15                                                                                                            ; 8       ;
; invadersImg:imagegen|process_1~86                                                                                                                ; 8       ;
; invadersImg:imagegen|process_1~78                                                                                                                ; 8       ;
; invadersImg:imagegen|Add51~0                                                                                                                     ; 8       ;
; invadersImg:imagegen|alien_invasion_gameover~0                                                                                                   ; 8       ;
; invadersImg:imagegen|green_out[2]~2                                                                                                              ; 8       ;
; invadersImg:imagegen|blue_out[2]~5                                                                                                               ; 8       ;
; invadersImg:imagegen|tank_x[0]                                                                                                                   ; 8       ;
; invadersImg:imagegen|tank_x[1]                                                                                                                   ; 8       ;
; invadersImg:imagegen|lives[0]                                                                                                                    ; 8       ;
; invadersImg:imagegen|red_out[2]~1                                                                                                                ; 8       ;
; invadersImg:imagegen|aliens_y_off[0]                                                                                                             ; 8       ;
; invadersImg:imagegen|aliens_y_off[1]                                                                                                             ; 8       ;
; invadersImg:imagegen|aliens_y_off[2]                                                                                                             ; 8       ;
; invadersImg:imagegen|bullet_y[3]                                                                                                                 ; 8       ;
; invadersImg:imagegen|bullet_y[4]                                                                                                                 ; 8       ;
; invadersImg:imagegen|bullet_y[8]                                                                                                                 ; 8       ;
; invadersImg:imagegen|lpm_divide:Mod0|lpm_divide_c5m:auto_generated|sign_div_unsign_fnh:divider|alt_u_div_43f:divider|op_8~5                      ; 8       ;
; KEY[3]~input                                                                                                                                     ; 7       ;
; adv7513_wrapper:i2c_init|I2C_CONTROLLER:i2c_inst|byte_step[1]~0                                                                                  ; 7       ;
; adv7513_wrapper:i2c_init|I2C_CONTROLLER:i2c_inst|busy                                                                                            ; 7       ;
; adv7513_wrapper:i2c_init|adv7513_setup:setup_inst|setup_state.S_SEND                                                                             ; 7       ;
; invadersImg:imagegen|shoot_timer[6]~1                                                                                                            ; 7       ;
; invadersImg:imagegen|shoot_timer[6]~0                                                                                                            ; 7       ;
; invadersImg:imagegen|aliens_x_off[9]~2                                                                                                           ; 7       ;
; adv7513_wrapper:i2c_init|I2C_CONTROLLER:i2c_inst|state.S_START                                                                                   ; 7       ;
; invadersImg:imagegen|lfsr[1]                                                                                                                     ; 7       ;
; invadersImg:imagegen|bullet_active~96                                                                                                            ; 7       ;
; invadersImg:imagegen|score[12]~115                                                                                                               ; 7       ;
; invadersImg:imagegen|Add47~0                                                                                                                     ; 7       ;
; invadersImg:imagegen|process_1~63                                                                                                                ; 7       ;
; invadersImg:imagegen|process_1~50                                                                                                                ; 7       ;
; invadersImg:imagegen|bullet_x[1]                                                                                                                 ; 7       ;
; invadersImg:imagegen|bullet_x[2]                                                                                                                 ; 7       ;
; invadersImg:imagegen|aliens_alive[2][1]                                                                                                          ; 7       ;
; invadersImg:imagegen|aliens_alive[2][0]                                                                                                          ; 7       ;
; invadersImg:imagegen|aliens_alive[1][1]                                                                                                          ; 7       ;
; invadersImg:imagegen|aliens_alive[1][6]                                                                                                          ; 7       ;
; invadersImg:imagegen|aliens_alive[1][0]                                                                                                          ; 7       ;
; invadersImg:imagegen|aliens_alive[1][7]                                                                                                          ; 7       ;
; invadersImg:imagegen|LessThan90~1                                                                                                                ; 7       ;
; invadersImg:imagegen|aliens_alive[0][7]                                                                                                          ; 7       ;
; invadersImg:imagegen|aliens_alive[0][1]                                                                                                          ; 7       ;
; invadersImg:imagegen|aliens_alive[0][6]                                                                                                          ; 7       ;
; invadersImg:imagegen|aliens_alive[0][5]                                                                                                          ; 7       ;
; invadersImg:imagegen|aliens_alive[0][3]                                                                                                          ; 7       ;
; spaceInvadersSync:vgasync|frame_tick~2                                                                                                           ; 7       ;
; invadersImg:imagegen|lives[1]                                                                                                                    ; 7       ;
; invadersImg:imagegen|Mux12~2                                                                                                                     ; 7       ;
; invadersImg:imagegen|Mux11~2                                                                                                                     ; 7       ;
; invadersImg:imagegen|bullet_y[1]                                                                                                                 ; 7       ;
; invadersImg:imagegen|Add54~1                                                                                                                     ; 7       ;
; invadersImg:imagegen|lpm_divide:Div3|lpm_divide_lbm:auto_generated|sign_div_unsign_rlh:divider|alt_u_div_sve:divider|op_8~1                      ; 7       ;
; invadersImg:imagegen|Add79~17                                                                                                                    ; 7       ;
; invadersImg:imagegen|Add79~9                                                                                                                     ; 7       ;
; adv7513_wrapper:i2c_init|I2C_CONTROLLER:i2c_inst|byte_idx[2]                                                                                     ; 6       ;
; invadersImg:imagegen|alien_timer[5]~1                                                                                                            ; 6       ;
; invadersImg:imagegen|alien_timer[1]~0                                                                                                            ; 6       ;
; adv7513_wrapper:i2c_init|I2C_CONTROLLER:i2c_inst|sda_o~1                                                                                         ; 6       ;
; adv7513_wrapper:i2c_init|I2C_CONTROLLER:i2c_inst|state~26                                                                                        ; 6       ;
; adv7513_wrapper:i2c_init|I2C_CONTROLLER:i2c_inst|poweron_counter[0]                                                                              ; 6       ;
; adv7513_wrapper:i2c_init|I2C_CONTROLLER:i2c_inst|byte_step[0]                                                                                    ; 6       ;
; invadersImg:imagegen|aliens_killed_count[5]~75                                                                                                   ; 6       ;
; invadersImg:imagegen|aliens_killed_count[2]~16                                                                                                   ; 6       ;
; adv7513_wrapper:i2c_init|adv7513_setup:setup_inst|i2c_activate                                                                                   ; 6       ;
; invadersImg:imagegen|lfsr[2]                                                                                                                     ; 6       ;
; invadersImg:imagegen|bullet_active~86                                                                                                            ; 6       ;
; invadersImg:imagegen|aliens_killed_count[2]~3                                                                                                    ; 6       ;
; invadersImg:imagegen|bullet_active~42                                                                                                            ; 6       ;
; invadersImg:imagegen|bullet_active~41                                                                                                            ; 6       ;
; invadersImg:imagegen|bullet_active~22                                                                                                            ; 6       ;
; invadersImg:imagegen|process_1~91                                                                                                                ; 6       ;
; invadersImg:imagegen|process_1~89                                                                                                                ; 6       ;
; invadersImg:imagegen|process_1~81                                                                                                                ; 6       ;
; invadersImg:imagegen|LessThan12~0                                                                                                                ; 6       ;
; invadersImg:imagegen|aliens_x_off[6]~0                                                                                                           ; 6       ;
; invadersImg:imagegen|Add69~2                                                                                                                     ; 6       ;
; invadersImg:imagegen|Add69~1                                                                                                                     ; 6       ;
; invadersImg:imagegen|Add69~0                                                                                                                     ; 6       ;
; invadersImg:imagegen|e_bullet_x[9]                                                                                                               ; 6       ;
; invadersImg:imagegen|aliens_alive[2][3]                                                                                                          ; 6       ;
; invadersImg:imagegen|aliens_alive[2][4]                                                                                                          ; 6       ;
; invadersImg:imagegen|aliens_alive[2][2]                                                                                                          ; 6       ;
; invadersImg:imagegen|aliens_alive[1][3]                                                                                                          ; 6       ;
; invadersImg:imagegen|aliens_alive[1][4]                                                                                                          ; 6       ;
; invadersImg:imagegen|aliens_alive[1][2]                                                                                                          ; 6       ;
; invadersImg:imagegen|aliens_alive[1][5]                                                                                                          ; 6       ;
; invadersImg:imagegen|aliens_alive[0][4]                                                                                                          ; 6       ;
; invadersImg:imagegen|aliens_alive[0][2]                                                                                                          ; 6       ;
; invadersImg:imagegen|aliens_alive[0][0]                                                                                                          ; 6       ;
; invadersImg:imagegen|lpm_divide:Mod0|lpm_divide_c5m:auto_generated|sign_div_unsign_fnh:divider|alt_u_div_43f:divider|StageOut[272]~6             ; 6       ;
; invadersImg:imagegen|lpm_divide:Mod0|lpm_divide_c5m:auto_generated|sign_div_unsign_fnh:divider|alt_u_div_43f:divider|StageOut[273]~5             ; 6       ;
; invadersImg:imagegen|lpm_divide:Mod1|lpm_divide_c5m:auto_generated|sign_div_unsign_fnh:divider|alt_u_div_43f:divider|StageOut[273]~3             ; 6       ;
; invadersImg:imagegen|lpm_divide:Mod2|lpm_divide_c5m:auto_generated|sign_div_unsign_fnh:divider|alt_u_div_43f:divider|StageOut[273]~4             ; 6       ;
; invadersImg:imagegen|lpm_divide:Mod2|lpm_divide_c5m:auto_generated|sign_div_unsign_fnh:divider|alt_u_div_43f:divider|StageOut[272]~3             ; 6       ;
; invadersImg:imagegen|is_digit_pixel~0                                                                                                            ; 6       ;
; spaceInvadersSync:vgasync|de~0                                                                                                                   ; 6       ;
; invadersImg:imagegen|e_bullet_y[3]                                                                                                               ; 6       ;
; invadersImg:imagegen|bullet_y[2]                                                                                                                 ; 6       ;
; invadersImg:imagegen|Add82~21                                                                                                                    ; 6       ;
; invadersImg:imagegen|Add82~17                                                                                                                    ; 6       ;
; invadersImg:imagegen|Add82~13                                                                                                                    ; 6       ;
; invadersImg:imagegen|Add82~5                                                                                                                     ; 6       ;
; invadersImg:imagegen|Add82~1                                                                                                                     ; 6       ;
; adv7513_wrapper:i2c_init|I2C_CONTROLLER:i2c_inst|byte_idx[0]                                                                                     ; 5       ;
; adv7513_wrapper:i2c_init|I2C_CONTROLLER:i2c_inst|clk_div_cnt[1]~0                                                                                ; 5       ;
; adv7513_wrapper:i2c_init|I2C_CONTROLLER:i2c_inst|Equal2~0                                                                                        ; 5       ;
; adv7513_wrapper:i2c_init|I2C_CONTROLLER:i2c_inst|poweron_counter[1]                                                                              ; 5       ;
; adv7513_wrapper:i2c_init|I2C_CONTROLLER:i2c_inst|byte_step[1]                                                                                    ; 5       ;
; adv7513_wrapper:i2c_init|adv7513_setup:setup_inst|busy_seen                                                                                      ; 5       ;
; invadersImg:imagegen|aliens_killed_count[2]~12                                                                                                   ; 5       ;
; invadersImg:imagegen|aliens_killed_count[2]~9                                                                                                    ; 5       ;
; adv7513_wrapper:i2c_init|I2C_CONTROLLER:i2c_inst|state.S_STOP                                                                                    ; 5       ;
; invadersImg:imagegen|bullet_active~45                                                                                                            ; 5       ;
; invadersImg:imagegen|aliens_killed_count[2]~2                                                                                                    ; 5       ;
; invadersImg:imagegen|bullet_active~28                                                                                                            ; 5       ;
; invadersImg:imagegen|score[12]~68                                                                                                                ; 5       ;
; invadersImg:imagegen|process_1~90                                                                                                                ; 5       ;
; invadersImg:imagegen|process_1~56                                                                                                                ; 5       ;
; invadersImg:imagegen|process_1~53                                                                                                                ; 5       ;
; invadersImg:imagegen|bullet_active~2                                                                                                             ; 5       ;
; invadersImg:imagegen|score[12]~15                                                                                                                ; 5       ;
; invadersImg:imagegen|score[12]~10                                                                                                                ; 5       ;
; invadersImg:imagegen|score[12]~5                                                                                                                 ; 5       ;
; invadersImg:imagegen|process_1~19                                                                                                                ; 5       ;
; invadersImg:imagegen|process_1~18                                                                                                                ; 5       ;
; invadersImg:imagegen|bullet_x[0]                                                                                                                 ; 5       ;
; invadersImg:imagegen|alien_on~3                                                                                                                  ; 5       ;
; invadersImg:imagegen|alien_on~1                                                                                                                  ; 5       ;
; invadersImg:imagegen|lpm_divide:Mod1|lpm_divide_c5m:auto_generated|sign_div_unsign_fnh:divider|alt_u_div_43f:divider|StageOut[272]~4             ; 5       ;
; invadersImg:imagegen|state.GAME_OVER                                                                                                             ; 5       ;
; invadersImg:imagegen|LessThan180~0                                                                                                               ; 5       ;
; invadersImg:imagegen|Add53~9                                                                                                                     ; 5       ;
; invadersImg:imagegen|Add26~5                                                                                                                     ; 5       ;
; invadersImg:imagegen|Add49~9                                                                                                                     ; 5       ;
; invadersImg:imagegen|e_bullet_y[4]                                                                                                               ; 5       ;
; invadersImg:imagegen|e_bullet_y[5]                                                                                                               ; 5       ;
; invadersImg:imagegen|e_bullet_y[6]                                                                                                               ; 5       ;
; invadersImg:imagegen|e_bullet_y[7]                                                                                                               ; 5       ;
; invadersImg:imagegen|e_bullet_y[8]                                                                                                               ; 5       ;
; invadersImg:imagegen|bullet_y[0]                                                                                                                 ; 5       ;
; invadersImg:imagegen|Add50~5                                                                                                                     ; 5       ;
; invadersImg:imagegen|Add50~1                                                                                                                     ; 5       ;
; invadersImg:imagegen|Add46~5                                                                                                                     ; 5       ;
; invadersImg:imagegen|Add46~1                                                                                                                     ; 5       ;
; invadersImg:imagegen|lpm_divide:Mod1|lpm_divide_c5m:auto_generated|sign_div_unsign_fnh:divider|alt_u_div_43f:divider|op_9~5                      ; 5       ;
; adv7513_wrapper:i2c_init|I2C_CONTROLLER:i2c_inst|byte_idx[1]                                                                                     ; 4       ;
; adv7513_wrapper:i2c_init|I2C_CONTROLLER:i2c_inst|state~24                                                                                        ; 4       ;
; adv7513_wrapper:i2c_init|I2C_CONTROLLER:i2c_inst|poweron_counter[2]                                                                              ; 4       ;
; adv7513_wrapper:i2c_init|I2C_CONTROLLER:i2c_inst|Equal4~0                                                                                        ; 4       ;
; adv7513_wrapper:i2c_init|I2C_CONTROLLER:i2c_inst|Equal3~0                                                                                        ; 4       ;
; adv7513_wrapper:i2c_init|I2C_CONTROLLER:i2c_inst|k_data_repeat[0]                                                                                ; 4       ;
; adv7513_wrapper:i2c_init|I2C_CONTROLLER:i2c_inst|byte_step[2]                                                                                    ; 4       ;
; adv7513_wrapper:i2c_init|adv7513_setup:setup_inst|Equal1~1                                                                                       ; 4       ;
; adv7513_wrapper:i2c_init|adv7513_setup:setup_inst|setup_state~13                                                                                 ; 4       ;
; adv7513_wrapper:i2c_init|adv7513_setup:setup_inst|Equal0~3                                                                                       ; 4       ;
; adv7513_wrapper:i2c_init|adv7513_setup:setup_inst|Equal0~2                                                                                       ; 4       ;
; adv7513_wrapper:i2c_init|adv7513_setup:setup_inst|Equal0~1                                                                                       ; 4       ;
; adv7513_wrapper:i2c_init|adv7513_setup:setup_inst|Equal0~0                                                                                       ; 4       ;
; invadersImg:imagegen|aliens_killed_count[2]~31                                                                                                   ; 4       ;
; invadersImg:imagegen|aliens_killed_count[2]~10                                                                                                   ; 4       ;
; invadersImg:imagegen|wave[3]~0                                                                                                                   ; 4       ;
; invadersImg:imagegen|Equal0~2                                                                                                                    ; 4       ;
; invadersImg:imagegen|Add62~1                                                                                                                     ; 4       ;
; invadersImg:imagegen|Add61~0                                                                                                                     ; 4       ;
; adv7513_wrapper:i2c_init|I2C_CONTROLLER:i2c_inst|k_data[7]~0                                                                                     ; 4       ;
; adv7513_wrapper:i2c_init|I2C_CONTROLLER:i2c_inst|scl_o~0                                                                                         ; 4       ;
; adv7513_wrapper:i2c_init|adv7513_setup:setup_inst|setup_state.S_DONE                                                                             ; 4       ;
; invadersImg:imagegen|e_bullet_y~1                                                                                                                ; 4       ;
; invadersImg:imagegen|bullet_active~105                                                                                                           ; 4       ;
; invadersImg:imagegen|bullet_active~37                                                                                                            ; 4       ;
; invadersImg:imagegen|bullet_active~27                                                                                                            ; 4       ;
; invadersImg:imagegen|LessThan35~0                                                                                                                ; 4       ;
; invadersImg:imagegen|score[12]~51                                                                                                                ; 4       ;
; invadersImg:imagegen|score[12]~44                                                                                                                ; 4       ;
; invadersImg:imagegen|bullet_active~14                                                                                                            ; 4       ;
; invadersImg:imagegen|process_1~71                                                                                                                ; 4       ;
; invadersImg:imagegen|process_1~68                                                                                                                ; 4       ;
; invadersImg:imagegen|process_1~65                                                                                                                ; 4       ;
; invadersImg:imagegen|score[12]~25                                                                                                                ; 4       ;
; invadersImg:imagegen|score[12]~21                                                                                                                ; 4       ;
; invadersImg:imagegen|score[12]~18                                                                                                                ; 4       ;
; invadersImg:imagegen|score[12]~14                                                                                                                ; 4       ;
; invadersImg:imagegen|process_1~33                                                                                                                ; 4       ;
; invadersImg:imagegen|process_1~30                                                                                                                ; 4       ;
; invadersImg:imagegen|process_1~29                                                                                                                ; 4       ;
; invadersImg:imagegen|process_1~20                                                                                                                ; 4       ;
; invadersImg:imagegen|process_1~16                                                                                                                ; 4       ;
; invadersImg:imagegen|LessThan11~0                                                                                                                ; 4       ;
; invadersImg:imagegen|process_1~4                                                                                                                 ; 4       ;
; invadersImg:imagegen|state.MENU                                                                                                                  ; 4       ;
; invadersImg:imagegen|Add62~0                                                                                                                     ; 4       ;
; invadersImg:imagegen|e_bullet_x[1]                                                                                                               ; 4       ;
; invadersImg:imagegen|e_bullet_x[2]                                                                                                               ; 4       ;
; invadersImg:imagegen|e_bullet_x[3]                                                                                                               ; 4       ;
; invadersImg:imagegen|e_bullet_x[4]                                                                                                               ; 4       ;
; invadersImg:imagegen|e_bullet_x[5]                                                                                                               ; 4       ;
; invadersImg:imagegen|e_bullet_x[6]                                                                                                               ; 4       ;
; invadersImg:imagegen|e_bullet_x[7]                                                                                                               ; 4       ;
; invadersImg:imagegen|e_bullet_x[8]                                                                                                               ; 4       ;
; invadersImg:imagegen|alien_on~29                                                                                                                 ; 4       ;
; invadersImg:imagegen|alien_on~28                                                                                                                 ; 4       ;
; invadersImg:imagegen|alien_on~26                                                                                                                 ; 4       ;
; invadersImg:imagegen|alien_on~23                                                                                                                 ; 4       ;
; invadersImg:imagegen|alien_on~22                                                                                                                 ; 4       ;
; invadersImg:imagegen|alien_on~21                                                                                                                 ; 4       ;
; invadersImg:imagegen|alien_on~20                                                                                                                 ; 4       ;
; invadersImg:imagegen|LessThan90~0                                                                                                                ; 4       ;
; invadersImg:imagegen|alien_on~17                                                                                                                 ; 4       ;
; invadersImg:imagegen|alien_on~13                                                                                                                 ; 4       ;
; invadersImg:imagegen|alien_on~11                                                                                                                 ; 4       ;
; invadersImg:imagegen|alien_on~8                                                                                                                  ; 4       ;
; invadersImg:imagegen|alien_on~6                                                                                                                  ; 4       ;
; invadersImg:imagegen|gameover_on~9                                                                                                               ; 4       ;
; spaceInvadersSync:vgasync|frame_tick~1                                                                                                           ; 4       ;
; invadersImg:imagegen|lpm_divide:Mod2|lpm_divide_c5m:auto_generated|sign_div_unsign_fnh:divider|alt_u_div_43f:divider|op_15~13                    ; 4       ;
; invadersImg:imagegen|lpm_divide:Mod2|lpm_divide_c5m:auto_generated|sign_div_unsign_fnh:divider|alt_u_div_43f:divider|op_15~1                     ; 4       ;
; invadersImg:imagegen|lpm_divide:Mod1|lpm_divide_c5m:auto_generated|sign_div_unsign_fnh:divider|alt_u_div_43f:divider|op_4~1                      ; 4       ;
; invadersImg:imagegen|Add23~1                                                                                                                     ; 4       ;
; invadersImg:imagegen|Add45~9                                                                                                                     ; 4       ;
; invadersImg:imagegen|Add45~1                                                                                                                     ; 4       ;
; invadersImg:imagegen|Add41~1                                                                                                                     ; 4       ;
; invadersImg:imagegen|Add17~1                                                                                                                     ; 4       ;
; invadersImg:imagegen|Add53~17                                                                                                                    ; 4       ;
; invadersImg:imagegen|Add53~13                                                                                                                    ; 4       ;
; invadersImg:imagegen|Add53~5                                                                                                                     ; 4       ;
; invadersImg:imagegen|Add53~1                                                                                                                     ; 4       ;
; invadersImg:imagegen|Add26~1                                                                                                                     ; 4       ;
; invadersImg:imagegen|Add49~17                                                                                                                    ; 4       ;
; invadersImg:imagegen|Add49~13                                                                                                                    ; 4       ;
; invadersImg:imagegen|Add49~5                                                                                                                     ; 4       ;
; invadersImg:imagegen|Add49~1                                                                                                                     ; 4       ;
; invadersImg:imagegen|e_bullet_y[0]                                                                                                               ; 4       ;
; invadersImg:imagegen|e_bullet_y[1]                                                                                                               ; 4       ;
; invadersImg:imagegen|e_bullet_y[2]                                                                                                               ; 4       ;
; invadersImg:imagegen|rx[10]~9                                                                                                                    ; 4       ;
; invadersImg:imagegen|Add84~21                                                                                                                    ; 4       ;
; invadersImg:imagegen|Add84~9                                                                                                                     ; 4       ;
; invadersImg:imagegen|Add84~5                                                                                                                     ; 4       ;
; invadersImg:imagegen|Add84~1                                                                                                                     ; 4       ;
; invadersImg:imagegen|lpm_divide:Mod0|lpm_divide_c5m:auto_generated|sign_div_unsign_fnh:divider|alt_u_div_43f:divider|op_9~1                      ; 4       ;
; invadersImg:imagegen|Add82~9                                                                                                                     ; 4       ;
; invadersImg:imagegen|lpm_divide:Mod4|lpm_divide_c5m:auto_generated|sign_div_unsign_fnh:divider|alt_u_div_43f:divider|op_9~5                      ; 4       ;
; invadersImg:imagegen|lpm_divide:Mod2|lpm_divide_c5m:auto_generated|sign_div_unsign_fnh:divider|alt_u_div_43f:divider|op_9~5                      ; 4       ;
; invadersImg:imagegen|Add68~21                                                                                                                    ; 4       ;
; invadersImg:imagegen|lpm_divide:Mod3|lpm_divide_c5m:auto_generated|sign_div_unsign_fnh:divider|alt_u_div_43f:divider|op_9~1                      ; 4       ;
; invadersImg:imagegen|Add79~13                                                                                                                    ; 4       ;
; invadersImg:imagegen|lfsr[2]~DUPLICATE                                                                                                           ; 3       ;
; pll_25:pll_inst|pll_25_0002:pll_25_inst|altera_pll:altera_pll_i|general[0].gpll~PLL_RECONFIG_O_SHIFT                                             ; 3       ;
; KEY[1]~input                                                                                                                                     ; 3       ;
; ~GND                                                                                                                                             ; 3       ;
; invadersImg:imagegen|lpm_divide:Mod1|lpm_divide_c5m:auto_generated|sign_div_unsign_fnh:divider|alt_u_div_43f:divider|StageOut[187]~49            ; 3       ;
; invadersImg:imagegen|lpm_divide:Mod2|lpm_divide_c5m:auto_generated|sign_div_unsign_fnh:divider|alt_u_div_43f:divider|StageOut[153]~101           ; 3       ;
; invadersImg:imagegen|lpm_divide:Mod1|lpm_divide_c5m:auto_generated|sign_div_unsign_fnh:divider|alt_u_div_43f:divider|StageOut[206]~35            ; 3       ;
; invadersImg:imagegen|lpm_divide:Mod1|lpm_divide_c5m:auto_generated|sign_div_unsign_fnh:divider|alt_u_div_43f:divider|StageOut[189]~34            ; 3       ;
; invadersImg:imagegen|lpm_divide:Mod2|lpm_divide_c5m:auto_generated|sign_div_unsign_fnh:divider|alt_u_div_43f:divider|StageOut[119]~78            ; 3       ;
; invadersImg:imagegen|lpm_divide:Mod2|lpm_divide_c5m:auto_generated|sign_div_unsign_fnh:divider|alt_u_div_43f:divider|StageOut[119]~77            ; 3       ;
; invadersImg:imagegen|lpm_divide:Mod1|lpm_divide_c5m:auto_generated|sign_div_unsign_fnh:divider|alt_u_div_43f:divider|StageOut[171]~28            ; 3       ;
; invadersImg:imagegen|lpm_divide:Mod1|lpm_divide_c5m:auto_generated|sign_div_unsign_fnh:divider|alt_u_div_43f:divider|StageOut[171]~27            ; 3       ;
; invadersImg:imagegen|lpm_divide:Mod2|lpm_divide_c5m:auto_generated|sign_div_unsign_fnh:divider|alt_u_div_43f:divider|StageOut[138]~66            ; 3       ;
; invadersImg:imagegen|lpm_divide:Mod1|lpm_divide_c5m:auto_generated|sign_div_unsign_fnh:divider|alt_u_div_43f:divider|StageOut[208]~20            ; 3       ;
; invadersImg:imagegen|lpm_divide:Mod1|lpm_divide_c5m:auto_generated|sign_div_unsign_fnh:divider|alt_u_div_43f:divider|StageOut[191]~19            ; 3       ;
; invadersImg:imagegen|lpm_divide:Mod2|lpm_divide_c5m:auto_generated|sign_div_unsign_fnh:divider|alt_u_div_43f:divider|StageOut[140]~44            ; 3       ;
; invadersImg:imagegen|lpm_divide:Mod1|lpm_divide_c5m:auto_generated|sign_div_unsign_fnh:divider|alt_u_div_43f:divider|StageOut[210]~8             ; 3       ;
; adv7513_wrapper:i2c_init|I2C_CONTROLLER:i2c_inst|k_data_repeat[0]~0                                                                              ; 3       ;
; adv7513_wrapper:i2c_init|I2C_CONTROLLER:i2c_inst|Selector18~0                                                                                    ; 3       ;
; adv7513_wrapper:i2c_init|I2C_CONTROLLER:i2c_inst|Selector4~1                                                                                     ; 3       ;
; adv7513_wrapper:i2c_init|I2C_CONTROLLER:i2c_inst|poweron_counter[3]                                                                              ; 3       ;
; adv7513_wrapper:i2c_init|I2C_CONTROLLER:i2c_inst|scl_o~3                                                                                         ; 3       ;
; adv7513_wrapper:i2c_init|I2C_CONTROLLER:i2c_inst|k_data_repeat[1]                                                                                ; 3       ;
; adv7513_wrapper:i2c_init|I2C_CONTROLLER:i2c_inst|byte_step[3]                                                                                    ; 3       ;
; adv7513_wrapper:i2c_init|adv7513_setup:setup_inst|cnt_wait[20]                                                                                   ; 3       ;
; adv7513_wrapper:i2c_init|adv7513_setup:setup_inst|cnt_wait[19]                                                                                   ; 3       ;
; adv7513_wrapper:i2c_init|adv7513_setup:setup_inst|cnt_wait[23]                                                                                   ; 3       ;
; adv7513_wrapper:i2c_init|adv7513_setup:setup_inst|cnt_wait[7]                                                                                    ; 3       ;
; adv7513_wrapper:i2c_init|adv7513_setup:setup_inst|cnt_wait[0]                                                                                    ; 3       ;
; adv7513_wrapper:i2c_init|adv7513_setup:setup_inst|cnt_wait[9]                                                                                    ; 3       ;
; adv7513_wrapper:i2c_init|adv7513_setup:setup_inst|cnt_wait[10]                                                                                   ; 3       ;
; adv7513_wrapper:i2c_init|adv7513_setup:setup_inst|cnt_wait[12]                                                                                   ; 3       ;
; adv7513_wrapper:i2c_init|adv7513_setup:setup_inst|cnt_wait[15]                                                                                   ; 3       ;
; invadersImg:imagegen|aliens_killed_count[2]~44                                                                                                   ; 3       ;
; invadersImg:imagegen|aliens_killed_count[2]~43                                                                                                   ; 3       ;
; invadersImg:imagegen|aliens_killed_count[2]~29                                                                                                   ; 3       ;
; invadersImg:imagegen|aliens_killed_count[2]~27                                                                                                   ; 3       ;
; invadersImg:imagegen|aliens_killed_count[2]~26                                                                                                   ; 3       ;
; invadersImg:imagegen|aliens_killed_count[2]~11                                                                                                   ; 3       ;
; invadersImg:imagegen|lpm_divide:Mod4|lpm_divide_c5m:auto_generated|sign_div_unsign_fnh:divider|alt_u_div_43f:divider|StageOut[54]~18             ; 3       ;
; invadersImg:imagegen|lpm_divide:Mod4|lpm_divide_c5m:auto_generated|sign_div_unsign_fnh:divider|alt_u_div_43f:divider|StageOut[54]~17             ; 3       ;
; invadersImg:imagegen|Add61~1                                                                                                                     ; 3       ;
; adv7513_wrapper:i2c_init|I2C_CONTROLLER:i2c_inst|sda_o~0                                                                                         ; 3       ;
; adv7513_wrapper:i2c_init|I2C_CONTROLLER:i2c_inst|clk_div_cnt[0]                                                                                  ; 3       ;
; invadersImg:imagegen|e_bullet_y[3]~2                                                                                                             ; 3       ;
; invadersImg:imagegen|bullet_active~108                                                                                                           ; 3       ;
; invadersImg:imagegen|bullet_active~106                                                                                                           ; 3       ;
; invadersImg:imagegen|bullet_active~103                                                                                                           ; 3       ;
; invadersImg:imagegen|bullet_active~84                                                                                                            ; 3       ;
; invadersImg:imagegen|bullet_active~72                                                                                                            ; 3       ;
; invadersImg:imagegen|bullet_active~71                                                                                                            ; 3       ;
; invadersImg:imagegen|bullet_active~56                                                                                                            ; 3       ;
; invadersImg:imagegen|bullet_active~33                                                                                                            ; 3       ;
; invadersImg:imagegen|bullet_active~29                                                                                                            ; 3       ;
; invadersImg:imagegen|Add59~3                                                                                                                     ; 3       ;
; invadersImg:imagegen|process_1~93                                                                                                                ; 3       ;
; invadersImg:imagegen|process_1~92                                                                                                                ; 3       ;
; invadersImg:imagegen|score[12]~96                                                                                                                ; 3       ;
; invadersImg:imagegen|score[12]~95                                                                                                                ; 3       ;
; invadersImg:imagegen|score[12]~82                                                                                                                ; 3       ;
; invadersImg:imagegen|score[12]~77                                                                                                                ; 3       ;
; invadersImg:imagegen|score[12]~76                                                                                                                ; 3       ;
; invadersImg:imagegen|score[12]~75                                                                                                                ; 3       ;
; invadersImg:imagegen|score[12]~60                                                                                                                ; 3       ;
; invadersImg:imagegen|score[12]~52                                                                                                                ; 3       ;
; invadersImg:imagegen|score[12]~50                                                                                                                ; 3       ;
; invadersImg:imagegen|score[12]~48                                                                                                                ; 3       ;
; invadersImg:imagegen|score[12]~42                                                                                                                ; 3       ;
; invadersImg:imagegen|score[12]~41                                                                                                                ; 3       ;
; invadersImg:imagegen|bullet_active~13                                                                                                            ; 3       ;
; invadersImg:imagegen|score[12]~34                                                                                                                ; 3       ;
; invadersImg:imagegen|score[12]~26                                                                                                                ; 3       ;
; invadersImg:imagegen|score[12]~24                                                                                                                ; 3       ;
; invadersImg:imagegen|score[12]~20                                                                                                                ; 3       ;
; invadersImg:imagegen|score[12]~16                                                                                                                ; 3       ;
; invadersImg:imagegen|process_1~42                                                                                                                ; 3       ;
; invadersImg:imagegen|process_1~41                                                                                                                ; 3       ;
; invadersImg:imagegen|Add3~2                                                                                                                      ; 3       ;
; invadersImg:imagegen|score[12]~9                                                                                                                 ; 3       ;
; invadersImg:imagegen|score[12]~2                                                                                                                 ; 3       ;
; invadersImg:imagegen|LessThan16~0                                                                                                                ; 3       ;
; invadersImg:imagegen|Add2~1                                                                                                                      ; 3       ;
; invadersImg:imagegen|score[12]~0                                                                                                                 ; 3       ;
; invadersImg:imagegen|menu_on~8                                                                                                                   ; 3       ;
; invadersImg:imagegen|process_2~1                                                                                                                 ; 3       ;
; invadersImg:imagegen|blue_out[2]~2                                                                                                               ; 3       ;
; invadersImg:imagegen|LessThan169~0                                                                                                               ; 3       ;
; invadersImg:imagegen|lpm_divide:Mod1|lpm_divide_c5m:auto_generated|sign_div_unsign_fnh:divider|alt_u_div_43f:divider|StageOut[221]~0             ; 3       ;
; invadersImg:imagegen|lpm_divide:Mod4|lpm_divide_c5m:auto_generated|sign_div_unsign_fnh:divider|alt_u_div_43f:divider|StageOut[275]~4             ; 3       ;
; invadersImg:imagegen|lpm_divide:Mod4|lpm_divide_c5m:auto_generated|sign_div_unsign_fnh:divider|alt_u_div_43f:divider|StageOut[274]~1             ; 3       ;
; invadersImg:imagegen|is_digit_pixel~4                                                                                                            ; 3       ;
; invadersImg:imagegen|LessThan173~0                                                                                                               ; 3       ;
; spaceInvadersSync:vgasync|frame_tick~0                                                                                                           ; 3       ;
; invadersImg:imagegen|LessThan44~1                                                                                                                ; 3       ;
; invadersImg:imagegen|pause_on~8                                                                                                                  ; 3       ;
; invadersImg:imagegen|score[12]~139                                                                                                               ; 3       ;
; invadersImg:imagegen|lpm_divide:Mod1|lpm_divide_c5m:auto_generated|sign_div_unsign_fnh:divider|alt_u_div_43f:divider|op_5~33                     ; 3       ;
; invadersImg:imagegen|lpm_divide:Mod2|lpm_divide_c5m:auto_generated|sign_div_unsign_fnh:divider|alt_u_div_43f:divider|op_16~25                    ; 3       ;
; invadersImg:imagegen|lpm_divide:Mod1|lpm_divide_c5m:auto_generated|sign_div_unsign_fnh:divider|alt_u_div_43f:divider|op_5~25                     ; 3       ;
; invadersImg:imagegen|lpm_divide:Mod1|lpm_divide_c5m:auto_generated|sign_div_unsign_fnh:divider|alt_u_div_43f:divider|op_3~13                     ; 3       ;
; invadersImg:imagegen|lpm_divide:Mod2|lpm_divide_c5m:auto_generated|sign_div_unsign_fnh:divider|alt_u_div_43f:divider|op_16~17                    ; 3       ;
; invadersImg:imagegen|lpm_divide:Mod1|lpm_divide_c5m:auto_generated|sign_div_unsign_fnh:divider|alt_u_div_43f:divider|op_3~9                      ; 3       ;
; invadersImg:imagegen|lpm_divide:Mod1|lpm_divide_c5m:auto_generated|sign_div_unsign_fnh:divider|alt_u_div_43f:divider|op_5~17                     ; 3       ;
; invadersImg:imagegen|lpm_divide:Mod1|lpm_divide_c5m:auto_generated|sign_div_unsign_fnh:divider|alt_u_div_43f:divider|op_3~1                      ; 3       ;
; invadersImg:imagegen|lpm_divide:Mod2|lpm_divide_c5m:auto_generated|sign_div_unsign_fnh:divider|alt_u_div_43f:divider|op_16~9                     ; 3       ;
; invadersImg:imagegen|lpm_divide:Mod1|lpm_divide_c5m:auto_generated|sign_div_unsign_fnh:divider|alt_u_div_43f:divider|op_5~9                      ; 3       ;
; invadersImg:imagegen|lpm_divide:Mod2|lpm_divide_c5m:auto_generated|sign_div_unsign_fnh:divider|alt_u_div_43f:divider|op_16~1                     ; 3       ;
; invadersImg:imagegen|lpm_divide:Mod3|lpm_divide_c5m:auto_generated|sign_div_unsign_fnh:divider|alt_u_div_43f:divider|add_sub_4_result_int[2]~13  ; 3       ;
; invadersImg:imagegen|lpm_divide:Mod1|lpm_divide_c5m:auto_generated|sign_div_unsign_fnh:divider|alt_u_div_43f:divider|op_5~5                      ; 3       ;
; invadersImg:imagegen|lpm_divide:Mod2|lpm_divide_c5m:auto_generated|sign_div_unsign_fnh:divider|alt_u_div_43f:divider|op_17~1                     ; 3       ;
; invadersImg:imagegen|lpm_divide:Mod3|lpm_divide_c5m:auto_generated|sign_div_unsign_fnh:divider|alt_u_div_43f:divider|add_sub_4_result_int[3]~9   ; 3       ;
; adv7513_wrapper:i2c_init|I2C_CONTROLLER:i2c_inst|sda_e                                                                                           ; 3       ;
; adv7513_wrapper:i2c_init|adv7513_setup:setup_inst|cnt_wait[1]                                                                                    ; 3       ;
; adv7513_wrapper:i2c_init|adv7513_setup:setup_inst|cnt_wait[2]                                                                                    ; 3       ;
; adv7513_wrapper:i2c_init|adv7513_setup:setup_inst|cnt_wait[3]                                                                                    ; 3       ;
; adv7513_wrapper:i2c_init|adv7513_setup:setup_inst|cnt_wait[5]                                                                                    ; 3       ;
; adv7513_wrapper:i2c_init|adv7513_setup:setup_inst|cnt_wait[4]                                                                                    ; 3       ;
; adv7513_wrapper:i2c_init|adv7513_setup:setup_inst|cnt_wait[6]                                                                                    ; 3       ;
; adv7513_wrapper:i2c_init|adv7513_setup:setup_inst|cnt_wait[8]                                                                                    ; 3       ;
; adv7513_wrapper:i2c_init|adv7513_setup:setup_inst|cnt_wait[11]                                                                                   ; 3       ;
; adv7513_wrapper:i2c_init|adv7513_setup:setup_inst|cnt_wait[13]                                                                                   ; 3       ;
; adv7513_wrapper:i2c_init|adv7513_setup:setup_inst|cnt_wait[16]                                                                                   ; 3       ;
; adv7513_wrapper:i2c_init|adv7513_setup:setup_inst|cnt_wait[14]                                                                                   ; 3       ;
; adv7513_wrapper:i2c_init|adv7513_setup:setup_inst|cnt_wait[17]                                                                                   ; 3       ;
; adv7513_wrapper:i2c_init|adv7513_setup:setup_inst|cnt_wait[18]                                                                                   ; 3       ;
; adv7513_wrapper:i2c_init|adv7513_setup:setup_inst|cnt_wait[21]                                                                                   ; 3       ;
; adv7513_wrapper:i2c_init|adv7513_setup:setup_inst|cnt_wait[22]                                                                                   ; 3       ;
; invadersImg:imagegen|lpm_divide:Mod2|lpm_divide_c5m:auto_generated|sign_div_unsign_fnh:divider|alt_u_div_43f:divider|op_3~1                      ; 3       ;
; invadersImg:imagegen|lpm_divide:Mod3|lpm_divide_c5m:auto_generated|sign_div_unsign_fnh:divider|alt_u_div_43f:divider|add_sub_4_result_int[4]~1   ; 3       ;
; adv7513_wrapper:i2c_init|I2C_CONTROLLER:i2c_inst|clk_div_cnt[1]                                                                                  ; 3       ;
; adv7513_wrapper:i2c_init|I2C_CONTROLLER:i2c_inst|clk_div_cnt[2]                                                                                  ; 3       ;
; adv7513_wrapper:i2c_init|I2C_CONTROLLER:i2c_inst|clk_div_cnt[3]                                                                                  ; 3       ;
; adv7513_wrapper:i2c_init|I2C_CONTROLLER:i2c_inst|clk_div_cnt[4]                                                                                  ; 3       ;
; adv7513_wrapper:i2c_init|I2C_CONTROLLER:i2c_inst|clk_div_cnt[5]                                                                                  ; 3       ;
; invadersImg:imagegen|shoot_timer[5]                                                                                                              ; 3       ;
; invadersImg:imagegen|shoot_timer[6]                                                                                                              ; 3       ;
; invadersImg:imagegen|lpm_divide:Mod1|lpm_divide_c5m:auto_generated|sign_div_unsign_fnh:divider|alt_u_div_43f:divider|op_6~9                      ; 3       ;
; invadersImg:imagegen|Add45~29                                                                                                                    ; 3       ;
; invadersImg:imagegen|Add45~25                                                                                                                    ; 3       ;
; invadersImg:imagegen|Add45~21                                                                                                                    ; 3       ;
; invadersImg:imagegen|Add45~17                                                                                                                    ; 3       ;
; invadersImg:imagegen|Add45~13                                                                                                                    ; 3       ;
; invadersImg:imagegen|Add45~5                                                                                                                     ; 3       ;
; invadersImg:imagegen|Add41~29                                                                                                                    ; 3       ;
; invadersImg:imagegen|Add41~25                                                                                                                    ; 3       ;
; invadersImg:imagegen|Add41~21                                                                                                                    ; 3       ;
; invadersImg:imagegen|Add41~17                                                                                                                    ; 3       ;
; invadersImg:imagegen|Add41~13                                                                                                                    ; 3       ;
; invadersImg:imagegen|Add41~9                                                                                                                     ; 3       ;
; invadersImg:imagegen|Add41~5                                                                                                                     ; 3       ;
; invadersImg:imagegen|Add53~29                                                                                                                    ; 3       ;
; invadersImg:imagegen|Add53~25                                                                                                                    ; 3       ;
; invadersImg:imagegen|Add53~21                                                                                                                    ; 3       ;
; invadersImg:imagegen|Add26~13                                                                                                                    ; 3       ;
; invadersImg:imagegen|Add26~9                                                                                                                     ; 3       ;
; invadersImg:imagegen|Add49~29                                                                                                                    ; 3       ;
; invadersImg:imagegen|Add49~25                                                                                                                    ; 3       ;
; invadersImg:imagegen|Add49~21                                                                                                                    ; 3       ;
; adv7513_wrapper:i2c_init|I2C_CONTROLLER:i2c_inst|scl_o                                                                                           ; 3       ;
; invadersImg:imagegen|Add30~1                                                                                                                     ; 3       ;
; invadersImg:imagegen|lpm_divide:Div1|lpm_divide_2dm:auto_generated|sign_div_unsign_8nh:divider|alt_u_div_m2f:divider|op_9~1                      ; 3       ;
; invadersImg:imagegen|lpm_divide:Mod4|lpm_divide_c5m:auto_generated|sign_div_unsign_fnh:divider|alt_u_div_43f:divider|op_8~13                     ; 3       ;
; invadersImg:imagegen|Add68~9                                                                                                                     ; 3       ;
; pll_25:pll_inst|pll_25_0002:pll_25_inst|altera_pll:altera_pll_i|general[0].gpll~PLL_RECONFIG_O_UP                                                ; 2       ;
; pll_25:pll_inst|pll_25_0002:pll_25_inst|altera_pll:altera_pll_i|general[0].gpll~FRACTIONAL_PLL_O_CNTNEN                                          ; 2       ;
; invadersImg:imagegen|lfsr[1]~3                                                                                                                   ; 2       ;
; invadersImg:imagegen|lfsr[2]~1                                                                                                                   ; 2       ;
; invadersImg:imagegen|aliens_killed_count[2]~88                                                                                                   ; 2       ;
; invadersImg:imagegen|score[12]~129                                                                                                               ; 2       ;
; invadersImg:imagegen|score[12]~122                                                                                                               ; 2       ;
; invadersImg:imagegen|lpm_divide:Mod1|lpm_divide_c5m:auto_generated|sign_div_unsign_fnh:divider|alt_u_div_43f:divider|StageOut[222]~60            ; 2       ;
; invadersImg:imagegen|lpm_divide:Mod4|lpm_divide_c5m:auto_generated|sign_div_unsign_fnh:divider|alt_u_div_43f:divider|StageOut[222]~171           ; 2       ;
; invadersImg:imagegen|lpm_divide:Mod4|lpm_divide_c5m:auto_generated|sign_div_unsign_fnh:divider|alt_u_div_43f:divider|StageOut[204]~170           ; 2       ;
; invadersImg:imagegen|lpm_divide:Mod2|lpm_divide_c5m:auto_generated|sign_div_unsign_fnh:divider|alt_u_div_43f:divider|StageOut[222]~123           ; 2       ;
; invadersImg:imagegen|lpm_divide:Mod2|lpm_divide_c5m:auto_generated|sign_div_unsign_fnh:divider|alt_u_div_43f:divider|StageOut[204]~122           ; 2       ;
; invadersImg:imagegen|lpm_divide:Mod3|lpm_divide_c5m:auto_generated|sign_div_unsign_fnh:divider|alt_u_div_43f:divider|StageOut[222]~161           ; 2       ;
; invadersImg:imagegen|lpm_divide:Mod3|lpm_divide_c5m:auto_generated|sign_div_unsign_fnh:divider|alt_u_div_43f:divider|StageOut[204]~160           ; 2       ;
; invadersImg:imagegen|lpm_divide:Div0|lpm_divide_6dm:auto_generated|sign_div_unsign_cnh:divider|alt_u_div_u2f:divider|StageOut[195]~50            ; 2       ;
; invadersImg:imagegen|lpm_divide:Mod1|lpm_divide_c5m:auto_generated|sign_div_unsign_fnh:divider|alt_u_div_43f:divider|StageOut[223]~55            ; 2       ;
; invadersImg:imagegen|lpm_divide:Mod4|lpm_divide_c5m:auto_generated|sign_div_unsign_fnh:divider|alt_u_div_43f:divider|StageOut[223]~167           ; 2       ;
; invadersImg:imagegen|lpm_divide:Mod4|lpm_divide_c5m:auto_generated|sign_div_unsign_fnh:divider|alt_u_div_43f:divider|StageOut[223]~166           ; 2       ;
; invadersImg:imagegen|lpm_divide:Mod4|lpm_divide_c5m:auto_generated|sign_div_unsign_fnh:divider|alt_u_div_43f:divider|StageOut[205]~165           ; 2       ;
; invadersImg:imagegen|lpm_divide:Mod4|lpm_divide_c5m:auto_generated|sign_div_unsign_fnh:divider|alt_u_div_43f:divider|StageOut[187]~164           ; 2       ;
; invadersImg:imagegen|lpm_divide:Mod2|lpm_divide_c5m:auto_generated|sign_div_unsign_fnh:divider|alt_u_div_43f:divider|StageOut[223]~119           ; 2       ;
; invadersImg:imagegen|lpm_divide:Mod2|lpm_divide_c5m:auto_generated|sign_div_unsign_fnh:divider|alt_u_div_43f:divider|StageOut[223]~118           ; 2       ;
; invadersImg:imagegen|lpm_divide:Mod2|lpm_divide_c5m:auto_generated|sign_div_unsign_fnh:divider|alt_u_div_43f:divider|StageOut[205]~117           ; 2       ;
; invadersImg:imagegen|lpm_divide:Mod2|lpm_divide_c5m:auto_generated|sign_div_unsign_fnh:divider|alt_u_div_43f:divider|StageOut[187]~116           ; 2       ;
; invadersImg:imagegen|lpm_divide:Mod3|lpm_divide_c5m:auto_generated|sign_div_unsign_fnh:divider|alt_u_div_43f:divider|StageOut[223]~157           ; 2       ;
; invadersImg:imagegen|lpm_divide:Mod3|lpm_divide_c5m:auto_generated|sign_div_unsign_fnh:divider|alt_u_div_43f:divider|StageOut[223]~156           ; 2       ;
; invadersImg:imagegen|lpm_divide:Mod3|lpm_divide_c5m:auto_generated|sign_div_unsign_fnh:divider|alt_u_div_43f:divider|StageOut[205]~155           ; 2       ;
; invadersImg:imagegen|lpm_divide:Mod3|lpm_divide_c5m:auto_generated|sign_div_unsign_fnh:divider|alt_u_div_43f:divider|StageOut[187]~154           ; 2       ;
; invadersImg:imagegen|lpm_divide:Div0|lpm_divide_6dm:auto_generated|sign_div_unsign_cnh:divider|alt_u_div_u2f:divider|StageOut[196]~47            ; 2       ;
; invadersImg:imagegen|lpm_divide:Div0|lpm_divide_6dm:auto_generated|sign_div_unsign_cnh:divider|alt_u_div_u2f:divider|StageOut[196]~46            ; 2       ;
; invadersImg:imagegen|lpm_divide:Div0|lpm_divide_6dm:auto_generated|sign_div_unsign_cnh:divider|alt_u_div_u2f:divider|StageOut[196]~45            ; 2       ;
; invadersImg:imagegen|lpm_divide:Mod1|lpm_divide_c5m:auto_generated|sign_div_unsign_fnh:divider|alt_u_div_43f:divider|StageOut[224]~53            ; 2       ;
; invadersImg:imagegen|lpm_divide:Mod1|lpm_divide_c5m:auto_generated|sign_div_unsign_fnh:divider|alt_u_div_43f:divider|StageOut[206]~52            ; 2       ;
; invadersImg:imagegen|lpm_divide:Mod4|lpm_divide_c5m:auto_generated|sign_div_unsign_fnh:divider|alt_u_div_43f:divider|StageOut[224]~162           ; 2       ;
; invadersImg:imagegen|lpm_divide:Mod4|lpm_divide_c5m:auto_generated|sign_div_unsign_fnh:divider|alt_u_div_43f:divider|StageOut[206]~161           ; 2       ;
; invadersImg:imagegen|lpm_divide:Mod4|lpm_divide_c5m:auto_generated|sign_div_unsign_fnh:divider|alt_u_div_43f:divider|StageOut[206]~160           ; 2       ;
; invadersImg:imagegen|lpm_divide:Mod4|lpm_divide_c5m:auto_generated|sign_div_unsign_fnh:divider|alt_u_div_43f:divider|StageOut[188]~159           ; 2       ;
; invadersImg:imagegen|lpm_divide:Mod4|lpm_divide_c5m:auto_generated|sign_div_unsign_fnh:divider|alt_u_div_43f:divider|StageOut[170]~158           ; 2       ;
; invadersImg:imagegen|lpm_divide:Mod2|lpm_divide_c5m:auto_generated|sign_div_unsign_fnh:divider|alt_u_div_43f:divider|StageOut[224]~114           ; 2       ;
; invadersImg:imagegen|lpm_divide:Mod2|lpm_divide_c5m:auto_generated|sign_div_unsign_fnh:divider|alt_u_div_43f:divider|StageOut[206]~113           ; 2       ;
; invadersImg:imagegen|lpm_divide:Mod2|lpm_divide_c5m:auto_generated|sign_div_unsign_fnh:divider|alt_u_div_43f:divider|StageOut[206]~112           ; 2       ;
; invadersImg:imagegen|lpm_divide:Mod2|lpm_divide_c5m:auto_generated|sign_div_unsign_fnh:divider|alt_u_div_43f:divider|StageOut[188]~111           ; 2       ;
; invadersImg:imagegen|lpm_divide:Mod2|lpm_divide_c5m:auto_generated|sign_div_unsign_fnh:divider|alt_u_div_43f:divider|StageOut[170]~110           ; 2       ;
; invadersImg:imagegen|lpm_divide:Mod3|lpm_divide_c5m:auto_generated|sign_div_unsign_fnh:divider|alt_u_div_43f:divider|StageOut[224]~152           ; 2       ;
; invadersImg:imagegen|lpm_divide:Mod3|lpm_divide_c5m:auto_generated|sign_div_unsign_fnh:divider|alt_u_div_43f:divider|StageOut[206]~151           ; 2       ;
; invadersImg:imagegen|lpm_divide:Mod3|lpm_divide_c5m:auto_generated|sign_div_unsign_fnh:divider|alt_u_div_43f:divider|StageOut[206]~150           ; 2       ;
; invadersImg:imagegen|lpm_divide:Mod3|lpm_divide_c5m:auto_generated|sign_div_unsign_fnh:divider|alt_u_div_43f:divider|StageOut[188]~149           ; 2       ;
; invadersImg:imagegen|lpm_divide:Mod3|lpm_divide_c5m:auto_generated|sign_div_unsign_fnh:divider|alt_u_div_43f:divider|StageOut[170]~148           ; 2       ;
; invadersImg:imagegen|lpm_divide:Div0|lpm_divide_6dm:auto_generated|sign_div_unsign_cnh:divider|alt_u_div_u2f:divider|StageOut[197]~43            ; 2       ;
; invadersImg:imagegen|lpm_divide:Div0|lpm_divide_6dm:auto_generated|sign_div_unsign_cnh:divider|alt_u_div_u2f:divider|StageOut[197]~42            ; 2       ;
; invadersImg:imagegen|lpm_divide:Mod1|lpm_divide_c5m:auto_generated|sign_div_unsign_fnh:divider|alt_u_div_43f:divider|StageOut[204]~50            ; 2       ;
; invadersImg:imagegen|lpm_divide:Mod1|lpm_divide_c5m:auto_generated|sign_div_unsign_fnh:divider|alt_u_div_43f:divider|StageOut[225]~45            ; 2       ;
; invadersImg:imagegen|lpm_divide:Mod4|lpm_divide_c5m:auto_generated|sign_div_unsign_fnh:divider|alt_u_div_43f:divider|StageOut[225]~155           ; 2       ;
; invadersImg:imagegen|lpm_divide:Mod4|lpm_divide_c5m:auto_generated|sign_div_unsign_fnh:divider|alt_u_div_43f:divider|StageOut[225]~154           ; 2       ;
; invadersImg:imagegen|lpm_divide:Mod4|lpm_divide_c5m:auto_generated|sign_div_unsign_fnh:divider|alt_u_div_43f:divider|StageOut[207]~153           ; 2       ;
; invadersImg:imagegen|lpm_divide:Mod4|lpm_divide_c5m:auto_generated|sign_div_unsign_fnh:divider|alt_u_div_43f:divider|StageOut[189]~152           ; 2       ;
; invadersImg:imagegen|lpm_divide:Mod4|lpm_divide_c5m:auto_generated|sign_div_unsign_fnh:divider|alt_u_div_43f:divider|StageOut[189]~151           ; 2       ;
; invadersImg:imagegen|lpm_divide:Mod4|lpm_divide_c5m:auto_generated|sign_div_unsign_fnh:divider|alt_u_div_43f:divider|StageOut[171]~150           ; 2       ;
; invadersImg:imagegen|lpm_divide:Mod4|lpm_divide_c5m:auto_generated|sign_div_unsign_fnh:divider|alt_u_div_43f:divider|StageOut[153]~149           ; 2       ;
; invadersImg:imagegen|lpm_divide:Mod2|lpm_divide_c5m:auto_generated|sign_div_unsign_fnh:divider|alt_u_div_43f:divider|StageOut[225]~107           ; 2       ;
; invadersImg:imagegen|lpm_divide:Mod2|lpm_divide_c5m:auto_generated|sign_div_unsign_fnh:divider|alt_u_div_43f:divider|StageOut[225]~106           ; 2       ;
; invadersImg:imagegen|lpm_divide:Mod2|lpm_divide_c5m:auto_generated|sign_div_unsign_fnh:divider|alt_u_div_43f:divider|StageOut[207]~105           ; 2       ;
; invadersImg:imagegen|lpm_divide:Mod2|lpm_divide_c5m:auto_generated|sign_div_unsign_fnh:divider|alt_u_div_43f:divider|StageOut[189]~104           ; 2       ;
; invadersImg:imagegen|lpm_divide:Mod2|lpm_divide_c5m:auto_generated|sign_div_unsign_fnh:divider|alt_u_div_43f:divider|StageOut[189]~103           ; 2       ;
; invadersImg:imagegen|lpm_divide:Mod2|lpm_divide_c5m:auto_generated|sign_div_unsign_fnh:divider|alt_u_div_43f:divider|StageOut[171]~102           ; 2       ;
; invadersImg:imagegen|lpm_divide:Mod3|lpm_divide_c5m:auto_generated|sign_div_unsign_fnh:divider|alt_u_div_43f:divider|StageOut[225]~145           ; 2       ;
; invadersImg:imagegen|lpm_divide:Mod3|lpm_divide_c5m:auto_generated|sign_div_unsign_fnh:divider|alt_u_div_43f:divider|StageOut[225]~144           ; 2       ;
; invadersImg:imagegen|lpm_divide:Mod3|lpm_divide_c5m:auto_generated|sign_div_unsign_fnh:divider|alt_u_div_43f:divider|StageOut[207]~143           ; 2       ;
; invadersImg:imagegen|lpm_divide:Mod3|lpm_divide_c5m:auto_generated|sign_div_unsign_fnh:divider|alt_u_div_43f:divider|StageOut[189]~142           ; 2       ;
; invadersImg:imagegen|lpm_divide:Mod3|lpm_divide_c5m:auto_generated|sign_div_unsign_fnh:divider|alt_u_div_43f:divider|StageOut[189]~141           ; 2       ;
; invadersImg:imagegen|lpm_divide:Mod3|lpm_divide_c5m:auto_generated|sign_div_unsign_fnh:divider|alt_u_div_43f:divider|StageOut[171]~140           ; 2       ;
; invadersImg:imagegen|lpm_divide:Mod3|lpm_divide_c5m:auto_generated|sign_div_unsign_fnh:divider|alt_u_div_43f:divider|StageOut[153]~139           ; 2       ;
; invadersImg:imagegen|lpm_divide:Div0|lpm_divide_6dm:auto_generated|sign_div_unsign_cnh:divider|alt_u_div_u2f:divider|StageOut[198]~39            ; 2       ;
; invadersImg:imagegen|lpm_divide:Div0|lpm_divide_6dm:auto_generated|sign_div_unsign_cnh:divider|alt_u_div_u2f:divider|StageOut[198]~38            ; 2       ;
; invadersImg:imagegen|lpm_divide:Div0|lpm_divide_6dm:auto_generated|sign_div_unsign_cnh:divider|alt_u_div_u2f:divider|StageOut[198]~37            ; 2       ;
; invadersImg:imagegen|lpm_divide:Mod1|lpm_divide_c5m:auto_generated|sign_div_unsign_fnh:divider|alt_u_div_43f:divider|StageOut[226]~41            ; 2       ;
; invadersImg:imagegen|lpm_divide:Mod1|lpm_divide_c5m:auto_generated|sign_div_unsign_fnh:divider|alt_u_div_43f:divider|StageOut[208]~40            ; 2       ;
; invadersImg:imagegen|lpm_divide:Mod4|lpm_divide_c5m:auto_generated|sign_div_unsign_fnh:divider|alt_u_div_43f:divider|StageOut[226]~147           ; 2       ;
; invadersImg:imagegen|lpm_divide:Mod4|lpm_divide_c5m:auto_generated|sign_div_unsign_fnh:divider|alt_u_div_43f:divider|StageOut[208]~146           ; 2       ;
; invadersImg:imagegen|lpm_divide:Mod4|lpm_divide_c5m:auto_generated|sign_div_unsign_fnh:divider|alt_u_div_43f:divider|StageOut[208]~145           ; 2       ;
; invadersImg:imagegen|lpm_divide:Mod4|lpm_divide_c5m:auto_generated|sign_div_unsign_fnh:divider|alt_u_div_43f:divider|StageOut[190]~144           ; 2       ;
; invadersImg:imagegen|lpm_divide:Mod4|lpm_divide_c5m:auto_generated|sign_div_unsign_fnh:divider|alt_u_div_43f:divider|StageOut[172]~143           ; 2       ;
; invadersImg:imagegen|lpm_divide:Mod4|lpm_divide_c5m:auto_generated|sign_div_unsign_fnh:divider|alt_u_div_43f:divider|StageOut[172]~142           ; 2       ;
; invadersImg:imagegen|lpm_divide:Mod4|lpm_divide_c5m:auto_generated|sign_div_unsign_fnh:divider|alt_u_div_43f:divider|StageOut[154]~141           ; 2       ;
; invadersImg:imagegen|lpm_divide:Mod4|lpm_divide_c5m:auto_generated|sign_div_unsign_fnh:divider|alt_u_div_43f:divider|StageOut[136]~140           ; 2       ;
; invadersImg:imagegen|lpm_divide:Mod2|lpm_divide_c5m:auto_generated|sign_div_unsign_fnh:divider|alt_u_div_43f:divider|StageOut[226]~97            ; 2       ;
; invadersImg:imagegen|lpm_divide:Mod2|lpm_divide_c5m:auto_generated|sign_div_unsign_fnh:divider|alt_u_div_43f:divider|StageOut[208]~96            ; 2       ;
; invadersImg:imagegen|lpm_divide:Mod2|lpm_divide_c5m:auto_generated|sign_div_unsign_fnh:divider|alt_u_div_43f:divider|StageOut[208]~95            ; 2       ;
; invadersImg:imagegen|lpm_divide:Mod2|lpm_divide_c5m:auto_generated|sign_div_unsign_fnh:divider|alt_u_div_43f:divider|StageOut[190]~94            ; 2       ;
; invadersImg:imagegen|lpm_divide:Mod2|lpm_divide_c5m:auto_generated|sign_div_unsign_fnh:divider|alt_u_div_43f:divider|StageOut[172]~93            ; 2       ;
; invadersImg:imagegen|lpm_divide:Mod2|lpm_divide_c5m:auto_generated|sign_div_unsign_fnh:divider|alt_u_div_43f:divider|StageOut[172]~92            ; 2       ;
; invadersImg:imagegen|lpm_divide:Mod2|lpm_divide_c5m:auto_generated|sign_div_unsign_fnh:divider|alt_u_div_43f:divider|StageOut[154]~91            ; 2       ;
; invadersImg:imagegen|lpm_divide:Mod2|lpm_divide_c5m:auto_generated|sign_div_unsign_fnh:divider|alt_u_div_43f:divider|StageOut[136]~90            ; 2       ;
; invadersImg:imagegen|lpm_divide:Mod3|lpm_divide_c5m:auto_generated|sign_div_unsign_fnh:divider|alt_u_div_43f:divider|StageOut[226]~137           ; 2       ;
; invadersImg:imagegen|lpm_divide:Mod3|lpm_divide_c5m:auto_generated|sign_div_unsign_fnh:divider|alt_u_div_43f:divider|StageOut[208]~136           ; 2       ;
; invadersImg:imagegen|lpm_divide:Mod3|lpm_divide_c5m:auto_generated|sign_div_unsign_fnh:divider|alt_u_div_43f:divider|StageOut[208]~135           ; 2       ;
; invadersImg:imagegen|lpm_divide:Mod3|lpm_divide_c5m:auto_generated|sign_div_unsign_fnh:divider|alt_u_div_43f:divider|StageOut[190]~134           ; 2       ;
; invadersImg:imagegen|lpm_divide:Mod3|lpm_divide_c5m:auto_generated|sign_div_unsign_fnh:divider|alt_u_div_43f:divider|StageOut[172]~133           ; 2       ;
; invadersImg:imagegen|lpm_divide:Mod3|lpm_divide_c5m:auto_generated|sign_div_unsign_fnh:divider|alt_u_div_43f:divider|StageOut[172]~132           ; 2       ;
; invadersImg:imagegen|lpm_divide:Mod3|lpm_divide_c5m:auto_generated|sign_div_unsign_fnh:divider|alt_u_div_43f:divider|StageOut[154]~131           ; 2       ;
; invadersImg:imagegen|lpm_divide:Mod3|lpm_divide_c5m:auto_generated|sign_div_unsign_fnh:divider|alt_u_div_43f:divider|StageOut[136]~130           ; 2       ;
; invadersImg:imagegen|lpm_divide:Div0|lpm_divide_6dm:auto_generated|sign_div_unsign_cnh:divider|alt_u_div_u2f:divider|StageOut[199]~35            ; 2       ;
; invadersImg:imagegen|lpm_divide:Div0|lpm_divide_6dm:auto_generated|sign_div_unsign_cnh:divider|alt_u_div_u2f:divider|StageOut[199]~34            ; 2       ;
; invadersImg:imagegen|lpm_divide:Div1|lpm_divide_2dm:auto_generated|sign_div_unsign_8nh:divider|alt_u_div_m2f:divider|StageOut[143]~86            ; 2       ;
; invadersImg:imagegen|lpm_divide:Mod1|lpm_divide_c5m:auto_generated|sign_div_unsign_fnh:divider|alt_u_div_43f:divider|StageOut[188]~38            ; 2       ;
; invadersImg:imagegen|lpm_divide:Mod1|lpm_divide_c5m:auto_generated|sign_div_unsign_fnh:divider|alt_u_div_43f:divider|StageOut[170]~37            ; 2       ;
; invadersImg:imagegen|lpm_divide:Mod1|lpm_divide_c5m:auto_generated|sign_div_unsign_fnh:divider|alt_u_div_43f:divider|StageOut[170]~36            ; 2       ;
; invadersImg:imagegen|lpm_divide:Mod1|lpm_divide_c5m:auto_generated|sign_div_unsign_fnh:divider|alt_u_div_43f:divider|StageOut[227]~30            ; 2       ;
; invadersImg:imagegen|lpm_divide:Mod4|lpm_divide_c5m:auto_generated|sign_div_unsign_fnh:divider|alt_u_div_43f:divider|StageOut[227]~137           ; 2       ;
; invadersImg:imagegen|lpm_divide:Mod4|lpm_divide_c5m:auto_generated|sign_div_unsign_fnh:divider|alt_u_div_43f:divider|StageOut[227]~136           ; 2       ;
; invadersImg:imagegen|lpm_divide:Mod4|lpm_divide_c5m:auto_generated|sign_div_unsign_fnh:divider|alt_u_div_43f:divider|StageOut[209]~135           ; 2       ;
; invadersImg:imagegen|lpm_divide:Mod4|lpm_divide_c5m:auto_generated|sign_div_unsign_fnh:divider|alt_u_div_43f:divider|StageOut[191]~134           ; 2       ;
; invadersImg:imagegen|lpm_divide:Mod4|lpm_divide_c5m:auto_generated|sign_div_unsign_fnh:divider|alt_u_div_43f:divider|StageOut[191]~133           ; 2       ;
; invadersImg:imagegen|lpm_divide:Mod4|lpm_divide_c5m:auto_generated|sign_div_unsign_fnh:divider|alt_u_div_43f:divider|StageOut[173]~132           ; 2       ;
; invadersImg:imagegen|lpm_divide:Mod4|lpm_divide_c5m:auto_generated|sign_div_unsign_fnh:divider|alt_u_div_43f:divider|StageOut[155]~131           ; 2       ;
; invadersImg:imagegen|lpm_divide:Mod4|lpm_divide_c5m:auto_generated|sign_div_unsign_fnh:divider|alt_u_div_43f:divider|StageOut[155]~130           ; 2       ;
; invadersImg:imagegen|lpm_divide:Mod4|lpm_divide_c5m:auto_generated|sign_div_unsign_fnh:divider|alt_u_div_43f:divider|StageOut[137]~129           ; 2       ;
; invadersImg:imagegen|lpm_divide:Mod4|lpm_divide_c5m:auto_generated|sign_div_unsign_fnh:divider|alt_u_div_43f:divider|StageOut[119]~128           ; 2       ;
; invadersImg:imagegen|lpm_divide:Mod2|lpm_divide_c5m:auto_generated|sign_div_unsign_fnh:divider|alt_u_div_43f:divider|StageOut[227]~85            ; 2       ;
; invadersImg:imagegen|lpm_divide:Mod2|lpm_divide_c5m:auto_generated|sign_div_unsign_fnh:divider|alt_u_div_43f:divider|StageOut[227]~84            ; 2       ;
; invadersImg:imagegen|lpm_divide:Mod2|lpm_divide_c5m:auto_generated|sign_div_unsign_fnh:divider|alt_u_div_43f:divider|StageOut[209]~83            ; 2       ;
; invadersImg:imagegen|lpm_divide:Mod2|lpm_divide_c5m:auto_generated|sign_div_unsign_fnh:divider|alt_u_div_43f:divider|StageOut[191]~82            ; 2       ;
; invadersImg:imagegen|lpm_divide:Mod2|lpm_divide_c5m:auto_generated|sign_div_unsign_fnh:divider|alt_u_div_43f:divider|StageOut[191]~81            ; 2       ;
; invadersImg:imagegen|lpm_divide:Mod2|lpm_divide_c5m:auto_generated|sign_div_unsign_fnh:divider|alt_u_div_43f:divider|StageOut[173]~80            ; 2       ;
; invadersImg:imagegen|lpm_divide:Mod2|lpm_divide_c5m:auto_generated|sign_div_unsign_fnh:divider|alt_u_div_43f:divider|StageOut[155]~79            ; 2       ;
; invadersImg:imagegen|lpm_divide:Mod3|lpm_divide_c5m:auto_generated|sign_div_unsign_fnh:divider|alt_u_div_43f:divider|StageOut[227]~127           ; 2       ;
; invadersImg:imagegen|lpm_divide:Mod3|lpm_divide_c5m:auto_generated|sign_div_unsign_fnh:divider|alt_u_div_43f:divider|StageOut[227]~126           ; 2       ;
; invadersImg:imagegen|lpm_divide:Mod3|lpm_divide_c5m:auto_generated|sign_div_unsign_fnh:divider|alt_u_div_43f:divider|StageOut[209]~125           ; 2       ;
; invadersImg:imagegen|lpm_divide:Mod3|lpm_divide_c5m:auto_generated|sign_div_unsign_fnh:divider|alt_u_div_43f:divider|StageOut[191]~124           ; 2       ;
; invadersImg:imagegen|lpm_divide:Mod3|lpm_divide_c5m:auto_generated|sign_div_unsign_fnh:divider|alt_u_div_43f:divider|StageOut[191]~123           ; 2       ;
; invadersImg:imagegen|lpm_divide:Mod3|lpm_divide_c5m:auto_generated|sign_div_unsign_fnh:divider|alt_u_div_43f:divider|StageOut[173]~122           ; 2       ;
; invadersImg:imagegen|lpm_divide:Mod3|lpm_divide_c5m:auto_generated|sign_div_unsign_fnh:divider|alt_u_div_43f:divider|StageOut[155]~121           ; 2       ;
; invadersImg:imagegen|lpm_divide:Mod3|lpm_divide_c5m:auto_generated|sign_div_unsign_fnh:divider|alt_u_div_43f:divider|StageOut[155]~120           ; 2       ;
; invadersImg:imagegen|lpm_divide:Mod3|lpm_divide_c5m:auto_generated|sign_div_unsign_fnh:divider|alt_u_div_43f:divider|StageOut[137]~119           ; 2       ;
; invadersImg:imagegen|lpm_divide:Mod3|lpm_divide_c5m:auto_generated|sign_div_unsign_fnh:divider|alt_u_div_43f:divider|StageOut[119]~118           ; 2       ;
; invadersImg:imagegen|lpm_divide:Div0|lpm_divide_6dm:auto_generated|sign_div_unsign_cnh:divider|alt_u_div_u2f:divider|StageOut[200]~31            ; 2       ;
; invadersImg:imagegen|lpm_divide:Div0|lpm_divide_6dm:auto_generated|sign_div_unsign_cnh:divider|alt_u_div_u2f:divider|StageOut[200]~30            ; 2       ;
; invadersImg:imagegen|lpm_divide:Div0|lpm_divide_6dm:auto_generated|sign_div_unsign_cnh:divider|alt_u_div_u2f:divider|StageOut[200]~29            ; 2       ;
; invadersImg:imagegen|lpm_divide:Div1|lpm_divide_2dm:auto_generated|sign_div_unsign_8nh:divider|alt_u_div_m2f:divider|StageOut[144]~83            ; 2       ;
; invadersImg:imagegen|lpm_divide:Div1|lpm_divide_2dm:auto_generated|sign_div_unsign_8nh:divider|alt_u_div_m2f:divider|StageOut[132]~82            ; 2       ;
; invadersImg:imagegen|lpm_divide:Mod1|lpm_divide_c5m:auto_generated|sign_div_unsign_fnh:divider|alt_u_div_43f:divider|StageOut[228]~24            ; 2       ;
; invadersImg:imagegen|lpm_divide:Mod1|lpm_divide_c5m:auto_generated|sign_div_unsign_fnh:divider|alt_u_div_43f:divider|StageOut[210]~23            ; 2       ;
; invadersImg:imagegen|lpm_divide:Mod4|lpm_divide_c5m:auto_generated|sign_div_unsign_fnh:divider|alt_u_div_43f:divider|StageOut[228]~126           ; 2       ;
; invadersImg:imagegen|lpm_divide:Mod4|lpm_divide_c5m:auto_generated|sign_div_unsign_fnh:divider|alt_u_div_43f:divider|StageOut[210]~125           ; 2       ;
; invadersImg:imagegen|lpm_divide:Mod4|lpm_divide_c5m:auto_generated|sign_div_unsign_fnh:divider|alt_u_div_43f:divider|StageOut[210]~124           ; 2       ;
; invadersImg:imagegen|lpm_divide:Mod4|lpm_divide_c5m:auto_generated|sign_div_unsign_fnh:divider|alt_u_div_43f:divider|StageOut[192]~123           ; 2       ;
; invadersImg:imagegen|lpm_divide:Mod4|lpm_divide_c5m:auto_generated|sign_div_unsign_fnh:divider|alt_u_div_43f:divider|StageOut[174]~122           ; 2       ;
; invadersImg:imagegen|lpm_divide:Mod4|lpm_divide_c5m:auto_generated|sign_div_unsign_fnh:divider|alt_u_div_43f:divider|StageOut[174]~121           ; 2       ;
; invadersImg:imagegen|lpm_divide:Mod4|lpm_divide_c5m:auto_generated|sign_div_unsign_fnh:divider|alt_u_div_43f:divider|StageOut[156]~120           ; 2       ;
; invadersImg:imagegen|lpm_divide:Mod4|lpm_divide_c5m:auto_generated|sign_div_unsign_fnh:divider|alt_u_div_43f:divider|StageOut[138]~119           ; 2       ;
; invadersImg:imagegen|lpm_divide:Mod4|lpm_divide_c5m:auto_generated|sign_div_unsign_fnh:divider|alt_u_div_43f:divider|StageOut[138]~118           ; 2       ;
; invadersImg:imagegen|lpm_divide:Mod4|lpm_divide_c5m:auto_generated|sign_div_unsign_fnh:divider|alt_u_div_43f:divider|StageOut[120]~117           ; 2       ;
; invadersImg:imagegen|lpm_divide:Mod4|lpm_divide_c5m:auto_generated|sign_div_unsign_fnh:divider|alt_u_div_43f:divider|StageOut[102]~116           ; 2       ;
; invadersImg:imagegen|lpm_divide:Mod2|lpm_divide_c5m:auto_generated|sign_div_unsign_fnh:divider|alt_u_div_43f:divider|StageOut[228]~73            ; 2       ;
; invadersImg:imagegen|lpm_divide:Mod2|lpm_divide_c5m:auto_generated|sign_div_unsign_fnh:divider|alt_u_div_43f:divider|StageOut[210]~72            ; 2       ;
; invadersImg:imagegen|lpm_divide:Mod2|lpm_divide_c5m:auto_generated|sign_div_unsign_fnh:divider|alt_u_div_43f:divider|StageOut[210]~71            ; 2       ;
; invadersImg:imagegen|lpm_divide:Mod2|lpm_divide_c5m:auto_generated|sign_div_unsign_fnh:divider|alt_u_div_43f:divider|StageOut[192]~70            ; 2       ;
; invadersImg:imagegen|lpm_divide:Mod2|lpm_divide_c5m:auto_generated|sign_div_unsign_fnh:divider|alt_u_div_43f:divider|StageOut[174]~69            ; 2       ;
; invadersImg:imagegen|lpm_divide:Mod2|lpm_divide_c5m:auto_generated|sign_div_unsign_fnh:divider|alt_u_div_43f:divider|StageOut[174]~68            ; 2       ;
; invadersImg:imagegen|lpm_divide:Mod2|lpm_divide_c5m:auto_generated|sign_div_unsign_fnh:divider|alt_u_div_43f:divider|StageOut[156]~67            ; 2       ;
; invadersImg:imagegen|lpm_divide:Mod2|lpm_divide_c5m:auto_generated|sign_div_unsign_fnh:divider|alt_u_div_43f:divider|StageOut[138]~65            ; 2       ;
; invadersImg:imagegen|lpm_divide:Mod2|lpm_divide_c5m:auto_generated|sign_div_unsign_fnh:divider|alt_u_div_43f:divider|StageOut[120]~64            ; 2       ;
; invadersImg:imagegen|lpm_divide:Mod3|lpm_divide_c5m:auto_generated|sign_div_unsign_fnh:divider|alt_u_div_43f:divider|StageOut[228]~116           ; 2       ;
; invadersImg:imagegen|lpm_divide:Mod3|lpm_divide_c5m:auto_generated|sign_div_unsign_fnh:divider|alt_u_div_43f:divider|StageOut[210]~115           ; 2       ;
; invadersImg:imagegen|lpm_divide:Mod3|lpm_divide_c5m:auto_generated|sign_div_unsign_fnh:divider|alt_u_div_43f:divider|StageOut[210]~114           ; 2       ;
; invadersImg:imagegen|lpm_divide:Mod3|lpm_divide_c5m:auto_generated|sign_div_unsign_fnh:divider|alt_u_div_43f:divider|StageOut[192]~113           ; 2       ;
; invadersImg:imagegen|lpm_divide:Mod3|lpm_divide_c5m:auto_generated|sign_div_unsign_fnh:divider|alt_u_div_43f:divider|StageOut[174]~112           ; 2       ;
; invadersImg:imagegen|lpm_divide:Mod3|lpm_divide_c5m:auto_generated|sign_div_unsign_fnh:divider|alt_u_div_43f:divider|StageOut[174]~111           ; 2       ;
; invadersImg:imagegen|lpm_divide:Mod3|lpm_divide_c5m:auto_generated|sign_div_unsign_fnh:divider|alt_u_div_43f:divider|StageOut[156]~110           ; 2       ;
; invadersImg:imagegen|lpm_divide:Mod3|lpm_divide_c5m:auto_generated|sign_div_unsign_fnh:divider|alt_u_div_43f:divider|StageOut[138]~109           ; 2       ;
; invadersImg:imagegen|lpm_divide:Mod3|lpm_divide_c5m:auto_generated|sign_div_unsign_fnh:divider|alt_u_div_43f:divider|StageOut[138]~108           ; 2       ;
; invadersImg:imagegen|lpm_divide:Mod3|lpm_divide_c5m:auto_generated|sign_div_unsign_fnh:divider|alt_u_div_43f:divider|StageOut[120]~107           ; 2       ;
; invadersImg:imagegen|lpm_divide:Mod3|lpm_divide_c5m:auto_generated|sign_div_unsign_fnh:divider|alt_u_div_43f:divider|StageOut[102]~106           ; 2       ;
; invadersImg:imagegen|lpm_divide:Div0|lpm_divide_6dm:auto_generated|sign_div_unsign_cnh:divider|alt_u_div_u2f:divider|StageOut[201]~27            ; 2       ;
; invadersImg:imagegen|lpm_divide:Div0|lpm_divide_6dm:auto_generated|sign_div_unsign_cnh:divider|alt_u_div_u2f:divider|StageOut[201]~26            ; 2       ;
; invadersImg:imagegen|lpm_divide:Div1|lpm_divide_2dm:auto_generated|sign_div_unsign_8nh:divider|alt_u_div_m2f:divider|StageOut[145]~80            ; 2       ;
; invadersImg:imagegen|lpm_divide:Div1|lpm_divide_2dm:auto_generated|sign_div_unsign_8nh:divider|alt_u_div_m2f:divider|StageOut[145]~79            ; 2       ;
; invadersImg:imagegen|lpm_divide:Div1|lpm_divide_2dm:auto_generated|sign_div_unsign_8nh:divider|alt_u_div_m2f:divider|StageOut[133]~78            ; 2       ;
; invadersImg:imagegen|lpm_divide:Div1|lpm_divide_2dm:auto_generated|sign_div_unsign_8nh:divider|alt_u_div_m2f:divider|StageOut[121]~77            ; 2       ;
; invadersImg:imagegen|lpm_divide:Mod1|lpm_divide_c5m:auto_generated|sign_div_unsign_fnh:divider|alt_u_div_43f:divider|StageOut[190]~21            ; 2       ;
; invadersImg:imagegen|lpm_divide:Mod1|lpm_divide_c5m:auto_generated|sign_div_unsign_fnh:divider|alt_u_div_43f:divider|StageOut[229]~15            ; 2       ;
; invadersImg:imagegen|lpm_divide:Mod4|lpm_divide_c5m:auto_generated|sign_div_unsign_fnh:divider|alt_u_div_43f:divider|StageOut[229]~113           ; 2       ;
; invadersImg:imagegen|lpm_divide:Mod4|lpm_divide_c5m:auto_generated|sign_div_unsign_fnh:divider|alt_u_div_43f:divider|StageOut[229]~112           ; 2       ;
; invadersImg:imagegen|lpm_divide:Mod4|lpm_divide_c5m:auto_generated|sign_div_unsign_fnh:divider|alt_u_div_43f:divider|StageOut[211]~111           ; 2       ;
; invadersImg:imagegen|lpm_divide:Mod4|lpm_divide_c5m:auto_generated|sign_div_unsign_fnh:divider|alt_u_div_43f:divider|StageOut[193]~110           ; 2       ;
; invadersImg:imagegen|lpm_divide:Mod4|lpm_divide_c5m:auto_generated|sign_div_unsign_fnh:divider|alt_u_div_43f:divider|StageOut[193]~109           ; 2       ;
; invadersImg:imagegen|lpm_divide:Mod4|lpm_divide_c5m:auto_generated|sign_div_unsign_fnh:divider|alt_u_div_43f:divider|StageOut[175]~108           ; 2       ;
; invadersImg:imagegen|lpm_divide:Mod4|lpm_divide_c5m:auto_generated|sign_div_unsign_fnh:divider|alt_u_div_43f:divider|StageOut[157]~107           ; 2       ;
; invadersImg:imagegen|lpm_divide:Mod4|lpm_divide_c5m:auto_generated|sign_div_unsign_fnh:divider|alt_u_div_43f:divider|StageOut[157]~106           ; 2       ;
; invadersImg:imagegen|lpm_divide:Mod4|lpm_divide_c5m:auto_generated|sign_div_unsign_fnh:divider|alt_u_div_43f:divider|StageOut[139]~105           ; 2       ;
; invadersImg:imagegen|lpm_divide:Mod4|lpm_divide_c5m:auto_generated|sign_div_unsign_fnh:divider|alt_u_div_43f:divider|StageOut[121]~104           ; 2       ;
; invadersImg:imagegen|lpm_divide:Mod4|lpm_divide_c5m:auto_generated|sign_div_unsign_fnh:divider|alt_u_div_43f:divider|StageOut[121]~103           ; 2       ;
; invadersImg:imagegen|lpm_divide:Mod4|lpm_divide_c5m:auto_generated|sign_div_unsign_fnh:divider|alt_u_div_43f:divider|StageOut[103]~102           ; 2       ;
; invadersImg:imagegen|lpm_divide:Mod4|lpm_divide_c5m:auto_generated|sign_div_unsign_fnh:divider|alt_u_div_43f:divider|StageOut[85]~101            ; 2       ;
; invadersImg:imagegen|lpm_divide:Mod2|lpm_divide_c5m:auto_generated|sign_div_unsign_fnh:divider|alt_u_div_43f:divider|StageOut[229]~59            ; 2       ;
; invadersImg:imagegen|lpm_divide:Mod2|lpm_divide_c5m:auto_generated|sign_div_unsign_fnh:divider|alt_u_div_43f:divider|StageOut[229]~58            ; 2       ;
; invadersImg:imagegen|lpm_divide:Mod2|lpm_divide_c5m:auto_generated|sign_div_unsign_fnh:divider|alt_u_div_43f:divider|StageOut[211]~57            ; 2       ;
; invadersImg:imagegen|lpm_divide:Mod2|lpm_divide_c5m:auto_generated|sign_div_unsign_fnh:divider|alt_u_div_43f:divider|StageOut[193]~56            ; 2       ;
; invadersImg:imagegen|lpm_divide:Mod2|lpm_divide_c5m:auto_generated|sign_div_unsign_fnh:divider|alt_u_div_43f:divider|StageOut[193]~55            ; 2       ;
; invadersImg:imagegen|lpm_divide:Mod2|lpm_divide_c5m:auto_generated|sign_div_unsign_fnh:divider|alt_u_div_43f:divider|StageOut[175]~54            ; 2       ;
; invadersImg:imagegen|lpm_divide:Mod2|lpm_divide_c5m:auto_generated|sign_div_unsign_fnh:divider|alt_u_div_43f:divider|StageOut[157]~53            ; 2       ;
; invadersImg:imagegen|lpm_divide:Mod3|lpm_divide_c5m:auto_generated|sign_div_unsign_fnh:divider|alt_u_div_43f:divider|StageOut[229]~103           ; 2       ;
; invadersImg:imagegen|lpm_divide:Mod3|lpm_divide_c5m:auto_generated|sign_div_unsign_fnh:divider|alt_u_div_43f:divider|StageOut[229]~102           ; 2       ;
; invadersImg:imagegen|lpm_divide:Mod3|lpm_divide_c5m:auto_generated|sign_div_unsign_fnh:divider|alt_u_div_43f:divider|StageOut[211]~101           ; 2       ;
; invadersImg:imagegen|lpm_divide:Mod3|lpm_divide_c5m:auto_generated|sign_div_unsign_fnh:divider|alt_u_div_43f:divider|StageOut[193]~100           ; 2       ;
; invadersImg:imagegen|lpm_divide:Mod3|lpm_divide_c5m:auto_generated|sign_div_unsign_fnh:divider|alt_u_div_43f:divider|StageOut[193]~99            ; 2       ;
; invadersImg:imagegen|lpm_divide:Mod3|lpm_divide_c5m:auto_generated|sign_div_unsign_fnh:divider|alt_u_div_43f:divider|StageOut[175]~98            ; 2       ;
; invadersImg:imagegen|lpm_divide:Mod3|lpm_divide_c5m:auto_generated|sign_div_unsign_fnh:divider|alt_u_div_43f:divider|StageOut[157]~97            ; 2       ;
; invadersImg:imagegen|lpm_divide:Mod3|lpm_divide_c5m:auto_generated|sign_div_unsign_fnh:divider|alt_u_div_43f:divider|StageOut[157]~96            ; 2       ;
; invadersImg:imagegen|lpm_divide:Mod3|lpm_divide_c5m:auto_generated|sign_div_unsign_fnh:divider|alt_u_div_43f:divider|StageOut[139]~95            ; 2       ;
; invadersImg:imagegen|lpm_divide:Mod3|lpm_divide_c5m:auto_generated|sign_div_unsign_fnh:divider|alt_u_div_43f:divider|StageOut[121]~94            ; 2       ;
; invadersImg:imagegen|lpm_divide:Mod3|lpm_divide_c5m:auto_generated|sign_div_unsign_fnh:divider|alt_u_div_43f:divider|StageOut[121]~93            ; 2       ;
; invadersImg:imagegen|lpm_divide:Mod3|lpm_divide_c5m:auto_generated|sign_div_unsign_fnh:divider|alt_u_div_43f:divider|StageOut[103]~92            ; 2       ;
; invadersImg:imagegen|lpm_divide:Mod3|lpm_divide_c5m:auto_generated|sign_div_unsign_fnh:divider|alt_u_div_43f:divider|StageOut[85]~91             ; 2       ;
; invadersImg:imagegen|lpm_divide:Div0|lpm_divide_6dm:auto_generated|sign_div_unsign_cnh:divider|alt_u_div_u2f:divider|StageOut[202]~23            ; 2       ;
; invadersImg:imagegen|lpm_divide:Div0|lpm_divide_6dm:auto_generated|sign_div_unsign_cnh:divider|alt_u_div_u2f:divider|StageOut[202]~22            ; 2       ;
; invadersImg:imagegen|lpm_divide:Div0|lpm_divide_6dm:auto_generated|sign_div_unsign_cnh:divider|alt_u_div_u2f:divider|StageOut[202]~21            ; 2       ;
; invadersImg:imagegen|lpm_divide:Div1|lpm_divide_2dm:auto_generated|sign_div_unsign_8nh:divider|alt_u_div_m2f:divider|StageOut[146]~74            ; 2       ;
; invadersImg:imagegen|lpm_divide:Div1|lpm_divide_2dm:auto_generated|sign_div_unsign_8nh:divider|alt_u_div_m2f:divider|StageOut[134]~73            ; 2       ;
; invadersImg:imagegen|lpm_divide:Div1|lpm_divide_2dm:auto_generated|sign_div_unsign_8nh:divider|alt_u_div_m2f:divider|StageOut[134]~72            ; 2       ;
; invadersImg:imagegen|lpm_divide:Div1|lpm_divide_2dm:auto_generated|sign_div_unsign_8nh:divider|alt_u_div_m2f:divider|StageOut[122]~71            ; 2       ;
; invadersImg:imagegen|lpm_divide:Div1|lpm_divide_2dm:auto_generated|sign_div_unsign_8nh:divider|alt_u_div_m2f:divider|StageOut[110]~70            ; 2       ;
; invadersImg:imagegen|lpm_divide:Mod1|lpm_divide_c5m:auto_generated|sign_div_unsign_fnh:divider|alt_u_div_43f:divider|StageOut[230]~11            ; 2       ;
; invadersImg:imagegen|lpm_divide:Mod4|lpm_divide_c5m:auto_generated|sign_div_unsign_fnh:divider|alt_u_div_43f:divider|StageOut[230]~99            ; 2       ;
; invadersImg:imagegen|lpm_divide:Mod4|lpm_divide_c5m:auto_generated|sign_div_unsign_fnh:divider|alt_u_div_43f:divider|StageOut[212]~98            ; 2       ;
; invadersImg:imagegen|lpm_divide:Mod4|lpm_divide_c5m:auto_generated|sign_div_unsign_fnh:divider|alt_u_div_43f:divider|StageOut[212]~97            ; 2       ;
; invadersImg:imagegen|lpm_divide:Mod4|lpm_divide_c5m:auto_generated|sign_div_unsign_fnh:divider|alt_u_div_43f:divider|StageOut[194]~96            ; 2       ;
; invadersImg:imagegen|lpm_divide:Mod4|lpm_divide_c5m:auto_generated|sign_div_unsign_fnh:divider|alt_u_div_43f:divider|StageOut[176]~95            ; 2       ;
; invadersImg:imagegen|lpm_divide:Mod4|lpm_divide_c5m:auto_generated|sign_div_unsign_fnh:divider|alt_u_div_43f:divider|StageOut[176]~94            ; 2       ;
; invadersImg:imagegen|lpm_divide:Mod4|lpm_divide_c5m:auto_generated|sign_div_unsign_fnh:divider|alt_u_div_43f:divider|StageOut[158]~93            ; 2       ;
; invadersImg:imagegen|lpm_divide:Mod4|lpm_divide_c5m:auto_generated|sign_div_unsign_fnh:divider|alt_u_div_43f:divider|StageOut[140]~92            ; 2       ;
; invadersImg:imagegen|lpm_divide:Mod4|lpm_divide_c5m:auto_generated|sign_div_unsign_fnh:divider|alt_u_div_43f:divider|StageOut[140]~91            ; 2       ;
; invadersImg:imagegen|lpm_divide:Mod4|lpm_divide_c5m:auto_generated|sign_div_unsign_fnh:divider|alt_u_div_43f:divider|StageOut[122]~90            ; 2       ;
; invadersImg:imagegen|lpm_divide:Mod4|lpm_divide_c5m:auto_generated|sign_div_unsign_fnh:divider|alt_u_div_43f:divider|StageOut[104]~89            ; 2       ;
; invadersImg:imagegen|lpm_divide:Mod4|lpm_divide_c5m:auto_generated|sign_div_unsign_fnh:divider|alt_u_div_43f:divider|StageOut[104]~88            ; 2       ;
; invadersImg:imagegen|lpm_divide:Mod4|lpm_divide_c5m:auto_generated|sign_div_unsign_fnh:divider|alt_u_div_43f:divider|StageOut[86]~87             ; 2       ;
; invadersImg:imagegen|lpm_divide:Mod4|lpm_divide_c5m:auto_generated|sign_div_unsign_fnh:divider|alt_u_div_43f:divider|StageOut[68]~86             ; 2       ;
; invadersImg:imagegen|lpm_divide:Div2|lpm_divide_obm:auto_generated|sign_div_unsign_ulh:divider|alt_u_div_20f:divider|StageOut[104]~82            ; 2       ;
; invadersImg:imagegen|lpm_divide:Mod2|lpm_divide_c5m:auto_generated|sign_div_unsign_fnh:divider|alt_u_div_43f:divider|StageOut[230]~51            ; 2       ;
; invadersImg:imagegen|lpm_divide:Mod2|lpm_divide_c5m:auto_generated|sign_div_unsign_fnh:divider|alt_u_div_43f:divider|StageOut[212]~50            ; 2       ;
; invadersImg:imagegen|lpm_divide:Mod2|lpm_divide_c5m:auto_generated|sign_div_unsign_fnh:divider|alt_u_div_43f:divider|StageOut[212]~49            ; 2       ;
; invadersImg:imagegen|lpm_divide:Mod2|lpm_divide_c5m:auto_generated|sign_div_unsign_fnh:divider|alt_u_div_43f:divider|StageOut[194]~48            ; 2       ;
; invadersImg:imagegen|lpm_divide:Mod2|lpm_divide_c5m:auto_generated|sign_div_unsign_fnh:divider|alt_u_div_43f:divider|StageOut[176]~47            ; 2       ;
; invadersImg:imagegen|lpm_divide:Mod2|lpm_divide_c5m:auto_generated|sign_div_unsign_fnh:divider|alt_u_div_43f:divider|StageOut[176]~46            ; 2       ;
; invadersImg:imagegen|lpm_divide:Mod2|lpm_divide_c5m:auto_generated|sign_div_unsign_fnh:divider|alt_u_div_43f:divider|StageOut[158]~45            ; 2       ;
; invadersImg:imagegen|lpm_divide:Mod2|lpm_divide_c5m:auto_generated|sign_div_unsign_fnh:divider|alt_u_div_43f:divider|StageOut[140]~43            ; 2       ;
; invadersImg:imagegen|lpm_divide:Mod2|lpm_divide_c5m:auto_generated|sign_div_unsign_fnh:divider|alt_u_div_43f:divider|StageOut[122]~42            ; 2       ;
; invadersImg:imagegen|lpm_divide:Div3|lpm_divide_lbm:auto_generated|sign_div_unsign_rlh:divider|alt_u_div_sve:divider|StageOut[16]~44             ; 2       ;
; invadersImg:imagegen|lpm_divide:Div3|lpm_divide_lbm:auto_generated|sign_div_unsign_rlh:divider|alt_u_div_sve:divider|StageOut[21]~41             ; 2       ;
; invadersImg:imagegen|lpm_divide:Div3|lpm_divide_lbm:auto_generated|sign_div_unsign_rlh:divider|alt_u_div_sve:divider|StageOut[15]~40             ; 2       ;
; invadersImg:imagegen|lpm_divide:Div3|lpm_divide_lbm:auto_generated|sign_div_unsign_rlh:divider|alt_u_div_sve:divider|StageOut[26]~37             ; 2       ;
; invadersImg:imagegen|lpm_divide:Div3|lpm_divide_lbm:auto_generated|sign_div_unsign_rlh:divider|alt_u_div_sve:divider|StageOut[20]~36             ; 2       ;
; invadersImg:imagegen|lpm_divide:Mod3|lpm_divide_c5m:auto_generated|sign_div_unsign_fnh:divider|alt_u_div_43f:divider|StageOut[230]~89            ; 2       ;
; invadersImg:imagegen|lpm_divide:Mod3|lpm_divide_c5m:auto_generated|sign_div_unsign_fnh:divider|alt_u_div_43f:divider|StageOut[212]~88            ; 2       ;
; invadersImg:imagegen|lpm_divide:Mod3|lpm_divide_c5m:auto_generated|sign_div_unsign_fnh:divider|alt_u_div_43f:divider|StageOut[212]~87            ; 2       ;
; invadersImg:imagegen|lpm_divide:Mod3|lpm_divide_c5m:auto_generated|sign_div_unsign_fnh:divider|alt_u_div_43f:divider|StageOut[194]~86            ; 2       ;
; invadersImg:imagegen|lpm_divide:Mod3|lpm_divide_c5m:auto_generated|sign_div_unsign_fnh:divider|alt_u_div_43f:divider|StageOut[176]~85            ; 2       ;
; invadersImg:imagegen|lpm_divide:Mod3|lpm_divide_c5m:auto_generated|sign_div_unsign_fnh:divider|alt_u_div_43f:divider|StageOut[176]~84            ; 2       ;
; invadersImg:imagegen|lpm_divide:Mod3|lpm_divide_c5m:auto_generated|sign_div_unsign_fnh:divider|alt_u_div_43f:divider|StageOut[158]~83            ; 2       ;
; invadersImg:imagegen|lpm_divide:Mod3|lpm_divide_c5m:auto_generated|sign_div_unsign_fnh:divider|alt_u_div_43f:divider|StageOut[140]~82            ; 2       ;
; invadersImg:imagegen|lpm_divide:Mod3|lpm_divide_c5m:auto_generated|sign_div_unsign_fnh:divider|alt_u_div_43f:divider|StageOut[140]~81            ; 2       ;
; invadersImg:imagegen|lpm_divide:Mod3|lpm_divide_c5m:auto_generated|sign_div_unsign_fnh:divider|alt_u_div_43f:divider|StageOut[122]~80            ; 2       ;
; invadersImg:imagegen|lpm_divide:Mod3|lpm_divide_c5m:auto_generated|sign_div_unsign_fnh:divider|alt_u_div_43f:divider|StageOut[104]~79            ; 2       ;
; invadersImg:imagegen|lpm_divide:Mod3|lpm_divide_c5m:auto_generated|sign_div_unsign_fnh:divider|alt_u_div_43f:divider|StageOut[104]~78            ; 2       ;
; invadersImg:imagegen|lpm_divide:Mod3|lpm_divide_c5m:auto_generated|sign_div_unsign_fnh:divider|alt_u_div_43f:divider|StageOut[86]~77             ; 2       ;
; invadersImg:imagegen|lpm_divide:Mod3|lpm_divide_c5m:auto_generated|sign_div_unsign_fnh:divider|alt_u_div_43f:divider|StageOut[68]~76             ; 2       ;
; invadersImg:imagegen|lpm_divide:Div0|lpm_divide_6dm:auto_generated|sign_div_unsign_cnh:divider|alt_u_div_u2f:divider|StageOut[203]~19            ; 2       ;
; invadersImg:imagegen|lpm_divide:Div0|lpm_divide_6dm:auto_generated|sign_div_unsign_cnh:divider|alt_u_div_u2f:divider|StageOut[203]~18            ; 2       ;
; invadersImg:imagegen|lpm_divide:Div1|lpm_divide_2dm:auto_generated|sign_div_unsign_8nh:divider|alt_u_div_m2f:divider|StageOut[147]~68            ; 2       ;
; invadersImg:imagegen|lpm_divide:Div1|lpm_divide_2dm:auto_generated|sign_div_unsign_8nh:divider|alt_u_div_m2f:divider|StageOut[147]~67            ; 2       ;
; invadersImg:imagegen|lpm_divide:Div1|lpm_divide_2dm:auto_generated|sign_div_unsign_8nh:divider|alt_u_div_m2f:divider|StageOut[135]~66            ; 2       ;
; invadersImg:imagegen|lpm_divide:Div1|lpm_divide_2dm:auto_generated|sign_div_unsign_8nh:divider|alt_u_div_m2f:divider|StageOut[123]~65            ; 2       ;
; invadersImg:imagegen|lpm_divide:Div1|lpm_divide_2dm:auto_generated|sign_div_unsign_8nh:divider|alt_u_div_m2f:divider|StageOut[123]~64            ; 2       ;
; invadersImg:imagegen|lpm_divide:Div1|lpm_divide_2dm:auto_generated|sign_div_unsign_8nh:divider|alt_u_div_m2f:divider|StageOut[111]~63            ; 2       ;
; invadersImg:imagegen|lpm_divide:Div1|lpm_divide_2dm:auto_generated|sign_div_unsign_8nh:divider|alt_u_div_m2f:divider|StageOut[99]~62             ; 2       ;
; invadersImg:imagegen|lpm_divide:Mod1|lpm_divide_c5m:auto_generated|sign_div_unsign_fnh:divider|alt_u_div_43f:divider|StageOut[192]~9             ; 2       ;
; invadersImg:imagegen|lpm_divide:Mod4|lpm_divide_c5m:auto_generated|sign_div_unsign_fnh:divider|alt_u_div_43f:divider|StageOut[231]~83            ; 2       ;
; invadersImg:imagegen|lpm_divide:Mod4|lpm_divide_c5m:auto_generated|sign_div_unsign_fnh:divider|alt_u_div_43f:divider|StageOut[231]~82            ; 2       ;
; invadersImg:imagegen|lpm_divide:Mod4|lpm_divide_c5m:auto_generated|sign_div_unsign_fnh:divider|alt_u_div_43f:divider|StageOut[213]~81            ; 2       ;
; invadersImg:imagegen|lpm_divide:Mod4|lpm_divide_c5m:auto_generated|sign_div_unsign_fnh:divider|alt_u_div_43f:divider|StageOut[195]~80            ; 2       ;
; invadersImg:imagegen|lpm_divide:Mod4|lpm_divide_c5m:auto_generated|sign_div_unsign_fnh:divider|alt_u_div_43f:divider|StageOut[195]~79            ; 2       ;
; invadersImg:imagegen|lpm_divide:Mod4|lpm_divide_c5m:auto_generated|sign_div_unsign_fnh:divider|alt_u_div_43f:divider|StageOut[177]~78            ; 2       ;
; invadersImg:imagegen|lpm_divide:Mod4|lpm_divide_c5m:auto_generated|sign_div_unsign_fnh:divider|alt_u_div_43f:divider|StageOut[159]~77            ; 2       ;
; invadersImg:imagegen|lpm_divide:Mod4|lpm_divide_c5m:auto_generated|sign_div_unsign_fnh:divider|alt_u_div_43f:divider|StageOut[159]~76            ; 2       ;
; invadersImg:imagegen|lpm_divide:Mod4|lpm_divide_c5m:auto_generated|sign_div_unsign_fnh:divider|alt_u_div_43f:divider|StageOut[141]~75            ; 2       ;
; invadersImg:imagegen|lpm_divide:Mod4|lpm_divide_c5m:auto_generated|sign_div_unsign_fnh:divider|alt_u_div_43f:divider|StageOut[123]~74            ; 2       ;
; invadersImg:imagegen|lpm_divide:Mod4|lpm_divide_c5m:auto_generated|sign_div_unsign_fnh:divider|alt_u_div_43f:divider|StageOut[123]~73            ; 2       ;
; invadersImg:imagegen|lpm_divide:Mod4|lpm_divide_c5m:auto_generated|sign_div_unsign_fnh:divider|alt_u_div_43f:divider|StageOut[105]~72            ; 2       ;
; invadersImg:imagegen|lpm_divide:Mod4|lpm_divide_c5m:auto_generated|sign_div_unsign_fnh:divider|alt_u_div_43f:divider|StageOut[87]~71             ; 2       ;
; invadersImg:imagegen|lpm_divide:Mod4|lpm_divide_c5m:auto_generated|sign_div_unsign_fnh:divider|alt_u_div_43f:divider|StageOut[87]~70             ; 2       ;
; invadersImg:imagegen|lpm_divide:Mod4|lpm_divide_c5m:auto_generated|sign_div_unsign_fnh:divider|alt_u_div_43f:divider|StageOut[69]~69             ; 2       ;
; invadersImg:imagegen|lpm_divide:Mod4|lpm_divide_c5m:auto_generated|sign_div_unsign_fnh:divider|alt_u_div_43f:divider|StageOut[51]~68             ; 2       ;
; invadersImg:imagegen|lpm_divide:Div2|lpm_divide_obm:auto_generated|sign_div_unsign_ulh:divider|alt_u_div_20f:divider|StageOut[105]~79            ; 2       ;
; invadersImg:imagegen|lpm_divide:Div2|lpm_divide_obm:auto_generated|sign_div_unsign_ulh:divider|alt_u_div_20f:divider|StageOut[96]~78             ; 2       ;
; invadersImg:imagegen|lpm_divide:Mod2|lpm_divide_c5m:auto_generated|sign_div_unsign_fnh:divider|alt_u_div_43f:divider|StageOut[231]~37            ; 2       ;
; invadersImg:imagegen|lpm_divide:Mod2|lpm_divide_c5m:auto_generated|sign_div_unsign_fnh:divider|alt_u_div_43f:divider|StageOut[231]~36            ; 2       ;
; invadersImg:imagegen|lpm_divide:Mod2|lpm_divide_c5m:auto_generated|sign_div_unsign_fnh:divider|alt_u_div_43f:divider|StageOut[213]~35            ; 2       ;
; invadersImg:imagegen|lpm_divide:Mod2|lpm_divide_c5m:auto_generated|sign_div_unsign_fnh:divider|alt_u_div_43f:divider|StageOut[195]~34            ; 2       ;
; invadersImg:imagegen|lpm_divide:Mod2|lpm_divide_c5m:auto_generated|sign_div_unsign_fnh:divider|alt_u_div_43f:divider|StageOut[195]~33            ; 2       ;
; invadersImg:imagegen|lpm_divide:Mod2|lpm_divide_c5m:auto_generated|sign_div_unsign_fnh:divider|alt_u_div_43f:divider|StageOut[177]~32            ; 2       ;
; invadersImg:imagegen|lpm_divide:Mod2|lpm_divide_c5m:auto_generated|sign_div_unsign_fnh:divider|alt_u_div_43f:divider|StageOut[159]~31            ; 2       ;
; invadersImg:imagegen|lpm_divide:Mod3|lpm_divide_c5m:auto_generated|sign_div_unsign_fnh:divider|alt_u_div_43f:divider|StageOut[231]~71            ; 2       ;
; invadersImg:imagegen|lpm_divide:Mod3|lpm_divide_c5m:auto_generated|sign_div_unsign_fnh:divider|alt_u_div_43f:divider|StageOut[231]~70            ; 2       ;
; invadersImg:imagegen|lpm_divide:Mod3|lpm_divide_c5m:auto_generated|sign_div_unsign_fnh:divider|alt_u_div_43f:divider|StageOut[213]~69            ; 2       ;
; invadersImg:imagegen|lpm_divide:Mod3|lpm_divide_c5m:auto_generated|sign_div_unsign_fnh:divider|alt_u_div_43f:divider|StageOut[195]~68            ; 2       ;
; invadersImg:imagegen|lpm_divide:Mod3|lpm_divide_c5m:auto_generated|sign_div_unsign_fnh:divider|alt_u_div_43f:divider|StageOut[195]~67            ; 2       ;
; invadersImg:imagegen|lpm_divide:Mod3|lpm_divide_c5m:auto_generated|sign_div_unsign_fnh:divider|alt_u_div_43f:divider|StageOut[177]~66            ; 2       ;
; invadersImg:imagegen|lpm_divide:Mod3|lpm_divide_c5m:auto_generated|sign_div_unsign_fnh:divider|alt_u_div_43f:divider|StageOut[159]~65            ; 2       ;
; invadersImg:imagegen|lpm_divide:Mod3|lpm_divide_c5m:auto_generated|sign_div_unsign_fnh:divider|alt_u_div_43f:divider|StageOut[159]~64            ; 2       ;
; invadersImg:imagegen|lpm_divide:Mod3|lpm_divide_c5m:auto_generated|sign_div_unsign_fnh:divider|alt_u_div_43f:divider|StageOut[141]~63            ; 2       ;
; invadersImg:imagegen|lpm_divide:Mod3|lpm_divide_c5m:auto_generated|sign_div_unsign_fnh:divider|alt_u_div_43f:divider|StageOut[123]~62            ; 2       ;
; invadersImg:imagegen|lpm_divide:Mod3|lpm_divide_c5m:auto_generated|sign_div_unsign_fnh:divider|alt_u_div_43f:divider|StageOut[123]~61            ; 2       ;
; invadersImg:imagegen|lpm_divide:Mod3|lpm_divide_c5m:auto_generated|sign_div_unsign_fnh:divider|alt_u_div_43f:divider|StageOut[105]~60            ; 2       ;
; invadersImg:imagegen|lpm_divide:Mod3|lpm_divide_c5m:auto_generated|sign_div_unsign_fnh:divider|alt_u_div_43f:divider|StageOut[87]~59             ; 2       ;
; invadersImg:imagegen|lpm_divide:Mod3|lpm_divide_c5m:auto_generated|sign_div_unsign_fnh:divider|alt_u_div_43f:divider|StageOut[87]~58             ; 2       ;
; invadersImg:imagegen|lpm_divide:Mod3|lpm_divide_c5m:auto_generated|sign_div_unsign_fnh:divider|alt_u_div_43f:divider|StageOut[69]~57             ; 2       ;
; invadersImg:imagegen|lpm_divide:Div0|lpm_divide_6dm:auto_generated|sign_div_unsign_cnh:divider|alt_u_div_u2f:divider|StageOut[204]~15            ; 2       ;
; invadersImg:imagegen|lpm_divide:Div0|lpm_divide_6dm:auto_generated|sign_div_unsign_cnh:divider|alt_u_div_u2f:divider|StageOut[204]~14            ; 2       ;
; invadersImg:imagegen|lpm_divide:Div0|lpm_divide_6dm:auto_generated|sign_div_unsign_cnh:divider|alt_u_div_u2f:divider|StageOut[204]~13            ; 2       ;
; invadersImg:imagegen|lpm_divide:Div1|lpm_divide_2dm:auto_generated|sign_div_unsign_8nh:divider|alt_u_div_m2f:divider|StageOut[148]~57            ; 2       ;
; invadersImg:imagegen|lpm_divide:Div1|lpm_divide_2dm:auto_generated|sign_div_unsign_8nh:divider|alt_u_div_m2f:divider|StageOut[136]~56            ; 2       ;
; invadersImg:imagegen|lpm_divide:Div1|lpm_divide_2dm:auto_generated|sign_div_unsign_8nh:divider|alt_u_div_m2f:divider|StageOut[136]~55            ; 2       ;
; invadersImg:imagegen|lpm_divide:Div1|lpm_divide_2dm:auto_generated|sign_div_unsign_8nh:divider|alt_u_div_m2f:divider|StageOut[124]~54            ; 2       ;
+--------------------------------------------------------------------------------------------------------------------------------------------------+---------+


+------------------------------------------------------+
; Interconnect Usage Summary                           ;
+----------------------------+-------------------------+
; Interconnect Resource Type ; Usage                   ;
+----------------------------+-------------------------+
; Block interconnects        ; 5,425 / 217,884 ( 2 % ) ;
; C12 interconnects          ; 140 / 10,080 ( 1 % )    ;
; C2 interconnects           ; 1,486 / 87,208 ( 2 % )  ;
; C4 interconnects           ; 1,089 / 41,360 ( 3 % )  ;
; Local interconnects        ; 1,328 / 58,160 ( 2 % )  ;
; R14 interconnects          ; 86 / 9,228 ( < 1 % )    ;
; R3 interconnects           ; 2,006 / 94,896 ( 2 % )  ;
; R6 interconnects           ; 2,724 / 194,640 ( 1 % ) ;
+----------------------------+-------------------------+


+--------------------------------------------------------+
; Other Routing Usage Summary                            ;
+------------------------------+-------------------------+
; Other Routing Resource Type  ; Usage                   ;
+------------------------------+-------------------------+
; DQS bus muxes                ; 0 / 21 ( 0 % )          ;
; DQS-18 I/O buses             ; 0 / 21 ( 0 % )          ;
; DQS-9 I/O buses              ; 0 / 21 ( 0 % )          ;
; Direct links                 ; 797 / 217,884 ( < 1 % ) ;
; Global clocks                ; 3 / 16 ( 19 % )         ;
; Horizontal periphery clocks  ; 0 / 12 ( 0 % )          ;
; Quadrant clocks              ; 0 / 88 ( 0 % )          ;
; R14/C12 interconnect drivers ; 195 / 15,096 ( 1 % )    ;
; Spine clocks                 ; 9 / 180 ( 5 % )         ;
; Wire stub REs                ; 0 / 11,594 ( 0 % )      ;
+------------------------------+-------------------------+


+------------------------------------------+
; I/O Rules Summary                        ;
+----------------------------------+-------+
; I/O Rules Statistic              ; Total ;
+----------------------------------+-------+
; Total I/O Rules                  ; 28    ;
; Number of I/O Rules Passed       ; 7     ;
; Number of I/O Rules Failed       ; 0     ;
; Number of I/O Rules Unchecked    ; 0     ;
; Number of I/O Rules Inapplicable ; 21    ;
+----------------------------------+-------+


+--------------------------------------------------------------------------------------------------------------------------------------------------------------------------------------------------------------------------------------------------------------------+
; I/O Rules Details                                                                                                                                                                                                                                                  ;
+--------------+-----------+-----------------------------------+------------------------------------------------------------------------------------+----------+--------------------------------------------------------------------------+------+-------------------+
; Status       ; ID        ; Category                          ; Rule Description                                                                   ; Severity ; Information                                                              ; Area ; Extra Information ;
+--------------+-----------+-----------------------------------+------------------------------------------------------------------------------------+----------+--------------------------------------------------------------------------+------+-------------------+
; Pass         ; IO_000001 ; Capacity Checks                   ; Number of pins in an I/O bank should not exceed the number of locations available. ; Critical ; 0 such failures found.                                                   ; I/O  ;                   ;
; Inapplicable ; IO_000002 ; Capacity Checks                   ; Number of clocks in an I/O bank should not exceed the number of clocks available.  ; Critical ; No Global Signal assignments found.                                      ; I/O  ;                   ;
; Pass         ; IO_000003 ; Capacity Checks                   ; Number of pins in a Vrefgroup should not exceed the number of locations available. ; Critical ; 0 such failures found.                                                   ; I/O  ;                   ;
; Inapplicable ; IO_000004 ; Voltage Compatibility Checks      ; The I/O bank should support the requested VCCIO.                                   ; Critical ; No IOBANK_VCCIO assignments found.                                       ; I/O  ;                   ;
; Inapplicable ; IO_000005 ; Voltage Compatibility Checks      ; The I/O bank should not have competing VREF values.                                ; Critical ; No VREF I/O Standard assignments found.                                  ; I/O  ;                   ;
; Pass         ; IO_000006 ; Voltage Compatibility Checks      ; The I/O bank should not have competing VCCIO values.                               ; Critical ; 0 such failures found.                                                   ; I/O  ;                   ;
; Pass         ; IO_000007 ; Valid Location Checks             ; Checks for unavailable locations.                                                  ; Critical ; 0 such failures found.                                                   ; I/O  ;                   ;
; Inapplicable ; IO_000008 ; Valid Location Checks             ; Checks for reserved locations.                                                     ; Critical ; No reserved LogicLock region found.                                      ; I/O  ;                   ;
; Pass         ; IO_000009 ; I/O Properties Checks for One I/O ; The location should support the requested I/O standard.                            ; Critical ; 0 such failures found.                                                   ; I/O  ;                   ;
; Pass         ; IO_000010 ; I/O Properties Checks for One I/O ; The location should support the requested I/O direction.                           ; Critical ; 0 such failures found.                                                   ; I/O  ;                   ;
; Inapplicable ; IO_000011 ; I/O Properties Checks for One I/O ; The location should support the requested Current Strength.                        ; Critical ; No Current Strength assignments found.                                   ; I/O  ;                   ;
; Inapplicable ; IO_000012 ; I/O Properties Checks for One I/O ; The location should support the requested On Chip Termination value.               ; Critical ; No Termination assignments found.                                        ; I/O  ;                   ;
; Inapplicable ; IO_000013 ; I/O Properties Checks for One I/O ; The location should support the requested Bus Hold value.                          ; Critical ; No Enable Bus-Hold Circuitry assignments found.                          ; I/O  ;                   ;
; Inapplicable ; IO_000014 ; I/O Properties Checks for One I/O ; The location should support the requested Weak Pull Up value.                      ; Critical ; No Weak Pull-Up Resistor assignments found.                              ; I/O  ;                   ;
; Inapplicable ; IO_000015 ; I/O Properties Checks for One I/O ; The location should support the requested PCI Clamp Diode.                         ; Critical ; No Clamping Diode assignments found.                                     ; I/O  ;                   ;
; Inapplicable ; IO_000018 ; I/O Properties Checks for One I/O ; The I/O standard should support the requested Current Strength.                    ; Critical ; No Current Strength assignments found.                                   ; I/O  ;                   ;
; Inapplicable ; IO_000019 ; I/O Properties Checks for One I/O ; The I/O standard should support the requested On Chip Termination value.           ; Critical ; No Termination assignments found.                                        ; I/O  ;                   ;
; Inapplicable ; IO_000020 ; I/O Properties Checks for One I/O ; The I/O standard should support the requested PCI Clamp Diode.                     ; Critical ; No Clamping Diode assignments found.                                     ; I/O  ;                   ;
; Inapplicable ; IO_000021 ; I/O Properties Checks for One I/O ; The I/O standard should support the requested Weak Pull Up value.                  ; Critical ; No Weak Pull-Up Resistor assignments found.                              ; I/O  ;                   ;
; Inapplicable ; IO_000022 ; I/O Properties Checks for One I/O ; The I/O standard should support the requested Bus Hold value.                      ; Critical ; No Enable Bus-Hold Circuitry assignments found.                          ; I/O  ;                   ;
; Pass         ; IO_000023 ; I/O Properties Checks for One I/O ; The I/O standard should support the Open Drain value.                              ; Critical ; 0 such failures found.                                                   ; I/O  ;                   ;
; Inapplicable ; IO_000024 ; I/O Properties Checks for One I/O ; The I/O direction should support the On Chip Termination value.                    ; Critical ; No Termination assignments found.                                        ; I/O  ;                   ;
; Inapplicable ; IO_000026 ; I/O Properties Checks for One I/O ; On Chip Termination and Current Strength should not be used at the same time.      ; Critical ; No Current Strength or Termination assignments found.                    ; I/O  ;                   ;
; Inapplicable ; IO_000027 ; I/O Properties Checks for One I/O ; Weak Pull Up and Bus Hold should not be used at the same time.                     ; Critical ; No Enable Bus-Hold Circuitry or Weak Pull-Up Resistor assignments found. ; I/O  ;                   ;
; Inapplicable ; IO_000045 ; I/O Properties Checks for One I/O ; The I/O standard should support the requested Slew Rate value.                     ; Critical ; No Slew Rate assignments found.                                          ; I/O  ;                   ;
; Inapplicable ; IO_000046 ; I/O Properties Checks for One I/O ; The location should support the requested Slew Rate value.                         ; Critical ; No Slew Rate assignments found.                                          ; I/O  ;                   ;
; Inapplicable ; IO_000047 ; I/O Properties Checks for One I/O ; On Chip Termination and Slew Rate should not be used at the same time.             ; Critical ; No Slew Rate assignments found.                                          ; I/O  ;                   ;
; Inapplicable ; IO_000034 ; SI Related Distance Checks        ; Single-ended outputs should be 0 LAB row(s) away from a differential I/O.          ; High     ; No Differential I/O Standard assignments found.                          ; I/O  ;                   ;
+--------------+-----------+-----------------------------------+------------------------------------------------------------------------------------+----------+--------------------------------------------------------------------------+------+-------------------+


+-----------------------------------------------------------------------------------------------------------------------------------------------------------------------------------------------------------------------------------------------------------------------------------------------------------------------------------------------------------------------------------------------------------------------------------------------+
; I/O Rules Matrix                                                                                                                                                                                                                                                                                                                                                                                                                              ;
+--------------------+--------------+--------------+--------------+--------------+--------------+-----------+--------------+--------------+-----------+-----------+--------------+--------------+--------------+--------------+--------------+--------------+--------------+--------------+--------------+--------------+--------------+--------------+--------------+--------------+--------------+--------------+--------------+--------------+
; Pin/Rules          ; IO_000001    ; IO_000002    ; IO_000003    ; IO_000004    ; IO_000005    ; IO_000006 ; IO_000007    ; IO_000008    ; IO_000009 ; IO_000010 ; IO_000011    ; IO_000012    ; IO_000013    ; IO_000014    ; IO_000015    ; IO_000018    ; IO_000019    ; IO_000020    ; IO_000021    ; IO_000022    ; IO_000023    ; IO_000024    ; IO_000026    ; IO_000027    ; IO_000045    ; IO_000046    ; IO_000047    ; IO_000034    ;
+--------------------+--------------+--------------+--------------+--------------+--------------+-----------+--------------+--------------+-----------+-----------+--------------+--------------+--------------+--------------+--------------+--------------+--------------+--------------+--------------+--------------+--------------+--------------+--------------+--------------+--------------+--------------+--------------+--------------+
; Total Pass         ; 37           ; 0            ; 37           ; 0            ; 0            ; 48        ; 37           ; 0            ; 48        ; 48        ; 0            ; 0            ; 0            ; 0            ; 0            ; 0            ; 0            ; 0            ; 0            ; 0            ; 2            ; 0            ; 0            ; 0            ; 0            ; 0            ; 0            ; 0            ;
; Total Unchecked    ; 0            ; 0            ; 0            ; 0            ; 0            ; 0         ; 0            ; 0            ; 0         ; 0         ; 0            ; 0            ; 0            ; 0            ; 0            ; 0            ; 0            ; 0            ; 0            ; 0            ; 0            ; 0            ; 0            ; 0            ; 0            ; 0            ; 0            ; 0            ;
; Total Inapplicable ; 11           ; 48           ; 11           ; 48           ; 48           ; 0         ; 11           ; 48           ; 0         ; 0         ; 48           ; 48           ; 48           ; 48           ; 48           ; 48           ; 48           ; 48           ; 48           ; 48           ; 46           ; 48           ; 48           ; 48           ; 48           ; 48           ; 48           ; 48           ;
; Total Fail         ; 0            ; 0            ; 0            ; 0            ; 0            ; 0         ; 0            ; 0            ; 0         ; 0         ; 0            ; 0            ; 0            ; 0            ; 0            ; 0            ; 0            ; 0            ; 0            ; 0            ; 0            ; 0            ; 0            ; 0            ; 0            ; 0            ; 0            ; 0            ;
; SW[1]              ; Inapplicable ; Inapplicable ; Inapplicable ; Inapplicable ; Inapplicable ; Pass      ; Inapplicable ; Inapplicable ; Pass      ; Pass      ; Inapplicable ; Inapplicable ; Inapplicable ; Inapplicable ; Inapplicable ; Inapplicable ; Inapplicable ; Inapplicable ; Inapplicable ; Inapplicable ; Inapplicable ; Inapplicable ; Inapplicable ; Inapplicable ; Inapplicable ; Inapplicable ; Inapplicable ; Inapplicable ;
; HDMI_TX_CLK        ; Pass         ; Inapplicable ; Pass         ; Inapplicable ; Inapplicable ; Pass      ; Pass         ; Inapplicable ; Pass      ; Pass      ; Inapplicable ; Inapplicable ; Inapplicable ; Inapplicable ; Inapplicable ; Inapplicable ; Inapplicable ; Inapplicable ; Inapplicable ; Inapplicable ; Inapplicable ; Inapplicable ; Inapplicable ; Inapplicable ; Inapplicable ; Inapplicable ; Inapplicable ; Inapplicable ;
; HDMI_TX_HSYNC      ; Pass         ; Inapplicable ; Pass         ; Inapplicable ; Inapplicable ; Pass      ; Pass         ; Inapplicable ; Pass      ; Pass      ; Inapplicable ; Inapplicable ; Inapplicable ; Inapplicable ; Inapplicable ; Inapplicable ; Inapplicable ; Inapplicable ; Inapplicable ; Inapplicable ; Inapplicable ; Inapplicable ; Inapplicable ; Inapplicable ; Inapplicable ; Inapplicable ; Inapplicable ; Inapplicable ;
; HDMI_TX_VSYNC      ; Pass         ; Inapplicable ; Pass         ; Inapplicable ; Inapplicable ; Pass      ; Pass         ; Inapplicable ; Pass      ; Pass      ; Inapplicable ; Inapplicable ; Inapplicable ; Inapplicable ; Inapplicable ; Inapplicable ; Inapplicable ; Inapplicable ; Inapplicable ; Inapplicable ; Inapplicable ; Inapplicable ; Inapplicable ; Inapplicable ; Inapplicable ; Inapplicable ; Inapplicable ; Inapplicable ;
; HDMI_TX_DE         ; Pass         ; Inapplicable ; Pass         ; Inapplicable ; Inapplicable ; Pass      ; Pass         ; Inapplicable ; Pass      ; Pass      ; Inapplicable ; Inapplicable ; Inapplicable ; Inapplicable ; Inapplicable ; Inapplicable ; Inapplicable ; Inapplicable ; Inapplicable ; Inapplicable ; Inapplicable ; Inapplicable ; Inapplicable ; Inapplicable ; Inapplicable ; Inapplicable ; Inapplicable ; Inapplicable ;
; HDMI_TX_D[0]       ; Pass         ; Inapplicable ; Pass         ; Inapplicable ; Inapplicable ; Pass      ; Pass         ; Inapplicable ; Pass      ; Pass      ; Inapplicable ; Inapplicable ; Inapplicable ; Inapplicable ; Inapplicable ; Inapplicable ; Inapplicable ; Inapplicable ; Inapplicable ; Inapplicable ; Inapplicable ; Inapplicable ; Inapplicable ; Inapplicable ; Inapplicable ; Inapplicable ; Inapplicable ; Inapplicable ;
; HDMI_TX_D[1]       ; Pass         ; Inapplicable ; Pass         ; Inapplicable ; Inapplicable ; Pass      ; Pass         ; Inapplicable ; Pass      ; Pass      ; Inapplicable ; Inapplicable ; Inapplicable ; Inapplicable ; Inapplicable ; Inapplicable ; Inapplicable ; Inapplicable ; Inapplicable ; Inapplicable ; Inapplicable ; Inapplicable ; Inapplicable ; Inapplicable ; Inapplicable ; Inapplicable ; Inapplicable ; Inapplicable ;
; HDMI_TX_D[2]       ; Pass         ; Inapplicable ; Pass         ; Inapplicable ; Inapplicable ; Pass      ; Pass         ; Inapplicable ; Pass      ; Pass      ; Inapplicable ; Inapplicable ; Inapplicable ; Inapplicable ; Inapplicable ; Inapplicable ; Inapplicable ; Inapplicable ; Inapplicable ; Inapplicable ; Inapplicable ; Inapplicable ; Inapplicable ; Inapplicable ; Inapplicable ; Inapplicable ; Inapplicable ; Inapplicable ;
; HDMI_TX_D[3]       ; Pass         ; Inapplicable ; Pass         ; Inapplicable ; Inapplicable ; Pass      ; Pass         ; Inapplicable ; Pass      ; Pass      ; Inapplicable ; Inapplicable ; Inapplicable ; Inapplicable ; Inapplicable ; Inapplicable ; Inapplicable ; Inapplicable ; Inapplicable ; Inapplicable ; Inapplicable ; Inapplicable ; Inapplicable ; Inapplicable ; Inapplicable ; Inapplicable ; Inapplicable ; Inapplicable ;
; HDMI_TX_D[4]       ; Pass         ; Inapplicable ; Pass         ; Inapplicable ; Inapplicable ; Pass      ; Pass         ; Inapplicable ; Pass      ; Pass      ; Inapplicable ; Inapplicable ; Inapplicable ; Inapplicable ; Inapplicable ; Inapplicable ; Inapplicable ; Inapplicable ; Inapplicable ; Inapplicable ; Inapplicable ; Inapplicable ; Inapplicable ; Inapplicable ; Inapplicable ; Inapplicable ; Inapplicable ; Inapplicable ;
; HDMI_TX_D[5]       ; Pass         ; Inapplicable ; Pass         ; Inapplicable ; Inapplicable ; Pass      ; Pass         ; Inapplicable ; Pass      ; Pass      ; Inapplicable ; Inapplicable ; Inapplicable ; Inapplicable ; Inapplicable ; Inapplicable ; Inapplicable ; Inapplicable ; Inapplicable ; Inapplicable ; Inapplicable ; Inapplicable ; Inapplicable ; Inapplicable ; Inapplicable ; Inapplicable ; Inapplicable ; Inapplicable ;
; HDMI_TX_D[6]       ; Pass         ; Inapplicable ; Pass         ; Inapplicable ; Inapplicable ; Pass      ; Pass         ; Inapplicable ; Pass      ; Pass      ; Inapplicable ; Inapplicable ; Inapplicable ; Inapplicable ; Inapplicable ; Inapplicable ; Inapplicable ; Inapplicable ; Inapplicable ; Inapplicable ; Inapplicable ; Inapplicable ; Inapplicable ; Inapplicable ; Inapplicable ; Inapplicable ; Inapplicable ; Inapplicable ;
; HDMI_TX_D[7]       ; Pass         ; Inapplicable ; Pass         ; Inapplicable ; Inapplicable ; Pass      ; Pass         ; Inapplicable ; Pass      ; Pass      ; Inapplicable ; Inapplicable ; Inapplicable ; Inapplicable ; Inapplicable ; Inapplicable ; Inapplicable ; Inapplicable ; Inapplicable ; Inapplicable ; Inapplicable ; Inapplicable ; Inapplicable ; Inapplicable ; Inapplicable ; Inapplicable ; Inapplicable ; Inapplicable ;
; HDMI_TX_D[8]       ; Pass         ; Inapplicable ; Pass         ; Inapplicable ; Inapplicable ; Pass      ; Pass         ; Inapplicable ; Pass      ; Pass      ; Inapplicable ; Inapplicable ; Inapplicable ; Inapplicable ; Inapplicable ; Inapplicable ; Inapplicable ; Inapplicable ; Inapplicable ; Inapplicable ; Inapplicable ; Inapplicable ; Inapplicable ; Inapplicable ; Inapplicable ; Inapplicable ; Inapplicable ; Inapplicable ;
; HDMI_TX_D[9]       ; Pass         ; Inapplicable ; Pass         ; Inapplicable ; Inapplicable ; Pass      ; Pass         ; Inapplicable ; Pass      ; Pass      ; Inapplicable ; Inapplicable ; Inapplicable ; Inapplicable ; Inapplicable ; Inapplicable ; Inapplicable ; Inapplicable ; Inapplicable ; Inapplicable ; Inapplicable ; Inapplicable ; Inapplicable ; Inapplicable ; Inapplicable ; Inapplicable ; Inapplicable ; Inapplicable ;
; HDMI_TX_D[10]      ; Pass         ; Inapplicable ; Pass         ; Inapplicable ; Inapplicable ; Pass      ; Pass         ; Inapplicable ; Pass      ; Pass      ; Inapplicable ; Inapplicable ; Inapplicable ; Inapplicable ; Inapplicable ; Inapplicable ; Inapplicable ; Inapplicable ; Inapplicable ; Inapplicable ; Inapplicable ; Inapplicable ; Inapplicable ; Inapplicable ; Inapplicable ; Inapplicable ; Inapplicable ; Inapplicable ;
; HDMI_TX_D[11]      ; Pass         ; Inapplicable ; Pass         ; Inapplicable ; Inapplicable ; Pass      ; Pass         ; Inapplicable ; Pass      ; Pass      ; Inapplicable ; Inapplicable ; Inapplicable ; Inapplicable ; Inapplicable ; Inapplicable ; Inapplicable ; Inapplicable ; Inapplicable ; Inapplicable ; Inapplicable ; Inapplicable ; Inapplicable ; Inapplicable ; Inapplicable ; Inapplicable ; Inapplicable ; Inapplicable ;
; HDMI_TX_D[12]      ; Pass         ; Inapplicable ; Pass         ; Inapplicable ; Inapplicable ; Pass      ; Pass         ; Inapplicable ; Pass      ; Pass      ; Inapplicable ; Inapplicable ; Inapplicable ; Inapplicable ; Inapplicable ; Inapplicable ; Inapplicable ; Inapplicable ; Inapplicable ; Inapplicable ; Inapplicable ; Inapplicable ; Inapplicable ; Inapplicable ; Inapplicable ; Inapplicable ; Inapplicable ; Inapplicable ;
; HDMI_TX_D[13]      ; Pass         ; Inapplicable ; Pass         ; Inapplicable ; Inapplicable ; Pass      ; Pass         ; Inapplicable ; Pass      ; Pass      ; Inapplicable ; Inapplicable ; Inapplicable ; Inapplicable ; Inapplicable ; Inapplicable ; Inapplicable ; Inapplicable ; Inapplicable ; Inapplicable ; Inapplicable ; Inapplicable ; Inapplicable ; Inapplicable ; Inapplicable ; Inapplicable ; Inapplicable ; Inapplicable ;
; HDMI_TX_D[14]      ; Pass         ; Inapplicable ; Pass         ; Inapplicable ; Inapplicable ; Pass      ; Pass         ; Inapplicable ; Pass      ; Pass      ; Inapplicable ; Inapplicable ; Inapplicable ; Inapplicable ; Inapplicable ; Inapplicable ; Inapplicable ; Inapplicable ; Inapplicable ; Inapplicable ; Inapplicable ; Inapplicable ; Inapplicable ; Inapplicable ; Inapplicable ; Inapplicable ; Inapplicable ; Inapplicable ;
; HDMI_TX_D[15]      ; Pass         ; Inapplicable ; Pass         ; Inapplicable ; Inapplicable ; Pass      ; Pass         ; Inapplicable ; Pass      ; Pass      ; Inapplicable ; Inapplicable ; Inapplicable ; Inapplicable ; Inapplicable ; Inapplicable ; Inapplicable ; Inapplicable ; Inapplicable ; Inapplicable ; Inapplicable ; Inapplicable ; Inapplicable ; Inapplicable ; Inapplicable ; Inapplicable ; Inapplicable ; Inapplicable ;
; HDMI_TX_D[16]      ; Pass         ; Inapplicable ; Pass         ; Inapplicable ; Inapplicable ; Pass      ; Pass         ; Inapplicable ; Pass      ; Pass      ; Inapplicable ; Inapplicable ; Inapplicable ; Inapplicable ; Inapplicable ; Inapplicable ; Inapplicable ; Inapplicable ; Inapplicable ; Inapplicable ; Inapplicable ; Inapplicable ; Inapplicable ; Inapplicable ; Inapplicable ; Inapplicable ; Inapplicable ; Inapplicable ;
; HDMI_TX_D[17]      ; Pass         ; Inapplicable ; Pass         ; Inapplicable ; Inapplicable ; Pass      ; Pass         ; Inapplicable ; Pass      ; Pass      ; Inapplicable ; Inapplicable ; Inapplicable ; Inapplicable ; Inapplicable ; Inapplicable ; Inapplicable ; Inapplicable ; Inapplicable ; Inapplicable ; Inapplicable ; Inapplicable ; Inapplicable ; Inapplicable ; Inapplicable ; Inapplicable ; Inapplicable ; Inapplicable ;
; HDMI_TX_D[18]      ; Pass         ; Inapplicable ; Pass         ; Inapplicable ; Inapplicable ; Pass      ; Pass         ; Inapplicable ; Pass      ; Pass      ; Inapplicable ; Inapplicable ; Inapplicable ; Inapplicable ; Inapplicable ; Inapplicable ; Inapplicable ; Inapplicable ; Inapplicable ; Inapplicable ; Inapplicable ; Inapplicable ; Inapplicable ; Inapplicable ; Inapplicable ; Inapplicable ; Inapplicable ; Inapplicable ;
; HDMI_TX_D[19]      ; Pass         ; Inapplicable ; Pass         ; Inapplicable ; Inapplicable ; Pass      ; Pass         ; Inapplicable ; Pass      ; Pass      ; Inapplicable ; Inapplicable ; Inapplicable ; Inapplicable ; Inapplicable ; Inapplicable ; Inapplicable ; Inapplicable ; Inapplicable ; Inapplicable ; Inapplicable ; Inapplicable ; Inapplicable ; Inapplicable ; Inapplicable ; Inapplicable ; Inapplicable ; Inapplicable ;
; HDMI_TX_D[20]      ; Pass         ; Inapplicable ; Pass         ; Inapplicable ; Inapplicable ; Pass      ; Pass         ; Inapplicable ; Pass      ; Pass      ; Inapplicable ; Inapplicable ; Inapplicable ; Inapplicable ; Inapplicable ; Inapplicable ; Inapplicable ; Inapplicable ; Inapplicable ; Inapplicable ; Inapplicable ; Inapplicable ; Inapplicable ; Inapplicable ; Inapplicable ; Inapplicable ; Inapplicable ; Inapplicable ;
; HDMI_TX_D[21]      ; Pass         ; Inapplicable ; Pass         ; Inapplicable ; Inapplicable ; Pass      ; Pass         ; Inapplicable ; Pass      ; Pass      ; Inapplicable ; Inapplicable ; Inapplicable ; Inapplicable ; Inapplicable ; Inapplicable ; Inapplicable ; Inapplicable ; Inapplicable ; Inapplicable ; Inapplicable ; Inapplicable ; Inapplicable ; Inapplicable ; Inapplicable ; Inapplicable ; Inapplicable ; Inapplicable ;
; HDMI_TX_D[22]      ; Pass         ; Inapplicable ; Pass         ; Inapplicable ; Inapplicable ; Pass      ; Pass         ; Inapplicable ; Pass      ; Pass      ; Inapplicable ; Inapplicable ; Inapplicable ; Inapplicable ; Inapplicable ; Inapplicable ; Inapplicable ; Inapplicable ; Inapplicable ; Inapplicable ; Inapplicable ; Inapplicable ; Inapplicable ; Inapplicable ; Inapplicable ; Inapplicable ; Inapplicable ; Inapplicable ;
; HDMI_TX_D[23]      ; Pass         ; Inapplicable ; Pass         ; Inapplicable ; Inapplicable ; Pass      ; Pass         ; Inapplicable ; Pass      ; Pass      ; Inapplicable ; Inapplicable ; Inapplicable ; Inapplicable ; Inapplicable ; Inapplicable ; Inapplicable ; Inapplicable ; Inapplicable ; Inapplicable ; Inapplicable ; Inapplicable ; Inapplicable ; Inapplicable ; Inapplicable ; Inapplicable ; Inapplicable ; Inapplicable ;
; I2C_SCL            ; Pass         ; Inapplicable ; Pass         ; Inapplicable ; Inapplicable ; Pass      ; Pass         ; Inapplicable ; Pass      ; Pass      ; Inapplicable ; Inapplicable ; Inapplicable ; Inapplicable ; Inapplicable ; Inapplicable ; Inapplicable ; Inapplicable ; Inapplicable ; Inapplicable ; Pass         ; Inapplicable ; Inapplicable ; Inapplicable ; Inapplicable ; Inapplicable ; Inapplicable ; Inapplicable ;
; LEDR[0]            ; Inapplicable ; Inapplicable ; Inapplicable ; Inapplicable ; Inapplicable ; Pass      ; Inapplicable ; Inapplicable ; Pass      ; Pass      ; Inapplicable ; Inapplicable ; Inapplicable ; Inapplicable ; Inapplicable ; Inapplicable ; Inapplicable ; Inapplicable ; Inapplicable ; Inapplicable ; Inapplicable ; Inapplicable ; Inapplicable ; Inapplicable ; Inapplicable ; Inapplicable ; Inapplicable ; Inapplicable ;
; LEDR[1]            ; Inapplicable ; Inapplicable ; Inapplicable ; Inapplicable ; Inapplicable ; Pass      ; Inapplicable ; Inapplicable ; Pass      ; Pass      ; Inapplicable ; Inapplicable ; Inapplicable ; Inapplicable ; Inapplicable ; Inapplicable ; Inapplicable ; Inapplicable ; Inapplicable ; Inapplicable ; Inapplicable ; Inapplicable ; Inapplicable ; Inapplicable ; Inapplicable ; Inapplicable ; Inapplicable ; Inapplicable ;
; LEDR[2]            ; Inapplicable ; Inapplicable ; Inapplicable ; Inapplicable ; Inapplicable ; Pass      ; Inapplicable ; Inapplicable ; Pass      ; Pass      ; Inapplicable ; Inapplicable ; Inapplicable ; Inapplicable ; Inapplicable ; Inapplicable ; Inapplicable ; Inapplicable ; Inapplicable ; Inapplicable ; Inapplicable ; Inapplicable ; Inapplicable ; Inapplicable ; Inapplicable ; Inapplicable ; Inapplicable ; Inapplicable ;
; LEDR[3]            ; Inapplicable ; Inapplicable ; Inapplicable ; Inapplicable ; Inapplicable ; Pass      ; Inapplicable ; Inapplicable ; Pass      ; Pass      ; Inapplicable ; Inapplicable ; Inapplicable ; Inapplicable ; Inapplicable ; Inapplicable ; Inapplicable ; Inapplicable ; Inapplicable ; Inapplicable ; Inapplicable ; Inapplicable ; Inapplicable ; Inapplicable ; Inapplicable ; Inapplicable ; Inapplicable ; Inapplicable ;
; LEDR[4]            ; Inapplicable ; Inapplicable ; Inapplicable ; Inapplicable ; Inapplicable ; Pass      ; Inapplicable ; Inapplicable ; Pass      ; Pass      ; Inapplicable ; Inapplicable ; Inapplicable ; Inapplicable ; Inapplicable ; Inapplicable ; Inapplicable ; Inapplicable ; Inapplicable ; Inapplicable ; Inapplicable ; Inapplicable ; Inapplicable ; Inapplicable ; Inapplicable ; Inapplicable ; Inapplicable ; Inapplicable ;
; LEDR[5]            ; Inapplicable ; Inapplicable ; Inapplicable ; Inapplicable ; Inapplicable ; Pass      ; Inapplicable ; Inapplicable ; Pass      ; Pass      ; Inapplicable ; Inapplicable ; Inapplicable ; Inapplicable ; Inapplicable ; Inapplicable ; Inapplicable ; Inapplicable ; Inapplicable ; Inapplicable ; Inapplicable ; Inapplicable ; Inapplicable ; Inapplicable ; Inapplicable ; Inapplicable ; Inapplicable ; Inapplicable ;
; LEDR[6]            ; Inapplicable ; Inapplicable ; Inapplicable ; Inapplicable ; Inapplicable ; Pass      ; Inapplicable ; Inapplicable ; Pass      ; Pass      ; Inapplicable ; Inapplicable ; Inapplicable ; Inapplicable ; Inapplicable ; Inapplicable ; Inapplicable ; Inapplicable ; Inapplicable ; Inapplicable ; Inapplicable ; Inapplicable ; Inapplicable ; Inapplicable ; Inapplicable ; Inapplicable ; Inapplicable ; Inapplicable ;
; LEDR[7]            ; Inapplicable ; Inapplicable ; Inapplicable ; Inapplicable ; Inapplicable ; Pass      ; Inapplicable ; Inapplicable ; Pass      ; Pass      ; Inapplicable ; Inapplicable ; Inapplicable ; Inapplicable ; Inapplicable ; Inapplicable ; Inapplicable ; Inapplicable ; Inapplicable ; Inapplicable ; Inapplicable ; Inapplicable ; Inapplicable ; Inapplicable ; Inapplicable ; Inapplicable ; Inapplicable ; Inapplicable ;
; LEDR[8]            ; Inapplicable ; Inapplicable ; Inapplicable ; Inapplicable ; Inapplicable ; Pass      ; Inapplicable ; Inapplicable ; Pass      ; Pass      ; Inapplicable ; Inapplicable ; Inapplicable ; Inapplicable ; Inapplicable ; Inapplicable ; Inapplicable ; Inapplicable ; Inapplicable ; Inapplicable ; Inapplicable ; Inapplicable ; Inapplicable ; Inapplicable ; Inapplicable ; Inapplicable ; Inapplicable ; Inapplicable ;
; LEDR[9]            ; Inapplicable ; Inapplicable ; Inapplicable ; Inapplicable ; Inapplicable ; Pass      ; Inapplicable ; Inapplicable ; Pass      ; Pass      ; Inapplicable ; Inapplicable ; Inapplicable ; Inapplicable ; Inapplicable ; Inapplicable ; Inapplicable ; Inapplicable ; Inapplicable ; Inapplicable ; Inapplicable ; Inapplicable ; Inapplicable ; Inapplicable ; Inapplicable ; Inapplicable ; Inapplicable ; Inapplicable ;
; I2C_SDA            ; Pass         ; Inapplicable ; Pass         ; Inapplicable ; Inapplicable ; Pass      ; Pass         ; Inapplicable ; Pass      ; Pass      ; Inapplicable ; Inapplicable ; Inapplicable ; Inapplicable ; Inapplicable ; Inapplicable ; Inapplicable ; Inapplicable ; Inapplicable ; Inapplicable ; Pass         ; Inapplicable ; Inapplicable ; Inapplicable ; Inapplicable ; Inapplicable ; Inapplicable ; Inapplicable ;
; SW[0]              ; Pass         ; Inapplicable ; Pass         ; Inapplicable ; Inapplicable ; Pass      ; Pass         ; Inapplicable ; Pass      ; Pass      ; Inapplicable ; Inapplicable ; Inapplicable ; Inapplicable ; Inapplicable ; Inapplicable ; Inapplicable ; Inapplicable ; Inapplicable ; Inapplicable ; Inapplicable ; Inapplicable ; Inapplicable ; Inapplicable ; Inapplicable ; Inapplicable ; Inapplicable ; Inapplicable ;
; FPGA_CLK_50        ; Pass         ; Inapplicable ; Pass         ; Inapplicable ; Inapplicable ; Pass      ; Pass         ; Inapplicable ; Pass      ; Pass      ; Inapplicable ; Inapplicable ; Inapplicable ; Inapplicable ; Inapplicable ; Inapplicable ; Inapplicable ; Inapplicable ; Inapplicable ; Inapplicable ; Inapplicable ; Inapplicable ; Inapplicable ; Inapplicable ; Inapplicable ; Inapplicable ; Inapplicable ; Inapplicable ;
; KEY[3]             ; Pass         ; Inapplicable ; Pass         ; Inapplicable ; Inapplicable ; Pass      ; Pass         ; Inapplicable ; Pass      ; Pass      ; Inapplicable ; Inapplicable ; Inapplicable ; Inapplicable ; Inapplicable ; Inapplicable ; Inapplicable ; Inapplicable ; Inapplicable ; Inapplicable ; Inapplicable ; Inapplicable ; Inapplicable ; Inapplicable ; Inapplicable ; Inapplicable ; Inapplicable ; Inapplicable ;
; KEY[4]             ; Pass         ; Inapplicable ; Pass         ; Inapplicable ; Inapplicable ; Pass      ; Pass         ; Inapplicable ; Pass      ; Pass      ; Inapplicable ; Inapplicable ; Inapplicable ; Inapplicable ; Inapplicable ; Inapplicable ; Inapplicable ; Inapplicable ; Inapplicable ; Inapplicable ; Inapplicable ; Inapplicable ; Inapplicable ; Inapplicable ; Inapplicable ; Inapplicable ; Inapplicable ; Inapplicable ;
; KEY[1]             ; Pass         ; Inapplicable ; Pass         ; Inapplicable ; Inapplicable ; Pass      ; Pass         ; Inapplicable ; Pass      ; Pass      ; Inapplicable ; Inapplicable ; Inapplicable ; Inapplicable ; Inapplicable ; Inapplicable ; Inapplicable ; Inapplicable ; Inapplicable ; Inapplicable ; Inapplicable ; Inapplicable ; Inapplicable ; Inapplicable ; Inapplicable ; Inapplicable ; Inapplicable ; Inapplicable ;
; KEY[0]             ; Pass         ; Inapplicable ; Pass         ; Inapplicable ; Inapplicable ; Pass      ; Pass         ; Inapplicable ; Pass      ; Pass      ; Inapplicable ; Inapplicable ; Inapplicable ; Inapplicable ; Inapplicable ; Inapplicable ; Inapplicable ; Inapplicable ; Inapplicable ; Inapplicable ; Inapplicable ; Inapplicable ; Inapplicable ; Inapplicable ; Inapplicable ; Inapplicable ; Inapplicable ; Inapplicable ;
; KEY[2]             ; Pass         ; Inapplicable ; Pass         ; Inapplicable ; Inapplicable ; Pass      ; Pass         ; Inapplicable ; Pass      ; Pass      ; Inapplicable ; Inapplicable ; Inapplicable ; Inapplicable ; Inapplicable ; Inapplicable ; Inapplicable ; Inapplicable ; Inapplicable ; Inapplicable ; Inapplicable ; Inapplicable ; Inapplicable ; Inapplicable ; Inapplicable ; Inapplicable ; Inapplicable ; Inapplicable ;
+--------------------+--------------+--------------+--------------+--------------+--------------+-----------+--------------+--------------+-----------+-----------+--------------+--------------+--------------+--------------+--------------+--------------+--------------+--------------+--------------+--------------+--------------+--------------+--------------+--------------+--------------+--------------+--------------+--------------+


+------------------------------------------------------------------------------------------------+
; Fitter Device Options                                                                          ;
+------------------------------------------------------------------+-----------------------------+
; Option                                                           ; Setting                     ;
+------------------------------------------------------------------+-----------------------------+
; Enable user-supplied start-up clock (CLKUSR)                     ; Off                         ;
; Enable device-wide reset (DEV_CLRn)                              ; Off                         ;
; Enable device-wide output enable (DEV_OE)                        ; Off                         ;
; Enable INIT_DONE output                                          ; Off                         ;
; Configuration scheme                                             ; Passive Serial              ;
; Enable Error Detection CRC_ERROR pin                             ; Off                         ;
; Enable open drain on CRC_ERROR pin                               ; On                          ;
; Enable open drain on INIT_DONE pin                               ; On                          ;
; Enable open drain on Partial Reconfiguration pins                ; Off                         ;
; Enable open drain on nCEO pin                                    ; On                          ;
; Enable Partial Reconfiguration pins                              ; Off                         ;
; Enable input tri-state on active configuration pins in user mode ; Off                         ;
; Active Serial clock source                                       ; 100 MHz Internal Oscillator ;
; Device initialization clock source                               ; Internal Oscillator         ;
; Configuration Voltage Level                                      ; Auto                        ;
; Force Configuration Voltage Level                                ; Off                         ;
; Enable nCEO output                                               ; Off                         ;
; Data[15..8]                                                      ; Unreserved                  ;
; Data[7..5]                                                       ; Unreserved                  ;
; Base pin-out file on sameframe device                            ; Off                         ;
+------------------------------------------------------------------+-----------------------------+


+------------------------------------+
; Operating Settings and Conditions  ;
+---------------------------+--------+
; Setting                   ; Value  ;
+---------------------------+--------+
; Nominal Core Voltage      ; 1.10 V ;
; Low Junction Temperature  ; 0 °C   ;
; High Junction Temperature ; 85 °C  ;
+---------------------------+--------+


+-----------------------------------------------------------------------------------------------------------------------------------------------------------------------------+
; Estimated Delay Added for Hold Timing Summary                                                                                                                               ;
+------------------------------------------------------------------------------------------------------------------+--------------------------------------+-------------------+
; Source Clock(s)                                                                                                  ; Destination Clock(s)                 ; Delay Added in ns ;
+------------------------------------------------------------------------------------------------------------------+--------------------------------------+-------------------+
; spaceInvadersSync:vgasync|h_count[0]                                                                             ; spaceInvadersSync:vgasync|h_count[0] ; 40.1              ;
; FPGA_CLK_50                                                                                                      ; FPGA_CLK_50                          ; 38.1              ;
; pll_inst|pll_25_inst|altera_pll_i|general[0].gpll~PLL_OUTPUT_COUNTER|divclk                                      ; spaceInvadersSync:vgasync|h_count[0] ; 24.6              ;
; pll_inst|pll_25_inst|altera_pll_i|general[0].gpll~PLL_OUTPUT_COUNTER|divclk,spaceInvadersSync:vgasync|h_count[0] ; spaceInvadersSync:vgasync|h_count[0] ; 12.6              ;
; spaceInvadersSync:vgasync|h_count[0],I/O                                                                         ; spaceInvadersSync:vgasync|h_count[0] ; 3.8               ;
; FPGA_CLK_50,I/O                                                                                                  ; FPGA_CLK_50                          ; 2.7               ;
+------------------------------------------------------------------------------------------------------------------+--------------------------------------+-------------------+
Note: For more information on problematic transfers, consider running the Fitter again with the Optimize hold timing option (Settings Menu) turned off.
This will disable optimization of problematic paths and expose them for further analysis using either the TimeQuest Timing Analyzer or the Classic Timing Analyzer.


+-----------------------------------------------------------------------------------------------------------------------------------------------------------+
; Estimated Delay Added for Hold Timing Details                                                                                                             ;
+----------------------------------------------------------------------+----------------------------------------------------------------+-------------------+
; Source Register                                                      ; Destination Register                                           ; Delay Added in ns ;
+----------------------------------------------------------------------+----------------------------------------------------------------+-------------------+
; adv7513_wrapper:i2c_init|I2C_CONTROLLER:i2c_inst|byte_step[3]        ; adv7513_wrapper:i2c_init|I2C_CONTROLLER:i2c_inst|state.S_IDLE  ; 2.246             ;
; invadersImg:imagegen|tank_x[9]                                       ; invadersImg:imagegen|tank_x[4]                                 ; 2.223             ;
; adv7513_wrapper:i2c_init|I2C_CONTROLLER:i2c_inst|clk_div_cnt[5]      ; adv7513_wrapper:i2c_init|I2C_CONTROLLER:i2c_inst|state.S_IDLE  ; 2.220             ;
; adv7513_wrapper:i2c_init|I2C_CONTROLLER:i2c_inst|clk_div_cnt[2]      ; adv7513_wrapper:i2c_init|I2C_CONTROLLER:i2c_inst|state.S_IDLE  ; 2.123             ;
; adv7513_wrapper:i2c_init|I2C_CONTROLLER:i2c_inst|clk_div_cnt[3]      ; adv7513_wrapper:i2c_init|I2C_CONTROLLER:i2c_inst|state.S_IDLE  ; 2.085             ;
; adv7513_wrapper:i2c_init|I2C_CONTROLLER:i2c_inst|clk_div_cnt[4]      ; adv7513_wrapper:i2c_init|I2C_CONTROLLER:i2c_inst|state.S_IDLE  ; 2.060             ;
; invadersImg:imagegen|lfsr[0]                                         ; invadersImg:imagegen|e_bullet_y[6]                             ; 1.933             ;
; adv7513_wrapper:i2c_init|I2C_CONTROLLER:i2c_inst|byte_step[2]        ; adv7513_wrapper:i2c_init|I2C_CONTROLLER:i2c_inst|state.S_IDLE  ; 1.932             ;
; adv7513_wrapper:i2c_init|I2C_CONTROLLER:i2c_inst|clk_div_cnt[0]      ; adv7513_wrapper:i2c_init|I2C_CONTROLLER:i2c_inst|state.S_IDLE  ; 1.880             ;
; invadersImg:imagegen|lfsr[2]                                         ; invadersImg:imagegen|e_bullet_y[5]                             ; 1.880             ;
; invadersImg:imagegen|lfsr[1]                                         ; invadersImg:imagegen|e_bullet_x[9]                             ; 1.778             ;
; adv7513_wrapper:i2c_init|I2C_CONTROLLER:i2c_inst|byte_step[1]        ; adv7513_wrapper:i2c_init|I2C_CONTROLLER:i2c_inst|state.S_IDLE  ; 1.727             ;
; adv7513_wrapper:i2c_init|I2C_CONTROLLER:i2c_inst|state.S_DATA2       ; adv7513_wrapper:i2c_init|I2C_CONTROLLER:i2c_inst|state.S_IDLE  ; 1.714             ;
; adv7513_wrapper:i2c_init|I2C_CONTROLLER:i2c_inst|byte_step[0]        ; adv7513_wrapper:i2c_init|I2C_CONTROLLER:i2c_inst|state.S_IDLE  ; 1.697             ;
; adv7513_wrapper:i2c_init|I2C_CONTROLLER:i2c_inst|state.S_POWERON     ; adv7513_wrapper:i2c_init|I2C_CONTROLLER:i2c_inst|state.S_DATA2 ; 1.648             ;
; invadersImg:imagegen|tank_x[8]                                       ; invadersImg:imagegen|tank_x[4]                                 ; 1.648             ;
; invadersImg:imagegen|tank_x[7]                                       ; invadersImg:imagegen|tank_x[4]                                 ; 1.627             ;
; adv7513_wrapper:i2c_init|I2C_CONTROLLER:i2c_inst|state.S_DATA1       ; adv7513_wrapper:i2c_init|I2C_CONTROLLER:i2c_inst|state.S_IDLE  ; 1.616             ;
; invadersImg:imagegen|tank_x[6]                                       ; invadersImg:imagegen|tank_x[4]                                 ; 1.569             ;
; invadersImg:imagegen|tank_x[0]                                       ; invadersImg:imagegen|tank_x[4]                                 ; 1.548             ;
; adv7513_wrapper:i2c_init|I2C_CONTROLLER:i2c_inst|state.S_ADDRESS     ; adv7513_wrapper:i2c_init|I2C_CONTROLLER:i2c_inst|state.S_IDLE  ; 1.540             ;
; invadersImg:imagegen|tank_x[5]                                       ; invadersImg:imagegen|tank_x[4]                                 ; 1.540             ;
; invadersImg:imagegen|tank_x[4]                                       ; invadersImg:imagegen|tank_x[4]                                 ; 1.536             ;
; adv7513_wrapper:i2c_init|I2C_CONTROLLER:i2c_inst|poweron_counter[0]  ; adv7513_wrapper:i2c_init|I2C_CONTROLLER:i2c_inst|state.S_DATA2 ; 1.527             ;
; adv7513_wrapper:i2c_init|I2C_CONTROLLER:i2c_inst|poweron_counter[3]  ; adv7513_wrapper:i2c_init|I2C_CONTROLLER:i2c_inst|state.S_DATA2 ; 1.521             ;
; adv7513_wrapper:i2c_init|I2C_CONTROLLER:i2c_inst|poweron_counter[2]  ; adv7513_wrapper:i2c_init|I2C_CONTROLLER:i2c_inst|state.S_DATA2 ; 1.509             ;
; adv7513_wrapper:i2c_init|adv7513_setup:setup_inst|cnt_wait[10]       ; adv7513_wrapper:i2c_init|adv7513_setup:setup_inst|cnt_wait[12] ; 1.507             ;
; invadersImg:imagegen|aliens_alive[3][1]                              ; invadersImg:imagegen|e_bullet_y[6]                             ; 1.424             ;
; invadersImg:imagegen|aliens_alive[3][3]                              ; invadersImg:imagegen|e_bullet_y[6]                             ; 1.424             ;
; invadersImg:imagegen|aliens_alive[2][6]                              ; invadersImg:imagegen|e_bullet_y[6]                             ; 1.422             ;
; invadersImg:imagegen|aliens_alive[2][7]                              ; invadersImg:imagegen|e_bullet_y[6]                             ; 1.422             ;
; invadersImg:imagegen|aliens_alive[2][5]                              ; invadersImg:imagegen|e_bullet_y[6]                             ; 1.422             ;
; invadersImg:imagegen|aliens_alive[2][4]                              ; invadersImg:imagegen|e_bullet_y[6]                             ; 1.422             ;
; invadersImg:imagegen|aliens_alive[2][3]                              ; invadersImg:imagegen|e_bullet_y[6]                             ; 1.412             ;
; invadersImg:imagegen|aliens_alive[2][1]                              ; invadersImg:imagegen|e_bullet_y[6]                             ; 1.412             ;
; invadersImg:imagegen|aliens_alive[3][7]                              ; invadersImg:imagegen|e_bullet_y[6]                             ; 1.392             ;
; invadersImg:imagegen|aliens_alive[3][5]                              ; invadersImg:imagegen|e_bullet_y[6]                             ; 1.392             ;
; invadersImg:imagegen|aliens_alive[3][4]                              ; invadersImg:imagegen|e_bullet_y[6]                             ; 1.392             ;
; invadersImg:imagegen|aliens_alive[3][6]                              ; invadersImg:imagegen|e_bullet_y[6]                             ; 1.392             ;
; invadersImg:imagegen|aliens_alive[3][2]                              ; invadersImg:imagegen|e_bullet_y[6]                             ; 1.364             ;
; invadersImg:imagegen|aliens_alive[3][0]                              ; invadersImg:imagegen|e_bullet_y[6]                             ; 1.364             ;
; invadersImg:imagegen|aliens_alive[2][2]                              ; invadersImg:imagegen|e_bullet_y[6]                             ; 1.360             ;
; invadersImg:imagegen|aliens_alive[2][0]                              ; invadersImg:imagegen|e_bullet_y[6]                             ; 1.360             ;
; invadersImg:imagegen|tank_x[1]                                       ; invadersImg:imagegen|tank_x[4]                                 ; 1.347             ;
; invadersImg:imagegen|tank_x[2]                                       ; invadersImg:imagegen|tank_x[4]                                 ; 1.312             ;
; invadersImg:imagegen|tank_x[3]                                       ; invadersImg:imagegen|tank_x[4]                                 ; 1.312             ;
; adv7513_wrapper:i2c_init|I2C_CONTROLLER:i2c_inst|poweron_counter[1]  ; adv7513_wrapper:i2c_init|I2C_CONTROLLER:i2c_inst|state.S_DATA2 ; 1.290             ;
; adv7513_wrapper:i2c_init|adv7513_setup:setup_inst|cnt_wait[12]       ; adv7513_wrapper:i2c_init|adv7513_setup:setup_inst|cnt_wait[12] ; 1.284             ;
; adv7513_wrapper:i2c_init|I2C_CONTROLLER:i2c_inst|k_data_repeat[2]    ; adv7513_wrapper:i2c_init|I2C_CONTROLLER:i2c_inst|state.S_IDLE  ; 1.266             ;
; adv7513_wrapper:i2c_init|I2C_CONTROLLER:i2c_inst|k_data_repeat[0]    ; adv7513_wrapper:i2c_init|I2C_CONTROLLER:i2c_inst|state.S_IDLE  ; 1.266             ;
; adv7513_wrapper:i2c_init|I2C_CONTROLLER:i2c_inst|step[0]             ; adv7513_wrapper:i2c_init|I2C_CONTROLLER:i2c_inst|state.S_IDLE  ; 1.266             ;
; adv7513_wrapper:i2c_init|adv7513_setup:setup_inst|i2c_activate       ; adv7513_wrapper:i2c_init|I2C_CONTROLLER:i2c_inst|state.S_IDLE  ; 1.266             ;
; adv7513_wrapper:i2c_init|I2C_CONTROLLER:i2c_inst|state.S_START       ; adv7513_wrapper:i2c_init|I2C_CONTROLLER:i2c_inst|state.S_IDLE  ; 1.266             ;
; adv7513_wrapper:i2c_init|I2C_CONTROLLER:i2c_inst|state.S_STOP        ; adv7513_wrapper:i2c_init|I2C_CONTROLLER:i2c_inst|state.S_IDLE  ; 1.266             ;
; adv7513_wrapper:i2c_init|I2C_CONTROLLER:i2c_inst|state.S_IDLE        ; adv7513_wrapper:i2c_init|I2C_CONTROLLER:i2c_inst|state.S_IDLE  ; 1.266             ;
; adv7513_wrapper:i2c_init|I2C_CONTROLLER:i2c_inst|clk_div_cnt[1]      ; adv7513_wrapper:i2c_init|I2C_CONTROLLER:i2c_inst|state.S_IDLE  ; 1.266             ;
; adv7513_wrapper:i2c_init|I2C_CONTROLLER:i2c_inst|step[1]             ; adv7513_wrapper:i2c_init|I2C_CONTROLLER:i2c_inst|state.S_IDLE  ; 1.266             ;
; adv7513_wrapper:i2c_init|I2C_CONTROLLER:i2c_inst|k_data_repeat[1]    ; adv7513_wrapper:i2c_init|I2C_CONTROLLER:i2c_inst|state.S_IDLE  ; 1.266             ;
; KEY[4]                                                               ; adv7513_wrapper:i2c_init|I2C_CONTROLLER:i2c_inst|state.S_IDLE  ; 1.266             ;
; adv7513_wrapper:i2c_init|adv7513_setup:setup_inst|cnt_wait[22]       ; adv7513_wrapper:i2c_init|adv7513_setup:setup_inst|cnt_wait[12] ; 1.246             ;
; adv7513_wrapper:i2c_init|adv7513_setup:setup_inst|cnt_wait[17]       ; adv7513_wrapper:i2c_init|adv7513_setup:setup_inst|cnt_wait[12] ; 1.141             ;
; adv7513_wrapper:i2c_init|adv7513_setup:setup_inst|cnt_wait[18]       ; adv7513_wrapper:i2c_init|adv7513_setup:setup_inst|cnt_wait[12] ; 1.130             ;
; adv7513_wrapper:i2c_init|adv7513_setup:setup_inst|cnt_wait[21]       ; adv7513_wrapper:i2c_init|adv7513_setup:setup_inst|cnt_wait[12] ; 1.066             ;
; invadersImg:imagegen|aliens_alive[1][7]                              ; invadersImg:imagegen|e_bullet_y[5]                             ; 1.038             ;
; invadersImg:imagegen|aliens_alive[1][6]                              ; invadersImg:imagegen|e_bullet_y[5]                             ; 1.038             ;
; invadersImg:imagegen|aliens_alive[1][5]                              ; invadersImg:imagegen|e_bullet_y[5]                             ; 1.038             ;
; invadersImg:imagegen|aliens_alive[1][4]                              ; invadersImg:imagegen|e_bullet_y[5]                             ; 1.038             ;
; invadersImg:imagegen|aliens_alive[1][2]                              ; invadersImg:imagegen|e_bullet_y[5]                             ; 1.018             ;
; invadersImg:imagegen|aliens_alive[1][0]                              ; invadersImg:imagegen|e_bullet_y[5]                             ; 1.018             ;
; invadersImg:imagegen|aliens_alive[1][1]                              ; invadersImg:imagegen|e_bullet_y[5]                             ; 1.018             ;
; invadersImg:imagegen|aliens_alive[1][3]                              ; invadersImg:imagegen|e_bullet_y[5]                             ; 1.018             ;
; adv7513_wrapper:i2c_init|adv7513_setup:setup_inst|cnt_wait[15]       ; adv7513_wrapper:i2c_init|adv7513_setup:setup_inst|cnt_wait[12] ; 0.993             ;
; adv7513_wrapper:i2c_init|adv7513_setup:setup_inst|setup_state.S_WAIT ; adv7513_wrapper:i2c_init|adv7513_setup:setup_inst|cnt_wait[12] ; 0.959             ;
; invadersImg:imagegen|bullet_active                                   ; invadersImg:imagegen|bullet_active                             ; 0.913             ;
; invadersImg:imagegen|wave[2]                                         ; invadersImg:imagegen|wave[3]                                   ; 0.905             ;
; invadersImg:imagegen|wave[1]                                         ; invadersImg:imagegen|wave[3]                                   ; 0.902             ;
; invadersImg:imagegen|aliens_alive[0][0]                              ; invadersImg:imagegen|e_bullet_active                           ; 0.900             ;
; invadersImg:imagegen|aliens_alive[0][3]                              ; invadersImg:imagegen|e_bullet_active                           ; 0.900             ;
; invadersImg:imagegen|aliens_alive[0][2]                              ; invadersImg:imagegen|e_bullet_active                           ; 0.900             ;
; invadersImg:imagegen|aliens_alive[0][1]                              ; invadersImg:imagegen|e_bullet_active                           ; 0.900             ;
; adv7513_wrapper:i2c_init|I2C_CONTROLLER:i2c_inst|state.S_RESET       ; adv7513_wrapper:i2c_init|I2C_CONTROLLER:i2c_inst|state.S_DATA2 ; 0.898             ;
; invadersImg:imagegen|state.MENU                                      ; invadersImg:imagegen|state.GAME_OVER                           ; 0.891             ;
; invadersImg:imagegen|state.GAME_OVER                                 ; invadersImg:imagegen|state.MENU                                ; 0.886             ;
; invadersImg:imagegen|aliens_alive[0][5]                              ; invadersImg:imagegen|e_bullet_active                           ; 0.866             ;
; invadersImg:imagegen|aliens_alive[0][4]                              ; invadersImg:imagegen|e_bullet_active                           ; 0.866             ;
; invadersImg:imagegen|aliens_alive[0][6]                              ; invadersImg:imagegen|e_bullet_active                           ; 0.866             ;
; invadersImg:imagegen|aliens_alive[0][7]                              ; invadersImg:imagegen|e_bullet_active                           ; 0.866             ;
; invadersImg:imagegen|wave[0]                                         ; invadersImg:imagegen|wave[1]                                   ; 0.859             ;
; invadersImg:imagegen|state.PLAYING                                   ; invadersImg:imagegen|state.GAME_OVER                           ; 0.856             ;
; KEY[2]                                                               ; invadersImg:imagegen|tank_x[4]                                 ; 0.850             ;
; SW[0]                                                                ; invadersImg:imagegen|bullet_active                             ; 0.763             ;
; adv7513_wrapper:i2c_init|adv7513_setup:setup_inst|cnt_wait[23]       ; adv7513_wrapper:i2c_init|adv7513_setup:setup_inst|cnt_wait[12] ; 0.729             ;
; adv7513_wrapper:i2c_init|adv7513_setup:setup_inst|cnt_wait[19]       ; adv7513_wrapper:i2c_init|adv7513_setup:setup_inst|cnt_wait[12] ; 0.729             ;
; adv7513_wrapper:i2c_init|adv7513_setup:setup_inst|cnt_wait[3]        ; adv7513_wrapper:i2c_init|adv7513_setup:setup_inst|cnt_wait[12] ; 0.729             ;
; adv7513_wrapper:i2c_init|adv7513_setup:setup_inst|cnt_wait[2]        ; adv7513_wrapper:i2c_init|adv7513_setup:setup_inst|cnt_wait[12] ; 0.729             ;
; adv7513_wrapper:i2c_init|adv7513_setup:setup_inst|cnt_wait[1]        ; adv7513_wrapper:i2c_init|adv7513_setup:setup_inst|cnt_wait[12] ; 0.729             ;
; adv7513_wrapper:i2c_init|adv7513_setup:setup_inst|cnt_wait[9]        ; adv7513_wrapper:i2c_init|adv7513_setup:setup_inst|cnt_wait[12] ; 0.729             ;
; adv7513_wrapper:i2c_init|adv7513_setup:setup_inst|cnt_wait[14]       ; adv7513_wrapper:i2c_init|adv7513_setup:setup_inst|cnt_wait[12] ; 0.729             ;
; adv7513_wrapper:i2c_init|adv7513_setup:setup_inst|cnt_wait[16]       ; adv7513_wrapper:i2c_init|adv7513_setup:setup_inst|cnt_wait[12] ; 0.729             ;
; adv7513_wrapper:i2c_init|adv7513_setup:setup_inst|cnt_wait[13]       ; adv7513_wrapper:i2c_init|adv7513_setup:setup_inst|cnt_wait[12] ; 0.729             ;
+----------------------------------------------------------------------+----------------------------------------------------------------+-------------------+
Note: This table only shows the top 100 path(s) that have the largest delay added for hold.


+-----------------+
; Fitter Messages ;
+-----------------+
Info (20030): Parallel compilation is enabled and will use 12 of the 12 processors detected
Info (119006): Selected device 5CGXFC5C6F27C7 for design "space_invaders"
Info (21077): Low junction temperature is 0 degrees C
Info (21077): High junction temperature is 85 degrees C
Warning: RST port on the PLL is not properly connected on instance pll_25:pll_inst|pll_25_0002:pll_25_inst|altera_pll:altera_pll_i|general[0].gpll. The reset port on the PLL should be connected. If the PLL loses lock for any reason, you might need to manually reset the PLL in order to re-establish lock to the reference clock.
    Info: Must be connected
Info (171003): Fitter is performing an Auto Fit compilation, which may decrease Fitter effort to reduce compilation time
Warning (292013): Feature LogicLock is only available with a valid subscription license. You can purchase a software subscription to gain full access to this feature.
Warning (15714): Some pins have incomplete I/O assignments. Refer to the I/O Assignment Warnings report for details
Critical Warning (169085): No exact pin location assignment(s) for 11 pins of 48 total pins
    Info (169086): Pin SW[1] not assigned to an exact location on the device
    Info (169086): Pin LEDR[0] not assigned to an exact location on the device
    Info (169086): Pin LEDR[1] not assigned to an exact location on the device
    Info (169086): Pin LEDR[2] not assigned to an exact location on the device
    Info (169086): Pin LEDR[3] not assigned to an exact location on the device
    Info (169086): Pin LEDR[4] not assigned to an exact location on the device
    Info (169086): Pin LEDR[5] not assigned to an exact location on the device
    Info (169086): Pin LEDR[6] not assigned to an exact location on the device
    Info (169086): Pin LEDR[7] not assigned to an exact location on the device
    Info (169086): Pin LEDR[8] not assigned to an exact location on the device
    Info (169086): Pin LEDR[9] not assigned to an exact location on the device
Info (184020): Starting Fitter periphery placement operations
Info (11191): Automatically promoted 3 clocks (3 global)
    Info (11162): pll_25:pll_inst|pll_25_0002:pll_25_inst|altera_pll:altera_pll_i|outclk_wire[0]~CLKENA0 with 29 fanout uses global clock CLKCTRL_G10
    Info (11162): spaceInvadersSync:vgasync|frame_tick~CLKENA0 with 143 fanout uses global clock CLKCTRL_G3
    Info (11162): FPGA_CLK_50~inputCLKENA0 with 109 fanout uses global clock CLKCTRL_G8
Warning (177007): PLL(s) placed in location FRACTIONALPLL_X68_Y1_N0 do not have a PLL clock to compensate specified - the Fitter will attempt to compensate all PLL clocks
    Info (177008): PLL pll_25:pll_inst|pll_25_0002:pll_25_inst|altera_pll:altera_pll_i|general[0].gpll~FRACTIONAL_PLL
Info (184021): Fitter periphery placement operations ending: elapsed time is 00:00:00
Critical Warning (332012): Synopsys Design Constraints File file not found: 'space_invaders.sdc'. A Synopsys Design Constraints File is required by the TimeQuest Timing Analyzer to get proper timing constraints. Without it, the Compiler will not properly optimize the design.
Info (332144): No user constrained generated clocks found in the design
Info (332144): No user constrained base clocks found in the design
Info (332097): The following timing edges are non-unate.  TimeQuest will assume pos-unate behavior for these edges in the clock network.
    Info (332098): Cell: pll_inst|pll_25_inst|altera_pll_i|general[0].gpll~FRACTIONAL_PLL  from: refclkin  to: fbclk
    Info (332098): Cell: pll_inst|pll_25_inst|altera_pll_i|general[0].gpll~PLL_OUTPUT_COUNTER  from: vco0ph[0]  to: divclk
    Info (332098): Cell: pll_inst|pll_25_inst|altera_pll_i|general[0].gpll~PLL_REFCLK_SELECT  from: clkin[2]  to: clkout
Info (332143): No user constrained clock uncertainty found in the design. Calling "derive_clock_uncertainty"
Info (332123): Deriving Clock Uncertainty. Please refer to report_sdc in TimeQuest to see clock uncertainties.
Info (332130): Timing requirements not specified -- quality metrics such as performance may be sacrificed to reduce compilation time.
Info (176233): Starting register packing
Info (176235): Finished register packing
    Extra Info (176219): No registers were packed into other blocks
Info (11798): Fitter preparation operations ending: elapsed time is 00:00:11
Info (170189): Fitter placement preparation operations beginning
Info (170190): Fitter placement preparation operations ending: elapsed time is 00:00:01
Info (170191): Fitter placement operations beginning
Info (170137): Fitter placement was successful
Info (170192): Fitter placement operations ending: elapsed time is 00:00:04
Info (170193): Fitter routing operations beginning
Info (170195): Router estimated average interconnect usage is 1% of the available device resources
    Info (170196): Router estimated peak interconnect usage is 15% of the available device resources in the region that extends from location X34_Y24 to location X45_Y36
Info (170194): Fitter routing operations ending: elapsed time is 00:00:09
Info (170199): The Fitter performed an Auto Fit compilation.  Optimizations were skipped to reduce compilation time.
    Info (170201): Optimizations that may affect the design's routability were skipped
Info (11888): Total time spent on timing analysis during the Fitter is 2.63 seconds.
Info (334003): Started post-fitting delay annotation
Warning (334000): Timing characteristics of device 5CGXFC5C6F27C7 are preliminary
Info (334004): Delay annotation completed successfully
Info (334003): Started post-fitting delay annotation
Warning (334000): Timing characteristics of device 5CGXFC5C6F27C7 are preliminary
Info (334004): Delay annotation completed successfully
Info (11801): Fitter post-fit operations ending: elapsed time is 00:00:10
Info (144001): Generated suppressed messages file C:/altera/13.0sp1/quartus/projects/plis/space_invaders/output_files/space_invaders.fit.smsg
Info: Quartus II 64-Bit Fitter was successful. 0 errors, 8 warnings
    Info: Peak virtual memory: 6730 megabytes
    Info: Processing ended: Wed May 27 23:06:51 2026
    Info: Elapsed time: 00:00:55
    Info: Total CPU time (on all processors): 00:01:27


+----------------------------+
; Fitter Suppressed Messages ;
+----------------------------+
The suppressed messages can be found in C:/altera/13.0sp1/quartus/projects/plis/space_invaders/output_files/space_invaders.fit.smsg.


