Analysis & Synthesis report for space_invaders
Wed May 27 23:05:53 2026
Quartus II 64-Bit Version 13.0.1 Build 232 06/12/2013 Service Pack 1 SJ Web Edition


---------------------
; Table of Contents ;
---------------------
  1. Legal Notice
  2. Analysis & Synthesis Summary
  3. Analysis & Synthesis Settings
  4. Parallel Compilation
  5. Analysis & Synthesis Source Files Read
  6. Analysis & Synthesis Resource Usage Summary
  7. Analysis & Synthesis Resource Utilization by Entity
  8. Analysis & Synthesis IP Cores Summary
  9. State Machine - |spaceInvaders|invadersImg:imagegen|state
 10. State Machine - |spaceInvaders|adv7513_wrapper:i2c_init|adv7513_setup:setup_inst|setup_state
 11. State Machine - |spaceInvaders|adv7513_wrapper:i2c_init|I2C_CONTROLLER:i2c_inst|state
 12. Registers Removed During Synthesis
 13. Removed Registers Triggering Further Register Optimizations
 14. General Register Statistics
 15. Inverted Register Statistics
 16. Multiplexer Restructuring Statistics (Restructuring Performed)
 17. Parameter Settings for User Entity Instance: pll_25:pll_inst|pll_25_0002:pll_25_inst|altera_pll:altera_pll_i
 18. Parameter Settings for User Entity Instance: adv7513_wrapper:i2c_init|I2C_CONTROLLER:i2c_inst
 19. Parameter Settings for User Entity Instance: adv7513_wrapper:i2c_init|adv7513_setup:setup_inst
 20. Parameter Settings for Inferred Entity Instance: invadersImg:imagegen|lpm_divide:Mod4
 21. Parameter Settings for Inferred Entity Instance: invadersImg:imagegen|lpm_divide:Div3
 22. Parameter Settings for Inferred Entity Instance: invadersImg:imagegen|lpm_divide:Mod3
 23. Parameter Settings for Inferred Entity Instance: invadersImg:imagegen|lpm_divide:Div2
 24. Parameter Settings for Inferred Entity Instance: invadersImg:imagegen|lpm_divide:Mod2
 25. Parameter Settings for Inferred Entity Instance: invadersImg:imagegen|lpm_divide:Div1
 26. Parameter Settings for Inferred Entity Instance: invadersImg:imagegen|lpm_divide:Mod1
 27. Parameter Settings for Inferred Entity Instance: invadersImg:imagegen|lpm_divide:Div0
 28. Parameter Settings for Inferred Entity Instance: invadersImg:imagegen|lpm_divide:Mod0
 29. Port Connectivity Checks: "invadersImg:imagegen"
 30. Port Connectivity Checks: "adv7513_wrapper:i2c_init|adv7513_setup:setup_inst"
 31. Port Connectivity Checks: "adv7513_wrapper:i2c_init|I2C_CONTROLLER:i2c_inst"
 32. Port Connectivity Checks: "adv7513_wrapper:i2c_init|i2ciobuf:scl_buf"
 33. Port Connectivity Checks: "pll_25:pll_inst"
 34. Elapsed Time Per Partition
 35. Analysis & Synthesis Messages
 36. Analysis & Synthesis Suppressed Messages



----------------
; Legal Notice ;
----------------
Copyright (C) 1991-2013 Altera Corporation
Your use of Altera Corporation's design tools, logic functions 
and other software and tools, and its AMPP partner logic 
functions, and any output files from any of the foregoing 
(including device programming or simulation files), and any 
associated documentation or information are expressly subject 
to the terms and conditions of the Altera Program License 
Subscription Agreement, Altera MegaCore Function License 
Agreement, or other applicable license agreement, including, 
without limitation, that your use is for the sole purpose of 
programming logic devices manufactured by Altera and sold by 
Altera or its authorized distributors.  Please refer to the 
applicable agreement for further details.



+---------------------------------------------------------------------------------------+
; Analysis & Synthesis Summary                                                          ;
+-------------------------------------+-------------------------------------------------+
; Analysis & Synthesis Status         ; Successful - Wed May 27 23:05:53 2026           ;
; Quartus II 64-Bit Version           ; 13.0.1 Build 232 06/12/2013 SP 1 SJ Web Edition ;
; Revision Name                       ; space_invaders                                  ;
; Top-level Entity Name               ; spaceInvaders                                   ;
; Family                              ; Cyclone V                                       ;
; Logic utilization (in ALMs)         ; N/A                                             ;
; Total registers                     ; 280                                             ;
; Total pins                          ; 48                                              ;
; Total virtual pins                  ; 0                                               ;
; Total block memory bits             ; 0                                               ;
; Total DSP Blocks                    ; 0                                               ;
; Total HSSI RX PCSs                  ; 0                                               ;
; Total HSSI PMA RX Deserializers     ; 0                                               ;
; Total HSSI PMA RX ATT Deserializers ; 0                                               ;
; Total HSSI TX PCSs                  ; 0                                               ;
; Total HSSI PMA TX Serializers       ; 0                                               ;
; Total HSSI PMA TX ATT Serializers   ; 0                                               ;
; Total PLLs                          ; 1                                               ;
; Total DLLs                          ; 0                                               ;
+-------------------------------------+-------------------------------------------------+


+---------------------------------------------------------------------------------------------------------------------------+
; Analysis & Synthesis Settings                                                                                             ;
+---------------------------------------------------------------------------------+--------------------+--------------------+
; Option                                                                          ; Setting            ; Default Value      ;
+---------------------------------------------------------------------------------+--------------------+--------------------+
; Device                                                                          ; 5CGXFC5C6F27C7     ;                    ;
; Top-level entity name                                                           ; spaceInvaders      ; space_invaders     ;
; Family name                                                                     ; Cyclone V          ; Cyclone IV GX      ;
; Use smart compilation                                                           ; Off                ; Off                ;
; Enable parallel Assembler and TimeQuest Timing Analyzer during compilation      ; On                 ; On                 ;
; Enable compact report table                                                     ; Off                ; Off                ;
; Restructure Multiplexers                                                        ; Auto               ; Auto               ;
; MLAB Add Timing Constraints For Mixed-Port Feed-Through Mode Setting Don't Care ; Off                ; Off                ;
; Create Debugging Nodes for IP Cores                                             ; Off                ; Off                ;
; Preserve fewer node names                                                       ; On                 ; On                 ;
; Disable OpenCore Plus hardware evaluation                                       ; Off                ; Off                ;
; Verilog Version                                                                 ; Verilog_2001       ; Verilog_2001       ;
; VHDL Version                                                                    ; VHDL_1993          ; VHDL_1993          ;
; State Machine Processing                                                        ; Auto               ; Auto               ;
; Safe State Machine                                                              ; Off                ; Off                ;
; Extract Verilog State Machines                                                  ; On                 ; On                 ;
; Extract VHDL State Machines                                                     ; On                 ; On                 ;
; Ignore Verilog initial constructs                                               ; Off                ; Off                ;
; Iteration limit for constant Verilog loops                                      ; 5000               ; 5000               ;
; Iteration limit for non-constant Verilog loops                                  ; 250                ; 250                ;
; Add Pass-Through Logic to Inferred RAMs                                         ; On                 ; On                 ;
; Infer RAMs from Raw Logic                                                       ; On                 ; On                 ;
; Parallel Synthesis                                                              ; On                 ; On                 ;
; DSP Block Balancing                                                             ; Auto               ; Auto               ;
; NOT Gate Push-Back                                                              ; On                 ; On                 ;
; Power-Up Don't Care                                                             ; On                 ; On                 ;
; Remove Redundant Logic Cells                                                    ; Off                ; Off                ;
; Remove Duplicate Registers                                                      ; On                 ; On                 ;
; Ignore CARRY Buffers                                                            ; Off                ; Off                ;
; Ignore CASCADE Buffers                                                          ; Off                ; Off                ;
; Ignore GLOBAL Buffers                                                           ; Off                ; Off                ;
; Ignore ROW GLOBAL Buffers                                                       ; Off                ; Off                ;
; Ignore LCELL Buffers                                                            ; Off                ; Off                ;
; Ignore SOFT Buffers                                                             ; On                 ; On                 ;
; Limit AHDL Integers to 32 Bits                                                  ; Off                ; Off                ;
; Optimization Technique                                                          ; Balanced           ; Balanced           ;
; Carry Chain Length                                                              ; 70                 ; 70                 ;
; Auto Carry Chains                                                               ; On                 ; On                 ;
; Auto Open-Drain Pins                                                            ; On                 ; On                 ;
; Perform WYSIWYG Primitive Resynthesis                                           ; Off                ; Off                ;
; Auto ROM Replacement                                                            ; On                 ; On                 ;
; Auto RAM Replacement                                                            ; On                 ; On                 ;
; Auto DSP Block Replacement                                                      ; On                 ; On                 ;
; Auto Shift Register Replacement                                                 ; Auto               ; Auto               ;
; Allow Shift Register Merging across Hierarchies                                 ; Auto               ; Auto               ;
; Auto Clock Enable Replacement                                                   ; On                 ; On                 ;
; Strict RAM Replacement                                                          ; Off                ; Off                ;
; Allow Synchronous Control Signals                                               ; On                 ; On                 ;
; Force Use of Synchronous Clear Signals                                          ; Off                ; Off                ;
; Auto Resource Sharing                                                           ; Off                ; Off                ;
; Allow Any RAM Size For Recognition                                              ; Off                ; Off                ;
; Allow Any ROM Size For Recognition                                              ; Off                ; Off                ;
; Allow Any Shift Register Size For Recognition                                   ; Off                ; Off                ;
; Use LogicLock Constraints during Resource Balancing                             ; On                 ; On                 ;
; Ignore translate_off and synthesis_off directives                               ; Off                ; Off                ;
; Timing-Driven Synthesis                                                         ; On                 ; On                 ;
; Report Parameter Settings                                                       ; On                 ; On                 ;
; Report Source Assignments                                                       ; On                 ; On                 ;
; Report Connectivity Checks                                                      ; On                 ; On                 ;
; Ignore Maximum Fan-Out Assignments                                              ; Off                ; Off                ;
; Synchronization Register Chain Length                                           ; 3                  ; 3                  ;
; PowerPlay Power Optimization                                                    ; Normal compilation ; Normal compilation ;
; HDL message level                                                               ; Level2             ; Level2             ;
; Suppress Register Optimization Related Messages                                 ; Off                ; Off                ;
; Number of Removed Registers Reported in Synthesis Report                        ; 5000               ; 5000               ;
; Number of Swept Nodes Reported in Synthesis Report                              ; 5000               ; 5000               ;
; Number of Inverted Registers Reported in Synthesis Report                       ; 100                ; 100                ;
; Clock MUX Protection                                                            ; On                 ; On                 ;
; Auto Gated Clock Conversion                                                     ; Off                ; Off                ;
; Block Design Naming                                                             ; Auto               ; Auto               ;
; SDC constraint protection                                                       ; Off                ; Off                ;
; Synthesis Effort                                                                ; Auto               ; Auto               ;
; Shift Register Replacement - Allow Asynchronous Clear Signal                    ; On                 ; On                 ;
; Pre-Mapping Resynthesis Optimization                                            ; Off                ; Off                ;
; Analysis & Synthesis Message Level                                              ; Medium             ; Medium             ;
; Disable Register Merging Across Hierarchies                                     ; Auto               ; Auto               ;
; Resource Aware Inference For Block RAM                                          ; On                 ; On                 ;
; Synthesis Seed                                                                  ; 1                  ; 1                  ;
; Automatic Parallel Synthesis                                                    ; Off                ; Off                ;
+---------------------------------------------------------------------------------+--------------------+--------------------+


+------------------------------------------+
; Parallel Compilation                     ;
+----------------------------+-------------+
; Processors                 ; Number      ;
+----------------------------+-------------+
; Number detected on machine ; 12          ;
; Maximum allowed            ; 12          ;
;                            ;             ;
; Average used               ; 1.00        ;
; Maximum used               ; 8           ;
;                            ;             ;
; Usage by Processor         ; % Time Used ;
;     Processor 1            ; 100.0%      ;
;     Processors 2-8         ; < 0.1%      ;
;     Processors 9-12        ;   0.0%      ;
+----------------------------+-------------+


+---------------------------------------------------------------------------------------------------------------------------------------------------------------------------------------+
; Analysis & Synthesis Source Files Read                                                                                                                                                ;
+----------------------------------+-----------------+------------------------------------+-----------------------------------------------------------------------------------+---------+
; File Name with User-Entered Path ; Used in Netlist ; File Type                          ; File Name with Absolute Path                                                      ; Library ;
+----------------------------------+-----------------+------------------------------------+-----------------------------------------------------------------------------------+---------+
; spaceInvaders.vhd                ; yes             ; User VHDL File                     ; C:/altera/13.0sp1/quartus/projects/plis/space_invaders/spaceInvaders.vhd          ;         ;
; invadersImg.vhd                  ; yes             ; User VHDL File                     ; C:/altera/13.0sp1/quartus/projects/plis/space_invaders/invadersImg.vhd            ;         ;
; spaceInvadersSync.vhd            ; yes             ; User VHDL File                     ; C:/altera/13.0sp1/quartus/projects/plis/space_invaders/spaceInvadersSync.vhd      ;         ;
; pll_25.vhd                       ; yes             ; User Wizard-Generated File         ; C:/altera/13.0sp1/quartus/projects/plis/space_invaders/pll_25.vhd                 ; pll_25  ;
; pll_25/pll_25_0002.v             ; yes             ; User Verilog HDL File              ; C:/altera/13.0sp1/quartus/projects/plis/space_invaders/pll_25/pll_25_0002.v       ; pll_25  ;
; altera_pll.v                     ; yes             ; Megafunction                       ; c:/altera/13.0sp1/quartus/libraries/megafunctions/altera_pll.v                    ;         ;
; adv7513_wrapper.vhd              ; yes             ; Auto-Found VHDL File               ; C:/altera/13.0sp1/quartus/projects/plis/space_invaders/adv7513_wrapper.vhd        ;         ;
; i2ciobuf.v                       ; yes             ; Auto-Found Wizard-Generated File   ; C:/altera/13.0sp1/quartus/projects/plis/space_invaders/i2ciobuf.v                 ;         ;
; i2c_controller.sv                ; yes             ; Auto-Found SystemVerilog HDL File  ; C:/altera/13.0sp1/quartus/projects/plis/space_invaders/i2c_controller.sv          ;         ;
; adv7513_setup.sv                 ; yes             ; Auto-Found SystemVerilog HDL File  ; C:/altera/13.0sp1/quartus/projects/plis/space_invaders/adv7513_setup.sv           ;         ;
; lpm_divide.tdf                   ; yes             ; Megafunction                       ; c:/altera/13.0sp1/quartus/libraries/megafunctions/lpm_divide.tdf                  ;         ;
; abs_divider.inc                  ; yes             ; Megafunction                       ; c:/altera/13.0sp1/quartus/libraries/megafunctions/abs_divider.inc                 ;         ;
; sign_div_unsign.inc              ; yes             ; Megafunction                       ; c:/altera/13.0sp1/quartus/libraries/megafunctions/sign_div_unsign.inc             ;         ;
; aglobal130.inc                   ; yes             ; Megafunction                       ; c:/altera/13.0sp1/quartus/libraries/megafunctions/aglobal130.inc                  ;         ;
; db/lpm_divide_c5m.tdf            ; yes             ; Auto-Generated Megafunction        ; C:/altera/13.0sp1/quartus/projects/plis/space_invaders/db/lpm_divide_c5m.tdf      ;         ;
; db/sign_div_unsign_fnh.tdf       ; yes             ; Auto-Generated Megafunction        ; C:/altera/13.0sp1/quartus/projects/plis/space_invaders/db/sign_div_unsign_fnh.tdf ;         ;
; db/alt_u_div_43f.tdf             ; yes             ; Auto-Generated Megafunction        ; C:/altera/13.0sp1/quartus/projects/plis/space_invaders/db/alt_u_div_43f.tdf       ;         ;
; db/lpm_divide_lbm.tdf            ; yes             ; Auto-Generated Megafunction        ; C:/altera/13.0sp1/quartus/projects/plis/space_invaders/db/lpm_divide_lbm.tdf      ;         ;
; db/sign_div_unsign_rlh.tdf       ; yes             ; Auto-Generated Megafunction        ; C:/altera/13.0sp1/quartus/projects/plis/space_invaders/db/sign_div_unsign_rlh.tdf ;         ;
; db/alt_u_div_sve.tdf             ; yes             ; Auto-Generated Megafunction        ; C:/altera/13.0sp1/quartus/projects/plis/space_invaders/db/alt_u_div_sve.tdf       ;         ;
; db/lpm_divide_obm.tdf            ; yes             ; Auto-Generated Megafunction        ; C:/altera/13.0sp1/quartus/projects/plis/space_invaders/db/lpm_divide_obm.tdf      ;         ;
; db/sign_div_unsign_ulh.tdf       ; yes             ; Auto-Generated Megafunction        ; C:/altera/13.0sp1/quartus/projects/plis/space_invaders/db/sign_div_unsign_ulh.tdf ;         ;
; db/alt_u_div_20f.tdf             ; yes             ; Auto-Generated Megafunction        ; C:/altera/13.0sp1/quartus/projects/plis/space_invaders/db/alt_u_div_20f.tdf       ;         ;
; db/lpm_divide_2dm.tdf            ; yes             ; Auto-Generated Megafunction        ; C:/altera/13.0sp1/quartus/projects/plis/space_invaders/db/lpm_divide_2dm.tdf      ;         ;
; db/sign_div_unsign_8nh.tdf       ; yes             ; Auto-Generated Megafunction        ; C:/altera/13.0sp1/quartus/projects/plis/space_invaders/db/sign_div_unsign_8nh.tdf ;         ;
; db/alt_u_div_m2f.tdf             ; yes             ; Auto-Generated Megafunction        ; C:/altera/13.0sp1/quartus/projects/plis/space_invaders/db/alt_u_div_m2f.tdf       ;         ;
; db/lpm_divide_6dm.tdf            ; yes             ; Auto-Generated Megafunction        ; C:/altera/13.0sp1/quartus/projects/plis/space_invaders/db/lpm_divide_6dm.tdf      ;         ;
; db/sign_div_unsign_cnh.tdf       ; yes             ; Auto-Generated Megafunction        ; C:/altera/13.0sp1/quartus/projects/plis/space_invaders/db/sign_div_unsign_cnh.tdf ;         ;
; db/alt_u_div_u2f.tdf             ; yes             ; Auto-Generated Megafunction        ; C:/altera/13.0sp1/quartus/projects/plis/space_invaders/db/alt_u_div_u2f.tdf       ;         ;
+----------------------------------+-----------------+------------------------------------+-----------------------------------------------------------------------------------+---------+


+------------------------------------------------------------+
; Analysis & Synthesis Resource Usage Summary                ;
+---------------------------------------------+--------------+
; Resource                                    ; Usage        ;
+---------------------------------------------+--------------+
; Estimate of Logic utilization (ALMs needed) ; 2005         ;
;                                             ;              ;
; Combinational ALUT usage for logic          ; 3589         ;
;     -- 7 input functions                    ; 15           ;
;     -- 6 input functions                    ; 402          ;
;     -- 5 input functions                    ; 382          ;
;     -- 4 input functions                    ; 613          ;
;     -- <=3 input functions                  ; 2177         ;
;                                             ;              ;
; Dedicated logic registers                   ; 280          ;
;                                             ;              ;
; I/O pins                                    ; 48           ;
; Total DSP Blocks                            ; 0            ;
; Total PLLs                                  ; 1            ;
;     -- PLLs                                 ; 1            ;
;                                             ;              ;
; Maximum fan-out node                        ; KEY[4]~input ;
; Maximum fan-out                             ; 165          ;
; Total fan-out                               ; 13475        ;
; Average fan-out                             ; 3.40         ;
+---------------------------------------------+--------------+


+-----------------------------------------------------------------------------------------------------------------------------------------------------------------------------------------------------------------------------------------------------------------------------------------------------------------------+
; Analysis & Synthesis Resource Utilization by Entity                                                                                                                                                                                                                                                                   ;
+------------------------------------------------------------------------+-------------------+--------------+-------------------+------------+------+--------------+-------------------------------------------------------------------------------------------------------------------------------------+--------------+
; Compilation Hierarchy Node                                             ; LC Combinationals ; LC Registers ; Block Memory Bits ; DSP Blocks ; Pins ; Virtual Pins ; Full Hierarchy Name                                                                                                                 ; Library Name ;
+------------------------------------------------------------------------+-------------------+--------------+-------------------+------------+------+--------------+-------------------------------------------------------------------------------------------------------------------------------------+--------------+
; |spaceInvaders                                                         ; 3589 (1)          ; 280 (0)      ; 0                 ; 0          ; 48   ; 0            ; |spaceInvaders                                                                                                                      ; work         ;
;    |adv7513_wrapper:i2c_init|                                          ; 179 (0)           ; 109 (0)      ; 0                 ; 0          ; 0    ; 0            ; |spaceInvaders|adv7513_wrapper:i2c_init                                                                                             ; work         ;
;       |I2C_CONTROLLER:i2c_inst|                                        ; 82 (82)           ; 52 (52)      ; 0                 ; 0          ; 0    ; 0            ; |spaceInvaders|adv7513_wrapper:i2c_init|I2C_CONTROLLER:i2c_inst                                                                     ; work         ;
;       |adv7513_setup:setup_inst|                                       ; 97 (80)           ; 57 (57)      ; 0                 ; 0          ; 0    ; 0            ; |spaceInvaders|adv7513_wrapper:i2c_init|adv7513_setup:setup_inst                                                                    ; work         ;
;          |setup_rom:setup_rom_inst|                                    ; 17 (17)           ; 0 (0)        ; 0                 ; 0          ; 0    ; 0            ; |spaceInvaders|adv7513_wrapper:i2c_init|adv7513_setup:setup_inst|setup_rom:setup_rom_inst                                           ; work         ;
;       |i2ciobuf:scl_buf|                                               ; 0 (0)             ; 0 (0)        ; 0                 ; 0          ; 0    ; 0            ; |spaceInvaders|adv7513_wrapper:i2c_init|i2ciobuf:scl_buf                                                                            ; work         ;
;          |i2ciobuf_iobuf_bidir_amo:i2ciobuf_iobuf_bidir_amo_component| ; 0 (0)             ; 0 (0)        ; 0                 ; 0          ; 0    ; 0            ; |spaceInvaders|adv7513_wrapper:i2c_init|i2ciobuf:scl_buf|i2ciobuf_iobuf_bidir_amo:i2ciobuf_iobuf_bidir_amo_component                ; work         ;
;       |i2ciobuf:sda_buf|                                               ; 0 (0)             ; 0 (0)        ; 0                 ; 0          ; 0    ; 0            ; |spaceInvaders|adv7513_wrapper:i2c_init|i2ciobuf:sda_buf                                                                            ; work         ;
;          |i2ciobuf_iobuf_bidir_amo:i2ciobuf_iobuf_bidir_amo_component| ; 0 (0)             ; 0 (0)        ; 0                 ; 0          ; 0    ; 0            ; |spaceInvaders|adv7513_wrapper:i2c_init|i2ciobuf:sda_buf|i2ciobuf_iobuf_bidir_amo:i2ciobuf_iobuf_bidir_amo_component                ; work         ;
;    |invadersImg:imagegen|                                              ; 3374 (1596)       ; 151 (151)    ; 0                 ; 0          ; 0    ; 0            ; |spaceInvaders|invadersImg:imagegen                                                                                                 ; work         ;
;       |lpm_divide:Div0|                                                ; 118 (0)           ; 0 (0)        ; 0                 ; 0          ; 0    ; 0            ; |spaceInvaders|invadersImg:imagegen|lpm_divide:Div0                                                                                 ; work         ;
;          |lpm_divide_6dm:auto_generated|                               ; 118 (0)           ; 0 (0)        ; 0                 ; 0          ; 0    ; 0            ; |spaceInvaders|invadersImg:imagegen|lpm_divide:Div0|lpm_divide_6dm:auto_generated                                                   ; work         ;
;             |sign_div_unsign_cnh:divider|                              ; 118 (0)           ; 0 (0)        ; 0                 ; 0          ; 0    ; 0            ; |spaceInvaders|invadersImg:imagegen|lpm_divide:Div0|lpm_divide_6dm:auto_generated|sign_div_unsign_cnh:divider                       ; work         ;
;                |alt_u_div_u2f:divider|                                 ; 118 (118)         ; 0 (0)        ; 0                 ; 0          ; 0    ; 0            ; |spaceInvaders|invadersImg:imagegen|lpm_divide:Div0|lpm_divide_6dm:auto_generated|sign_div_unsign_cnh:divider|alt_u_div_u2f:divider ; work         ;
;       |lpm_divide:Div1|                                                ; 190 (0)           ; 0 (0)        ; 0                 ; 0          ; 0    ; 0            ; |spaceInvaders|invadersImg:imagegen|lpm_divide:Div1                                                                                 ; work         ;
;          |lpm_divide_2dm:auto_generated|                               ; 190 (0)           ; 0 (0)        ; 0                 ; 0          ; 0    ; 0            ; |spaceInvaders|invadersImg:imagegen|lpm_divide:Div1|lpm_divide_2dm:auto_generated                                                   ; work         ;
;             |sign_div_unsign_8nh:divider|                              ; 190 (0)           ; 0 (0)        ; 0                 ; 0          ; 0    ; 0            ; |spaceInvaders|invadersImg:imagegen|lpm_divide:Div1|lpm_divide_2dm:auto_generated|sign_div_unsign_8nh:divider                       ; work         ;
;                |alt_u_div_m2f:divider|                                 ; 190 (190)         ; 0 (0)        ; 0                 ; 0          ; 0    ; 0            ; |spaceInvaders|invadersImg:imagegen|lpm_divide:Div1|lpm_divide_2dm:auto_generated|sign_div_unsign_8nh:divider|alt_u_div_m2f:divider ; work         ;
;       |lpm_divide:Div2|                                                ; 192 (0)           ; 0 (0)        ; 0                 ; 0          ; 0    ; 0            ; |spaceInvaders|invadersImg:imagegen|lpm_divide:Div2                                                                                 ; work         ;
;          |lpm_divide_obm:auto_generated|                               ; 192 (0)           ; 0 (0)        ; 0                 ; 0          ; 0    ; 0            ; |spaceInvaders|invadersImg:imagegen|lpm_divide:Div2|lpm_divide_obm:auto_generated                                                   ; work         ;
;             |sign_div_unsign_ulh:divider|                              ; 192 (0)           ; 0 (0)        ; 0                 ; 0          ; 0    ; 0            ; |spaceInvaders|invadersImg:imagegen|lpm_divide:Div2|lpm_divide_obm:auto_generated|sign_div_unsign_ulh:divider                       ; work         ;
;                |alt_u_div_20f:divider|                                 ; 192 (192)         ; 0 (0)        ; 0                 ; 0          ; 0    ; 0            ; |spaceInvaders|invadersImg:imagegen|lpm_divide:Div2|lpm_divide_obm:auto_generated|sign_div_unsign_ulh:divider|alt_u_div_20f:divider ; work         ;
;       |lpm_divide:Div3|                                                ; 146 (0)           ; 0 (0)        ; 0                 ; 0          ; 0    ; 0            ; |spaceInvaders|invadersImg:imagegen|lpm_divide:Div3                                                                                 ; work         ;
;          |lpm_divide_lbm:auto_generated|                               ; 146 (0)           ; 0 (0)        ; 0                 ; 0          ; 0    ; 0            ; |spaceInvaders|invadersImg:imagegen|lpm_divide:Div3|lpm_divide_lbm:auto_generated                                                   ; work         ;
;             |sign_div_unsign_rlh:divider|                              ; 146 (0)           ; 0 (0)        ; 0                 ; 0          ; 0    ; 0            ; |spaceInvaders|invadersImg:imagegen|lpm_divide:Div3|lpm_divide_lbm:auto_generated|sign_div_unsign_rlh:divider                       ; work         ;
;                |alt_u_div_sve:divider|                                 ; 146 (146)         ; 0 (0)        ; 0                 ; 0          ; 0    ; 0            ; |spaceInvaders|invadersImg:imagegen|lpm_divide:Div3|lpm_divide_lbm:auto_generated|sign_div_unsign_rlh:divider|alt_u_div_sve:divider ; work         ;
;       |lpm_divide:Mod0|                                                ; 36 (0)            ; 0 (0)        ; 0                 ; 0          ; 0    ; 0            ; |spaceInvaders|invadersImg:imagegen|lpm_divide:Mod0                                                                                 ; work         ;
;          |lpm_divide_c5m:auto_generated|                               ; 36 (0)            ; 0 (0)        ; 0                 ; 0          ; 0    ; 0            ; |spaceInvaders|invadersImg:imagegen|lpm_divide:Mod0|lpm_divide_c5m:auto_generated                                                   ; work         ;
;             |sign_div_unsign_fnh:divider|                              ; 36 (0)            ; 0 (0)        ; 0                 ; 0          ; 0    ; 0            ; |spaceInvaders|invadersImg:imagegen|lpm_divide:Mod0|lpm_divide_c5m:auto_generated|sign_div_unsign_fnh:divider                       ; work         ;
;                |alt_u_div_43f:divider|                                 ; 36 (36)           ; 0 (0)        ; 0                 ; 0          ; 0    ; 0            ; |spaceInvaders|invadersImg:imagegen|lpm_divide:Mod0|lpm_divide_c5m:auto_generated|sign_div_unsign_fnh:divider|alt_u_div_43f:divider ; work         ;
;       |lpm_divide:Mod1|                                                ; 157 (0)           ; 0 (0)        ; 0                 ; 0          ; 0    ; 0            ; |spaceInvaders|invadersImg:imagegen|lpm_divide:Mod1                                                                                 ; work         ;
;          |lpm_divide_c5m:auto_generated|                               ; 157 (0)           ; 0 (0)        ; 0                 ; 0          ; 0    ; 0            ; |spaceInvaders|invadersImg:imagegen|lpm_divide:Mod1|lpm_divide_c5m:auto_generated                                                   ; work         ;
;             |sign_div_unsign_fnh:divider|                              ; 157 (0)           ; 0 (0)        ; 0                 ; 0          ; 0    ; 0            ; |spaceInvaders|invadersImg:imagegen|lpm_divide:Mod1|lpm_divide_c5m:auto_generated|sign_div_unsign_fnh:divider                       ; work         ;
;                |alt_u_div_43f:divider|                                 ; 157 (157)         ; 0 (0)        ; 0                 ; 0          ; 0    ; 0            ; |spaceInvaders|invadersImg:imagegen|lpm_divide:Mod1|lpm_divide_c5m:auto_generated|sign_div_unsign_fnh:divider|alt_u_div_43f:divider ; work         ;
;       |lpm_divide:Mod2|                                                ; 263 (0)           ; 0 (0)        ; 0                 ; 0          ; 0    ; 0            ; |spaceInvaders|invadersImg:imagegen|lpm_divide:Mod2                                                                                 ; work         ;
;          |lpm_divide_c5m:auto_generated|                               ; 263 (0)           ; 0 (0)        ; 0                 ; 0          ; 0    ; 0            ; |spaceInvaders|invadersImg:imagegen|lpm_divide:Mod2|lpm_divide_c5m:auto_generated                                                   ; work         ;
;             |sign_div_unsign_fnh:divider|                              ; 263 (0)           ; 0 (0)        ; 0                 ; 0          ; 0    ; 0            ; |spaceInvaders|invadersImg:imagegen|lpm_divide:Mod2|lpm_divide_c5m:auto_generated|sign_div_unsign_fnh:divider                       ; work         ;
;                |alt_u_div_43f:divider|                                 ; 263 (263)         ; 0 (0)        ; 0                 ; 0          ; 0    ; 0            ; |spaceInvaders|invadersImg:imagegen|lpm_divide:Mod2|lpm_divide_c5m:auto_generated|sign_div_unsign_fnh:divider|alt_u_div_43f:divider ; work         ;
;       |lpm_divide:Mod3|                                                ; 331 (0)           ; 0 (0)        ; 0                 ; 0          ; 0    ; 0            ; |spaceInvaders|invadersImg:imagegen|lpm_divide:Mod3                                                                                 ; work         ;
;          |lpm_divide_c5m:auto_generated|                               ; 331 (0)           ; 0 (0)        ; 0                 ; 0          ; 0    ; 0            ; |spaceInvaders|invadersImg:imagegen|lpm_divide:Mod3|lpm_divide_c5m:auto_generated                                                   ; work         ;
;             |sign_div_unsign_fnh:divider|                              ; 331 (0)           ; 0 (0)        ; 0                 ; 0          ; 0    ; 0            ; |spaceInvaders|invadersImg:imagegen|lpm_divide:Mod3|lpm_divide_c5m:auto_generated|sign_div_unsign_fnh:divider                       ; work         ;
;                |alt_u_div_43f:divider|                                 ; 331 (331)         ; 0 (0)        ; 0                 ; 0          ; 0    ; 0            ; |spaceInvaders|invadersImg:imagegen|lpm_divide:Mod3|lpm_divide_c5m:auto_generated|sign_div_unsign_fnh:divider|alt_u_div_43f:divider ; work         ;
;       |lpm_divide:Mod4|                                                ; 345 (0)           ; 0 (0)        ; 0                 ; 0          ; 0    ; 0            ; |spaceInvaders|invadersImg:imagegen|lpm_divide:Mod4                                                                                 ; work         ;
;          |lpm_divide_c5m:auto_generated|                               ; 345 (0)           ; 0 (0)        ; 0                 ; 0          ; 0    ; 0            ; |spaceInvaders|invadersImg:imagegen|lpm_divide:Mod4|lpm_divide_c5m:auto_generated                                                   ; work         ;
;             |sign_div_unsign_fnh:divider|                              ; 345 (0)           ; 0 (0)        ; 0                 ; 0          ; 0    ; 0            ; |spaceInvaders|invadersImg:imagegen|lpm_divide:Mod4|lpm_divide_c5m:auto_generated|sign_div_unsign_fnh:divider                       ; work         ;
;                |alt_u_div_43f:divider|                                 ; 345 (345)         ; 0 (0)        ; 0                 ; 0          ; 0    ; 0            ; |spaceInvaders|invadersImg:imagegen|lpm_divide:Mod4|lpm_divide_c5m:auto_generated|sign_div_unsign_fnh:divider|alt_u_div_43f:divider ; work         ;
;    |pll_25:pll_inst|                                                   ; 0 (0)             ; 0 (0)        ; 0                 ; 0          ; 0    ; 0            ; |spaceInvaders|pll_25:pll_inst                                                                                                      ; pll_25       ;
;       |pll_25_0002:pll_25_inst|                                        ; 0 (0)             ; 0 (0)        ; 0                 ; 0          ; 0    ; 0            ; |spaceInvaders|pll_25:pll_inst|pll_25_0002:pll_25_inst                                                                              ; pll_25       ;
;          |altera_pll:altera_pll_i|                                     ; 0 (0)             ; 0 (0)        ; 0                 ; 0          ; 0    ; 0            ; |spaceInvaders|pll_25:pll_inst|pll_25_0002:pll_25_inst|altera_pll:altera_pll_i                                                      ; work         ;
;    |spaceInvadersSync:vgasync|                                         ; 35 (35)           ; 20 (20)      ; 0                 ; 0          ; 0    ; 0            ; |spaceInvaders|spaceInvadersSync:vgasync                                                                                            ; work         ;
+------------------------------------------------------------------------+-------------------+--------------+-------------------+------------+------+--------------+-------------------------------------------------------------------------------------------------------------------------------------+--------------+
Note: For table entries with two numbers listed, the numbers in parentheses indicate the number of resources of the given type used by the specific entity alone. The numbers listed outside of parentheses indicate the total resources of the given type used by the specific entity and all of its sub-entities in the hierarchy.


+--------------------------------------------------------------------------------------------------------------------------------------------------------------------------------------------------------+
; Analysis & Synthesis IP Cores Summary                                                                                                                                                                  ;
+--------+--------------+---------+--------------+--------------+----------------------------------------------------------+-----------------------------------------------------------------------------+
; Vendor ; IP Core Name ; Version ; Release Date ; License Type ; Entity Instance                                          ; IP Include File                                                             ;
+--------+--------------+---------+--------------+--------------+----------------------------------------------------------+-----------------------------------------------------------------------------+
; Altera ; ALTIOBUF     ; N/A     ; N/A          ; N/A          ; |spaceInvaders|adv7513_wrapper:i2c_init|i2ciobuf:scl_buf ; C:/altera/13.0sp1/quartus/projects/plis/space_invaders/i2ciobuf.v           ;
; Altera ; ALTIOBUF     ; N/A     ; N/A          ; N/A          ; |spaceInvaders|adv7513_wrapper:i2c_init|i2ciobuf:sda_buf ; C:/altera/13.0sp1/quartus/projects/plis/space_invaders/i2ciobuf.v           ;
; Altera ; altera_pll   ; 13.0sp1 ; N/A          ; N/A          ; |spaceInvaders|pll_25:pll_inst                           ; C:/altera/13.0sp1/quartus/projects/plis/space_invaders/pll_25.vhd           ;
; Altera ; altera_pll   ; 13.0    ; N/A          ; N/A          ; |spaceInvaders|pll_25:pll_inst|pll_25_0002:pll_25_inst   ; C:/altera/13.0sp1/quartus/projects/plis/space_invaders/pll_25/pll_25_0002.v ;
+--------+--------------+---------+--------------+--------------+----------------------------------------------------------+-----------------------------------------------------------------------------+


Encoding Type:  One-Hot
+----------------------------------------------------------------+
; State Machine - |spaceInvaders|invadersImg:imagegen|state      ;
+-----------------+-----------------+---------------+------------+
; Name            ; state.GAME_OVER ; state.PLAYING ; state.MENU ;
+-----------------+-----------------+---------------+------------+
; state.MENU      ; 0               ; 0             ; 0          ;
; state.PLAYING   ; 0               ; 1             ; 1          ;
; state.GAME_OVER ; 1               ; 0             ; 1          ;
+-----------------+-----------------+---------------+------------+


Encoding Type:  One-Hot
+--------------------------------------------------------------------------------------------------------------------------------------+
; State Machine - |spaceInvaders|adv7513_wrapper:i2c_init|adv7513_setup:setup_inst|setup_state                                         ;
+------------------------+------------------------+--------------------+--------------------+---------------------+--------------------+
; Name                   ; setup_state.S_BUSYWAIT ; setup_state.S_SEND ; setup_state.S_WAIT ; setup_state.S_RESET ; setup_state.S_DONE ;
+------------------------+------------------------+--------------------+--------------------+---------------------+--------------------+
; setup_state.S_RESET    ; 0                      ; 0                  ; 0                  ; 0                   ; 0                  ;
; setup_state.S_WAIT     ; 0                      ; 0                  ; 1                  ; 1                   ; 0                  ;
; setup_state.S_SEND     ; 0                      ; 1                  ; 0                  ; 1                   ; 0                  ;
; setup_state.S_BUSYWAIT ; 1                      ; 0                  ; 0                  ; 1                   ; 0                  ;
; setup_state.S_DONE     ; 0                      ; 0                  ; 0                  ; 1                   ; 1                  ;
+------------------------+------------------------+--------------------+--------------------+---------------------+--------------------+


Encoding Type:  One-Hot
+---------------------------------------------------------------------------------------------------------------------------------------------------+
; State Machine - |spaceInvaders|adv7513_wrapper:i2c_init|I2C_CONTROLLER:i2c_inst|state                                                             ;
+-----------------+--------------+---------------+---------------+-----------------+---------------+--------------+-----------------+---------------+
; Name            ; state.S_STOP ; state.S_DATA2 ; state.S_DATA1 ; state.S_ADDRESS ; state.S_START ; state.S_IDLE ; state.S_POWERON ; state.S_RESET ;
+-----------------+--------------+---------------+---------------+-----------------+---------------+--------------+-----------------+---------------+
; state.S_RESET   ; 0            ; 0             ; 0             ; 0               ; 0             ; 0            ; 0               ; 0             ;
; state.S_POWERON ; 0            ; 0             ; 0             ; 0               ; 0             ; 0            ; 1               ; 1             ;
; state.S_IDLE    ; 0            ; 0             ; 0             ; 0               ; 0             ; 1            ; 0               ; 1             ;
; state.S_START   ; 0            ; 0             ; 0             ; 0               ; 1             ; 0            ; 0               ; 1             ;
; state.S_ADDRESS ; 0            ; 0             ; 0             ; 1               ; 0             ; 0            ; 0               ; 1             ;
; state.S_DATA1   ; 0            ; 0             ; 1             ; 0               ; 0             ; 0            ; 0               ; 1             ;
; state.S_DATA2   ; 0            ; 1             ; 0             ; 0               ; 0             ; 0            ; 0               ; 1             ;
; state.S_STOP    ; 1            ; 0             ; 0             ; 0               ; 0             ; 0            ; 0               ; 1             ;
+-----------------+--------------+---------------+---------------+-----------------+---------------+--------------+-----------------+---------------+


+-----------------------------------------------------------------------------------------------------------------------------------------------------+
; Registers Removed During Synthesis                                                                                                                  ;
+----------------------------------------------------------------------+------------------------------------------------------------------------------+
; Register name                                                        ; Reason for Removal                                                           ;
+----------------------------------------------------------------------+------------------------------------------------------------------------------+
; invadersImg:imagegen|score[0]                                        ; Stuck at GND due to stuck port data_in                                       ;
; adv7513_wrapper:i2c_init|adv7513_setup:setup_inst|i2c_readnotwrite   ; Stuck at GND due to stuck port data_in                                       ;
; adv7513_wrapper:i2c_init|adv7513_setup:setup_inst|i2c_address[1,2,6] ; Stuck at GND due to stuck port data_in                                       ;
; adv7513_wrapper:i2c_init|I2C_CONTROLLER:i2c_inst|k_address[0,2,3,7]  ; Stuck at GND due to stuck port data_in                                       ;
; invadersImg:imagegen|aliens_x_off[2]                                 ; Merged with invadersImg:imagegen|aliens_x_off[0]                             ;
; adv7513_wrapper:i2c_init|adv7513_setup:setup_inst|i2c_address[3..5]  ; Merged with adv7513_wrapper:i2c_init|adv7513_setup:setup_inst|i2c_address[0] ;
; adv7513_wrapper:i2c_init|I2C_CONTROLLER:i2c_inst|k_address[4..6]     ; Merged with adv7513_wrapper:i2c_init|I2C_CONTROLLER:i2c_inst|k_address[1]    ;
; invadersImg:imagegen|aliens_x_off[0]                                 ; Stuck at GND due to stuck port data_in                                       ;
; invadersImg:imagegen|e_bullet_x[0]                                   ; Stuck at GND due to stuck port data_in                                       ;
; adv7513_wrapper:i2c_init|adv7513_setup:setup_inst|setup_state~6      ; Lost fanout                                                                  ;
; adv7513_wrapper:i2c_init|adv7513_setup:setup_inst|setup_state~7      ; Lost fanout                                                                  ;
; adv7513_wrapper:i2c_init|I2C_CONTROLLER:i2c_inst|state~10            ; Lost fanout                                                                  ;
; adv7513_wrapper:i2c_init|I2C_CONTROLLER:i2c_inst|state~11            ; Lost fanout                                                                  ;
; adv7513_wrapper:i2c_init|I2C_CONTROLLER:i2c_inst|state~12            ; Lost fanout                                                                  ;
; invadersImg:imagegen|aliens_x_off[1]                                 ; Stuck at VCC due to stuck port data_in                                       ;
; Total Number of Removed Registers = 24                               ;                                                                              ;
+----------------------------------------------------------------------+------------------------------------------------------------------------------+


+----------------------------------------------------------------------------------------------------------------------------------------------------------------+
; Removed Registers Triggering Further Register Optimizations                                                                                                    ;
+--------------------------------------------------------------------+---------------------------+---------------------------------------------------------------+
; Register name                                                      ; Reason for Removal        ; Registers Removed due to This Register                        ;
+--------------------------------------------------------------------+---------------------------+---------------------------------------------------------------+
; adv7513_wrapper:i2c_init|adv7513_setup:setup_inst|i2c_readnotwrite ; Stuck at GND              ; adv7513_wrapper:i2c_init|I2C_CONTROLLER:i2c_inst|k_address[0] ;
;                                                                    ; due to stuck port data_in ;                                                               ;
; adv7513_wrapper:i2c_init|adv7513_setup:setup_inst|i2c_address[1]   ; Stuck at GND              ; adv7513_wrapper:i2c_init|I2C_CONTROLLER:i2c_inst|k_address[2] ;
;                                                                    ; due to stuck port data_in ;                                                               ;
; adv7513_wrapper:i2c_init|adv7513_setup:setup_inst|i2c_address[2]   ; Stuck at GND              ; adv7513_wrapper:i2c_init|I2C_CONTROLLER:i2c_inst|k_address[3] ;
;                                                                    ; due to stuck port data_in ;                                                               ;
; adv7513_wrapper:i2c_init|adv7513_setup:setup_inst|i2c_address[6]   ; Stuck at GND              ; adv7513_wrapper:i2c_init|I2C_CONTROLLER:i2c_inst|k_address[7] ;
;                                                                    ; due to stuck port data_in ;                                                               ;
; invadersImg:imagegen|aliens_x_off[0]                               ; Stuck at GND              ; invadersImg:imagegen|e_bullet_x[0]                            ;
;                                                                    ; due to stuck port data_in ;                                                               ;
+--------------------------------------------------------------------+---------------------------+---------------------------------------------------------------+


+------------------------------------------------------+
; General Register Statistics                          ;
+----------------------------------------------+-------+
; Statistic                                    ; Value ;
+----------------------------------------------+-------+
; Total registers                              ; 280   ;
; Number of registers using Synchronous Clear  ; 92    ;
; Number of registers using Synchronous Load   ; 33    ;
; Number of registers using Asynchronous Clear ; 126   ;
; Number of registers using Asynchronous Load  ; 0     ;
; Number of registers using Clock Enable       ; 202   ;
; Number of registers using Preset             ; 0     ;
+----------------------------------------------+-------+


+---------------------------------------------------------------------------+
; Inverted Register Statistics                                              ;
+-----------------------------------------------------------------+---------+
; Inverted Register                                               ; Fan out ;
+-----------------------------------------------------------------+---------+
; invadersImg:imagegen|aliens_y_off[5]                            ; 36      ;
; invadersImg:imagegen|aliens_y_off[3]                            ; 13      ;
; invadersImg:imagegen|aliens_x_off[5]                            ; 37      ;
; invadersImg:imagegen|aliens_x_off[4]                            ; 37      ;
; invadersImg:imagegen|lives[1]                                   ; 7       ;
; invadersImg:imagegen|lives[0]                                   ; 8       ;
; invadersImg:imagegen|aliens_alive[0][3]                         ; 7       ;
; invadersImg:imagegen|aliens_alive[0][5]                         ; 7       ;
; invadersImg:imagegen|aliens_alive[0][0]                         ; 6       ;
; invadersImg:imagegen|aliens_alive[0][2]                         ; 6       ;
; invadersImg:imagegen|aliens_alive[0][4]                         ; 6       ;
; invadersImg:imagegen|aliens_alive[0][6]                         ; 7       ;
; invadersImg:imagegen|aliens_alive[0][1]                         ; 7       ;
; invadersImg:imagegen|aliens_alive[0][7]                         ; 7       ;
; invadersImg:imagegen|aliens_alive[1][5]                         ; 6       ;
; invadersImg:imagegen|aliens_alive[1][7]                         ; 7       ;
; invadersImg:imagegen|aliens_alive[1][0]                         ; 7       ;
; invadersImg:imagegen|aliens_alive[1][2]                         ; 6       ;
; invadersImg:imagegen|aliens_alive[1][4]                         ; 6       ;
; invadersImg:imagegen|aliens_alive[1][6]                         ; 7       ;
; invadersImg:imagegen|aliens_alive[1][1]                         ; 7       ;
; invadersImg:imagegen|aliens_alive[1][3]                         ; 6       ;
; invadersImg:imagegen|aliens_alive[2][5]                         ; 13      ;
; invadersImg:imagegen|aliens_alive[2][7]                         ; 19      ;
; invadersImg:imagegen|aliens_alive[2][0]                         ; 7       ;
; invadersImg:imagegen|aliens_alive[2][2]                         ; 6       ;
; invadersImg:imagegen|aliens_alive[2][4]                         ; 6       ;
; invadersImg:imagegen|aliens_alive[2][6]                         ; 13      ;
; invadersImg:imagegen|aliens_alive[2][1]                         ; 7       ;
; invadersImg:imagegen|aliens_alive[2][3]                         ; 6       ;
; invadersImg:imagegen|aliens_alive[3][3]                         ; 94      ;
; invadersImg:imagegen|aliens_alive[3][5]                         ; 61      ;
; invadersImg:imagegen|aliens_alive[3][0]                         ; 49      ;
; invadersImg:imagegen|aliens_alive[3][2]                         ; 80      ;
; invadersImg:imagegen|aliens_alive[3][4]                         ; 80      ;
; invadersImg:imagegen|aliens_alive[3][6]                         ; 41      ;
; invadersImg:imagegen|aliens_alive[3][1]                         ; 56      ;
; invadersImg:imagegen|aliens_alive[3][7]                         ; 20      ;
; invadersImg:imagegen|tank_x[0]                                  ; 8       ;
; invadersImg:imagegen|tank_x[8]                                  ; 17      ;
; invadersImg:imagegen|tank_x[5]                                  ; 9       ;
; invadersImg:imagegen|tank_x[4]                                  ; 9       ;
; invadersImg:imagegen|lfsr[1]                                    ; 15      ;
; adv7513_wrapper:i2c_init|I2C_CONTROLLER:i2c_inst|clk_div_cnt[0] ; 3       ;
; invadersImg:imagegen|aliens_dir                                 ; 9       ;
; invadersImg:imagegen|lfsr[7]                                    ; 1       ;
; invadersImg:imagegen|lfsr[5]                                    ; 2       ;
; invadersImg:imagegen|lfsr[3]                                    ; 2       ;
; adv7513_wrapper:i2c_init|I2C_CONTROLLER:i2c_inst|busy           ; 7       ;
; adv7513_wrapper:i2c_init|I2C_CONTROLLER:i2c_inst|byte_idx[2]    ; 6       ;
; adv7513_wrapper:i2c_init|I2C_CONTROLLER:i2c_inst|byte_idx[1]    ; 4       ;
; adv7513_wrapper:i2c_init|I2C_CONTROLLER:i2c_inst|byte_idx[0]    ; 5       ;
; Total number of inverted registers = 52                         ;         ;
+-----------------------------------------------------------------+---------+


+------------------------------------------------------------------------------------------------------------------------------------------------------------------------------------------------+
; Multiplexer Restructuring Statistics (Restructuring Performed)                                                                                                                                 ;
+--------------------+-----------+---------------+----------------------+------------------------+------------+----------------------------------------------------------------------------------+
; Multiplexer Inputs ; Bus Width ; Baseline Area ; Area if Restructured ; Saving if Restructured ; Registered ; Example Multiplexer Output                                                       ;
+--------------------+-----------+---------------+----------------------+------------------------+------------+----------------------------------------------------------------------------------+
; 3:1                ; 6 bits    ; 12 LEs        ; 0 LEs                ; 12 LEs                 ; Yes        ; |spaceInvaders|invadersImg:imagegen|tank_x[2]                                    ;
; 3:1                ; 9 bits    ; 18 LEs        ; 9 LEs                ; 9 LEs                  ; Yes        ; |spaceInvaders|invadersImg:imagegen|bullet_y[6]                                  ;
; 4:1                ; 4 bits    ; 8 LEs         ; 4 LEs                ; 4 LEs                  ; Yes        ; |spaceInvaders|invadersImg:imagegen|e_bullet_y[2]                                ;
; 4:1                ; 5 bits    ; 10 LEs        ; 10 LEs               ; 0 LEs                  ; Yes        ; |spaceInvaders|adv7513_wrapper:i2c_init|I2C_CONTROLLER:i2c_inst|clk_div_cnt[1]   ;
; 6:1                ; 4 bits    ; 16 LEs        ; 8 LEs                ; 8 LEs                  ; Yes        ; |spaceInvaders|adv7513_wrapper:i2c_init|I2C_CONTROLLER:i2c_inst|byte_step[3]     ;
; 6:1                ; 6 bits    ; 24 LEs        ; 12 LEs               ; 12 LEs                 ; Yes        ; |spaceInvaders|invadersImg:imagegen|alien_timer[1]                               ;
; 7:1                ; 5 bits    ; 20 LEs        ; 15 LEs               ; 5 LEs                  ; Yes        ; |spaceInvaders|invadersImg:imagegen|e_bullet_y[6]                                ;
; 6:1                ; 4 bits    ; 16 LEs        ; 4 LEs                ; 12 LEs                 ; Yes        ; |spaceInvaders|invadersImg:imagegen|wave[3]                                      ;
; 6:1                ; 8 bits    ; 32 LEs        ; 0 LEs                ; 32 LEs                 ; Yes        ; |spaceInvaders|adv7513_wrapper:i2c_init|adv7513_setup:setup_inst|rom_step[2]     ;
; 7:1                ; 3 bits    ; 12 LEs        ; 3 LEs                ; 9 LEs                  ; Yes        ; |spaceInvaders|adv7513_wrapper:i2c_init|I2C_CONTROLLER:i2c_inst|k_data_repeat[2] ;
; 7:1                ; 7 bits    ; 28 LEs        ; 14 LEs               ; 14 LEs                 ; Yes        ; |spaceInvaders|invadersImg:imagegen|shoot_timer[6]                               ;
; 9:1                ; 5 bits    ; 30 LEs        ; 10 LEs               ; 20 LEs                 ; Yes        ; |spaceInvaders|invadersImg:imagegen|aliens_x_off[6]                              ;
; 9:1                ; 7 bits    ; 42 LEs        ; 14 LEs               ; 28 LEs                 ; Yes        ; |spaceInvaders|invadersImg:imagegen|aliens_y_off[1]                              ;
; 48:1               ; 6 bits    ; 192 LEs       ; 12 LEs               ; 180 LEs                ; Yes        ; |spaceInvaders|invadersImg:imagegen|aliens_killed_count[2]                       ;
; 50:1               ; 16 bits   ; 528 LEs       ; 0 LEs                ; 528 LEs                ; Yes        ; |spaceInvaders|invadersImg:imagegen|score[12]                                    ;
; 3:1                ; 4 bits    ; 8 LEs         ; 0 LEs                ; 8 LEs                  ; Yes        ; |spaceInvaders|invadersImg:imagegen|tank_x[8]                                    ;
; 6:1                ; 3 bits    ; 12 LEs        ; 6 LEs                ; 6 LEs                  ; Yes        ; |spaceInvaders|adv7513_wrapper:i2c_init|I2C_CONTROLLER:i2c_inst|byte_idx[0]      ;
; 9:1                ; 2 bits    ; 12 LEs        ; 4 LEs                ; 8 LEs                  ; Yes        ; |spaceInvaders|invadersImg:imagegen|aliens_x_off[4]                              ;
; 9:1                ; 2 bits    ; 12 LEs        ; 4 LEs                ; 8 LEs                  ; Yes        ; |spaceInvaders|invadersImg:imagegen|aliens_y_off[5]                              ;
; 8:1                ; 4 bits    ; 20 LEs        ; 20 LEs               ; 0 LEs                  ; No         ; |spaceInvaders|invadersImg:imagegen|Mux13                                        ;
; 7:1                ; 2 bits    ; 8 LEs         ; 8 LEs                ; 0 LEs                  ; No         ; |spaceInvaders|invadersImg:imagegen|blue_out[2]                                  ;
; 8:1                ; 2 bits    ; 10 LEs        ; 6 LEs                ; 4 LEs                  ; No         ; |spaceInvaders|adv7513_wrapper:i2c_init|adv7513_setup:setup_inst|setup_state     ;
; 8:1                ; 2 bits    ; 10 LEs        ; 6 LEs                ; 4 LEs                  ; No         ; |spaceInvaders|invadersImg:imagegen|state                                        ;
; 9:1                ; 2 bits    ; 12 LEs        ; 8 LEs                ; 4 LEs                  ; No         ; |spaceInvaders|adv7513_wrapper:i2c_init|adv7513_setup:setup_inst|setup_state     ;
; 13:1               ; 4 bits    ; 32 LEs        ; 16 LEs               ; 16 LEs                 ; No         ; |spaceInvaders|adv7513_wrapper:i2c_init|I2C_CONTROLLER:i2c_inst|state            ;
; 13:1               ; 2 bits    ; 16 LEs        ; 6 LEs                ; 10 LEs                 ; No         ; |spaceInvaders|adv7513_wrapper:i2c_init|I2C_CONTROLLER:i2c_inst|state            ;
; 15:1               ; 2 bits    ; 20 LEs        ; 8 LEs                ; 12 LEs                 ; No         ; |spaceInvaders|adv7513_wrapper:i2c_init|I2C_CONTROLLER:i2c_inst|state            ;
+--------------------+-----------+---------------+----------------------+------------------------+------------+----------------------------------------------------------------------------------+


+--------------------------------------------------------------------------------------------------------------+
; Parameter Settings for User Entity Instance: pll_25:pll_inst|pll_25_0002:pll_25_inst|altera_pll:altera_pll_i ;
+--------------------------------------+------------+----------------------------------------------------------+
; Parameter Name                       ; Value      ; Type                                                     ;
+--------------------------------------+------------+----------------------------------------------------------+
; reference_clock_frequency            ; 50.0 MHz   ; String                                                   ;
; fractional_vco_multiplier            ; false      ; String                                                   ;
; pll_type                             ; General    ; String                                                   ;
; pll_subtype                          ; General    ; String                                                   ;
; number_of_clocks                     ; 1          ; Signed Integer                                           ;
; operation_mode                       ; normal     ; String                                                   ;
; deserialization_factor               ; 4          ; Signed Integer                                           ;
; data_rate                            ; 0          ; Signed Integer                                           ;
; sim_additional_refclk_cycles_to_lock ; 0          ; Signed Integer                                           ;
; output_clock_frequency0              ; 25.0 MHz   ; String                                                   ;
; phase_shift0                         ; 0 ps       ; String                                                   ;
; duty_cycle0                          ; 50         ; Signed Integer                                           ;
; output_clock_frequency1              ; 0 MHz      ; String                                                   ;
; phase_shift1                         ; 0 ps       ; String                                                   ;
; duty_cycle1                          ; 50         ; Signed Integer                                           ;
; output_clock_frequency2              ; 0 MHz      ; String                                                   ;
; phase_shift2                         ; 0 ps       ; String                                                   ;
; duty_cycle2                          ; 50         ; Signed Integer                                           ;
; output_clock_frequency3              ; 0 MHz      ; String                                                   ;
; phase_shift3                         ; 0 ps       ; String                                                   ;
; duty_cycle3                          ; 50         ; Signed Integer                                           ;
; output_clock_frequency4              ; 0 MHz      ; String                                                   ;
; phase_shift4                         ; 0 ps       ; String                                                   ;
; duty_cycle4                          ; 50         ; Signed Integer                                           ;
; output_clock_frequency5              ; 0 MHz      ; String                                                   ;
; phase_shift5                         ; 0 ps       ; String                                                   ;
; duty_cycle5                          ; 50         ; Signed Integer                                           ;
; output_clock_frequency6              ; 0 MHz      ; String                                                   ;
; phase_shift6                         ; 0 ps       ; String                                                   ;
; duty_cycle6                          ; 50         ; Signed Integer                                           ;
; output_clock_frequency7              ; 0 MHz      ; String                                                   ;
; phase_shift7                         ; 0 ps       ; String                                                   ;
; duty_cycle7                          ; 50         ; Signed Integer                                           ;
; output_clock_frequency8              ; 0 MHz      ; String                                                   ;
; phase_shift8                         ; 0 ps       ; String                                                   ;
; duty_cycle8                          ; 50         ; Signed Integer                                           ;
; output_clock_frequency9              ; 0 MHz      ; String                                                   ;
; phase_shift9                         ; 0 ps       ; String                                                   ;
; duty_cycle9                          ; 50         ; Signed Integer                                           ;
; output_clock_frequency10             ; 0 MHz      ; String                                                   ;
; phase_shift10                        ; 0 ps       ; String                                                   ;
; duty_cycle10                         ; 50         ; Signed Integer                                           ;
; output_clock_frequency11             ; 0 MHz      ; String                                                   ;
; phase_shift11                        ; 0 ps       ; String                                                   ;
; duty_cycle11                         ; 50         ; Signed Integer                                           ;
; output_clock_frequency12             ; 0 MHz      ; String                                                   ;
; phase_shift12                        ; 0 ps       ; String                                                   ;
; duty_cycle12                         ; 50         ; Signed Integer                                           ;
; output_clock_frequency13             ; 0 MHz      ; String                                                   ;
; phase_shift13                        ; 0 ps       ; String                                                   ;
; duty_cycle13                         ; 50         ; Signed Integer                                           ;
; output_clock_frequency14             ; 0 MHz      ; String                                                   ;
; phase_shift14                        ; 0 ps       ; String                                                   ;
; duty_cycle14                         ; 50         ; Signed Integer                                           ;
; output_clock_frequency15             ; 0 MHz      ; String                                                   ;
; phase_shift15                        ; 0 ps       ; String                                                   ;
; duty_cycle15                         ; 50         ; Signed Integer                                           ;
; output_clock_frequency16             ; 0 MHz      ; String                                                   ;
; phase_shift16                        ; 0 ps       ; String                                                   ;
; duty_cycle16                         ; 50         ; Signed Integer                                           ;
; output_clock_frequency17             ; 0 MHz      ; String                                                   ;
; phase_shift17                        ; 0 ps       ; String                                                   ;
; duty_cycle17                         ; 50         ; Signed Integer                                           ;
; m_cnt_hi_div                         ; 1          ; Signed Integer                                           ;
; m_cnt_lo_div                         ; 1          ; Signed Integer                                           ;
; m_cnt_bypass_en                      ; false      ; String                                                   ;
; m_cnt_odd_div_duty_en                ; false      ; String                                                   ;
; n_cnt_hi_div                         ; 1          ; Signed Integer                                           ;
; n_cnt_lo_div                         ; 1          ; Signed Integer                                           ;
; n_cnt_bypass_en                      ; false      ; String                                                   ;
; n_cnt_odd_div_duty_en                ; false      ; String                                                   ;
; c_cnt_hi_div0                        ; 1          ; Signed Integer                                           ;
; c_cnt_lo_div0                        ; 1          ; Signed Integer                                           ;
; c_cnt_bypass_en0                     ; false      ; String                                                   ;
; c_cnt_in_src0                        ; ph_mux_clk ; String                                                   ;
; c_cnt_odd_div_duty_en0               ; false      ; String                                                   ;
; c_cnt_prst0                          ; 1          ; Signed Integer                                           ;
; c_cnt_ph_mux_prst0                   ; 0          ; Signed Integer                                           ;
; c_cnt_hi_div1                        ; 1          ; Signed Integer                                           ;
; c_cnt_lo_div1                        ; 1          ; Signed Integer                                           ;
; c_cnt_bypass_en1                     ; false      ; String                                                   ;
; c_cnt_in_src1                        ; ph_mux_clk ; String                                                   ;
; c_cnt_odd_div_duty_en1               ; false      ; String                                                   ;
; c_cnt_prst1                          ; 1          ; Signed Integer                                           ;
; c_cnt_ph_mux_prst1                   ; 0          ; Signed Integer                                           ;
; c_cnt_hi_div2                        ; 1          ; Signed Integer                                           ;
; c_cnt_lo_div2                        ; 1          ; Signed Integer                                           ;
; c_cnt_bypass_en2                     ; false      ; String                                                   ;
; c_cnt_in_src2                        ; ph_mux_clk ; String                                                   ;
; c_cnt_odd_div_duty_en2               ; false      ; String                                                   ;
; c_cnt_prst2                          ; 1          ; Signed Integer                                           ;
; c_cnt_ph_mux_prst2                   ; 0          ; Signed Integer                                           ;
; c_cnt_hi_div3                        ; 1          ; Signed Integer                                           ;
; c_cnt_lo_div3                        ; 1          ; Signed Integer                                           ;
; c_cnt_bypass_en3                     ; false      ; String                                                   ;
; c_cnt_in_src3                        ; ph_mux_clk ; String                                                   ;
; c_cnt_odd_div_duty_en3               ; false      ; String                                                   ;
; c_cnt_prst3                          ; 1          ; Signed Integer                                           ;
; c_cnt_ph_mux_prst3                   ; 0          ; Signed Integer                                           ;
; c_cnt_hi_div4                        ; 1          ; Signed Integer                                           ;
; c_cnt_lo_div4                        ; 1          ; Signed Integer                                           ;
; c_cnt_bypass_en4                     ; false      ; String                                                   ;
; c_cnt_in_src4                        ; ph_mux_clk ; String                                                   ;
; c_cnt_odd_div_duty_en4               ; false      ; String                                                   ;
; c_cnt_prst4                          ; 1          ; Signed Integer                                           ;
; c_cnt_ph_mux_prst4                   ; 0          ; Signed Integer                                           ;
; c_cnt_hi_div5                        ; 1          ; Signed Integer                                           ;
; c_cnt_lo_div5                        ; 1          ; Signed Integer                                           ;
; c_cnt_bypass_en5                     ; false      ; String                                                   ;
; c_cnt_in_src5                        ; ph_mux_clk ; String                                                   ;
; c_cnt_odd_div_duty_en5               ; false      ; String                                                   ;
; c_cnt_prst5                          ; 1          ; Signed Integer                                           ;
; c_cnt_ph_mux_prst5                   ; 0          ; Signed Integer                                           ;
; c_cnt_hi_div6                        ; 1          ; Signed Integer                                           ;
; c_cnt_lo_div6                        ; 1          ; Signed Integer                                           ;
; c_cnt_bypass_en6                     ; false      ; String                                                   ;
; c_cnt_in_src6                        ; ph_mux_clk ; String                                                   ;
; c_cnt_odd_div_duty_en6               ; false      ; String                                                   ;
; c_cnt_prst6                          ; 1          ; Signed Integer                                           ;
; c_cnt_ph_mux_prst6                   ; 0          ; Signed Integer                                           ;
; c_cnt_hi_div7                        ; 1          ; Signed Integer                                           ;
; c_cnt_lo_div7                        ; 1          ; Signed Integer                                           ;
; c_cnt_bypass_en7                     ; false      ; String                                                   ;
; c_cnt_in_src7                        ; ph_mux_clk ; String                                                   ;
; c_cnt_odd_div_duty_en7               ; false      ; String                                                   ;
; c_cnt_prst7                          ; 1          ; Signed Integer                                           ;
; c_cnt_ph_mux_prst7                   ; 0          ; Signed Integer                                           ;
; c_cnt_hi_div8                        ; 1          ; Signed Integer                                           ;
; c_cnt_lo_div8                        ; 1          ; Signed Integer                                           ;
; c_cnt_bypass_en8                     ; false      ; String                                                   ;
; c_cnt_in_src8                        ; ph_mux_clk ; String                                                   ;
; c_cnt_odd_div_duty_en8               ; false      ; String                                                   ;
; c_cnt_prst8                          ; 1          ; Signed Integer                                           ;
; c_cnt_ph_mux_prst8                   ; 0          ; Signed Integer                                           ;
; c_cnt_hi_div9                        ; 1          ; Signed Integer                                           ;
; c_cnt_lo_div9                        ; 1          ; Signed Integer                                           ;
; c_cnt_bypass_en9                     ; false      ; String                                                   ;
; c_cnt_in_src9                        ; ph_mux_clk ; String                                                   ;
; c_cnt_odd_div_duty_en9               ; false      ; String                                                   ;
; c_cnt_prst9                          ; 1          ; Signed Integer                                           ;
; c_cnt_ph_mux_prst9                   ; 0          ; Signed Integer                                           ;
; c_cnt_hi_div10                       ; 1          ; Signed Integer                                           ;
; c_cnt_lo_div10                       ; 1          ; Signed Integer                                           ;
; c_cnt_bypass_en10                    ; false      ; String                                                   ;
; c_cnt_in_src10                       ; ph_mux_clk ; String                                                   ;
; c_cnt_odd_div_duty_en10              ; false      ; String                                                   ;
; c_cnt_prst10                         ; 1          ; Signed Integer                                           ;
; c_cnt_ph_mux_prst10                  ; 0          ; Signed Integer                                           ;
; c_cnt_hi_div11                       ; 1          ; Signed Integer                                           ;
; c_cnt_lo_div11                       ; 1          ; Signed Integer                                           ;
; c_cnt_bypass_en11                    ; false      ; String                                                   ;
; c_cnt_in_src11                       ; ph_mux_clk ; String                                                   ;
; c_cnt_odd_div_duty_en11              ; false      ; String                                                   ;
; c_cnt_prst11                         ; 1          ; Signed Integer                                           ;
; c_cnt_ph_mux_prst11                  ; 0          ; Signed Integer                                           ;
; c_cnt_hi_div12                       ; 1          ; Signed Integer                                           ;
; c_cnt_lo_div12                       ; 1          ; Signed Integer                                           ;
; c_cnt_bypass_en12                    ; false      ; String                                                   ;
; c_cnt_in_src12                       ; ph_mux_clk ; String                                                   ;
; c_cnt_odd_div_duty_en12              ; false      ; String                                                   ;
; c_cnt_prst12                         ; 1          ; Signed Integer                                           ;
; c_cnt_ph_mux_prst12                  ; 0          ; Signed Integer                                           ;
; c_cnt_hi_div13                       ; 1          ; Signed Integer                                           ;
; c_cnt_lo_div13                       ; 1          ; Signed Integer                                           ;
; c_cnt_bypass_en13                    ; false      ; String                                                   ;
; c_cnt_in_src13                       ; ph_mux_clk ; String                                                   ;
; c_cnt_odd_div_duty_en13              ; false      ; String                                                   ;
; c_cnt_prst13                         ; 1          ; Signed Integer                                           ;
; c_cnt_ph_mux_prst13                  ; 0          ; Signed Integer                                           ;
; c_cnt_hi_div14                       ; 1          ; Signed Integer                                           ;
; c_cnt_lo_div14                       ; 1          ; Signed Integer                                           ;
; c_cnt_bypass_en14                    ; false      ; String                                                   ;
; c_cnt_in_src14                       ; ph_mux_clk ; String                                                   ;
; c_cnt_odd_div_duty_en14              ; false      ; String                                                   ;
; c_cnt_prst14                         ; 1          ; Signed Integer                                           ;
; c_cnt_ph_mux_prst14                  ; 0          ; Signed Integer                                           ;
; c_cnt_hi_div15                       ; 1          ; Signed Integer                                           ;
; c_cnt_lo_div15                       ; 1          ; Signed Integer                                           ;
; c_cnt_bypass_en15                    ; false      ; String                                                   ;
; c_cnt_in_src15                       ; ph_mux_clk ; String                                                   ;
; c_cnt_odd_div_duty_en15              ; false      ; String                                                   ;
; c_cnt_prst15                         ; 1          ; Signed Integer                                           ;
; c_cnt_ph_mux_prst15                  ; 0          ; Signed Integer                                           ;
; c_cnt_hi_div16                       ; 1          ; Signed Integer                                           ;
; c_cnt_lo_div16                       ; 1          ; Signed Integer                                           ;
; c_cnt_bypass_en16                    ; false      ; String                                                   ;
; c_cnt_in_src16                       ; ph_mux_clk ; String                                                   ;
; c_cnt_odd_div_duty_en16              ; false      ; String                                                   ;
; c_cnt_prst16                         ; 1          ; Signed Integer                                           ;
; c_cnt_ph_mux_prst16                  ; 0          ; Signed Integer                                           ;
; c_cnt_hi_div17                       ; 1          ; Signed Integer                                           ;
; c_cnt_lo_div17                       ; 1          ; Signed Integer                                           ;
; c_cnt_bypass_en17                    ; false      ; String                                                   ;
; c_cnt_in_src17                       ; ph_mux_clk ; String                                                   ;
; c_cnt_odd_div_duty_en17              ; false      ; String                                                   ;
; c_cnt_prst17                         ; 1          ; Signed Integer                                           ;
; c_cnt_ph_mux_prst17                  ; 0          ; Signed Integer                                           ;
; pll_vco_div                          ; 1          ; Signed Integer                                           ;
; pll_output_clk_frequency             ; 0 MHz      ; String                                                   ;
; pll_cp_current                       ; 0          ; Signed Integer                                           ;
; pll_bwctrl                           ; 0          ; Signed Integer                                           ;
; pll_fractional_division              ; 1          ; Signed Integer                                           ;
; pll_fractional_cout                  ; 24         ; Signed Integer                                           ;
; pll_dsm_out_sel                      ; 1st_order  ; String                                                   ;
; mimic_fbclk_type                     ; gclk       ; String                                                   ;
; pll_fbclk_mux_1                      ; glb        ; String                                                   ;
; pll_fbclk_mux_2                      ; fb_1       ; String                                                   ;
; pll_m_cnt_in_src                     ; ph_mux_clk ; String                                                   ;
; refclk1_frequency                    ; 0 MHz      ; String                                                   ;
; pll_clkin_0_src                      ; clk_0      ; String                                                   ;
; pll_clkin_1_src                      ; clk_0      ; String                                                   ;
; pll_clk_loss_sw_en                   ; false      ; String                                                   ;
; pll_auto_clk_sw_en                   ; false      ; String                                                   ;
; pll_manu_clk_sw_en                   ; false      ; String                                                   ;
; pll_clk_sw_dly                       ; 0          ; Signed Integer                                           ;
+--------------------------------------+------------+----------------------------------------------------------+
Note: In order to hide this table in the UI and the text report file, please set the "Show Parameter Settings in Synthesis Report" option in "Analysis and Synthesis Settings -> More Settings" to "Off".


+-----------------------------------------------------------------------------------------------+
; Parameter Settings for User Entity Instance: adv7513_wrapper:i2c_init|I2C_CONTROLLER:i2c_inst ;
+----------------+-------+----------------------------------------------------------------------+
; Parameter Name ; Value ; Type                                                                 ;
+----------------+-------+----------------------------------------------------------------------+
; CLK_DIV        ; 32    ; Signed Integer                                                       ;
; CLK_CNT_SZ     ; 5     ; Signed Integer                                                       ;
+----------------+-------+----------------------------------------------------------------------+
Note: In order to hide this table in the UI and the text report file, please set the "Show Parameter Settings in Synthesis Report" option in "Analysis and Synthesis Settings -> More Settings" to "Off".


+------------------------------------------------------------------------------------------------+
; Parameter Settings for User Entity Instance: adv7513_wrapper:i2c_init|adv7513_setup:setup_inst ;
+----------------+----------------------------------+--------------------------------------------+
; Parameter Name ; Value                            ; Type                                       ;
+----------------+----------------------------------+--------------------------------------------+
; CNT_200MS      ; 00000000100110001001011010000000 ; Unsigned Binary                            ;
+----------------+----------------------------------+--------------------------------------------+
Note: In order to hide this table in the UI and the text report file, please set the "Show Parameter Settings in Synthesis Report" option in "Analysis and Synthesis Settings -> More Settings" to "Off".


+---------------------------------------------------------------------------------------+
; Parameter Settings for Inferred Entity Instance: invadersImg:imagegen|lpm_divide:Mod4 ;
+------------------------+----------------+---------------------------------------------+
; Parameter Name         ; Value          ; Type                                        ;
+------------------------+----------------+---------------------------------------------+
; LPM_WIDTHN             ; 17             ; Untyped                                     ;
; LPM_WIDTHD             ; 17             ; Untyped                                     ;
; LPM_NREPRESENTATION    ; UNSIGNED       ; Untyped                                     ;
; LPM_DREPRESENTATION    ; UNSIGNED       ; Untyped                                     ;
; LPM_PIPELINE           ; 0              ; Untyped                                     ;
; LPM_REMAINDERPOSITIVE  ; TRUE           ; Untyped                                     ;
; MAXIMIZE_SPEED         ; 5              ; Untyped                                     ;
; CBXI_PARAMETER         ; lpm_divide_c5m ; Untyped                                     ;
; CARRY_CHAIN            ; MANUAL         ; Untyped                                     ;
; OPTIMIZE_FOR_SPEED     ; 5              ; Untyped                                     ;
; AUTO_CARRY_CHAINS      ; ON             ; AUTO_CARRY                                  ;
; IGNORE_CARRY_BUFFERS   ; OFF            ; IGNORE_CARRY                                ;
; AUTO_CASCADE_CHAINS    ; ON             ; AUTO_CASCADE                                ;
; IGNORE_CASCADE_BUFFERS ; OFF            ; IGNORE_CASCADE                              ;
+------------------------+----------------+---------------------------------------------+
Note: In order to hide this table in the UI and the text report file, please set the "Show Parameter Settings in Synthesis Report" option in "Analysis and Synthesis Settings -> More Settings" to "Off".


+---------------------------------------------------------------------------------------+
; Parameter Settings for Inferred Entity Instance: invadersImg:imagegen|lpm_divide:Div3 ;
+------------------------+----------------+---------------------------------------------+
; Parameter Name         ; Value          ; Type                                        ;
+------------------------+----------------+---------------------------------------------+
; LPM_WIDTHN             ; 17             ; Untyped                                     ;
; LPM_WIDTHD             ; 4              ; Untyped                                     ;
; LPM_NREPRESENTATION    ; UNSIGNED       ; Untyped                                     ;
; LPM_DREPRESENTATION    ; UNSIGNED       ; Untyped                                     ;
; LPM_PIPELINE           ; 0              ; Untyped                                     ;
; LPM_REMAINDERPOSITIVE  ; TRUE           ; Untyped                                     ;
; MAXIMIZE_SPEED         ; 5              ; Untyped                                     ;
; CBXI_PARAMETER         ; lpm_divide_lbm ; Untyped                                     ;
; CARRY_CHAIN            ; MANUAL         ; Untyped                                     ;
; OPTIMIZE_FOR_SPEED     ; 5              ; Untyped                                     ;
; AUTO_CARRY_CHAINS      ; ON             ; AUTO_CARRY                                  ;
; IGNORE_CARRY_BUFFERS   ; OFF            ; IGNORE_CARRY                                ;
; AUTO_CASCADE_CHAINS    ; ON             ; AUTO_CASCADE                                ;
; IGNORE_CASCADE_BUFFERS ; OFF            ; IGNORE_CASCADE                              ;
+------------------------+----------------+---------------------------------------------+
Note: In order to hide this table in the UI and the text report file, please set the "Show Parameter Settings in Synthesis Report" option in "Analysis and Synthesis Settings -> More Settings" to "Off".


+---------------------------------------------------------------------------------------+
; Parameter Settings for Inferred Entity Instance: invadersImg:imagegen|lpm_divide:Mod3 ;
+------------------------+----------------+---------------------------------------------+
; Parameter Name         ; Value          ; Type                                        ;
+------------------------+----------------+---------------------------------------------+
; LPM_WIDTHN             ; 17             ; Untyped                                     ;
; LPM_WIDTHD             ; 17             ; Untyped                                     ;
; LPM_NREPRESENTATION    ; UNSIGNED       ; Untyped                                     ;
; LPM_DREPRESENTATION    ; UNSIGNED       ; Untyped                                     ;
; LPM_PIPELINE           ; 0              ; Untyped                                     ;
; LPM_REMAINDERPOSITIVE  ; TRUE           ; Untyped                                     ;
; MAXIMIZE_SPEED         ; 5              ; Untyped                                     ;
; CBXI_PARAMETER         ; lpm_divide_c5m ; Untyped                                     ;
; CARRY_CHAIN            ; MANUAL         ; Untyped                                     ;
; OPTIMIZE_FOR_SPEED     ; 5              ; Untyped                                     ;
; AUTO_CARRY_CHAINS      ; ON             ; AUTO_CARRY                                  ;
; IGNORE_CARRY_BUFFERS   ; OFF            ; IGNORE_CARRY                                ;
; AUTO_CASCADE_CHAINS    ; ON             ; AUTO_CASCADE                                ;
; IGNORE_CASCADE_BUFFERS ; OFF            ; IGNORE_CASCADE                              ;
+------------------------+----------------+---------------------------------------------+
Note: In order to hide this table in the UI and the text report file, please set the "Show Parameter Settings in Synthesis Report" option in "Analysis and Synthesis Settings -> More Settings" to "Off".


+---------------------------------------------------------------------------------------+
; Parameter Settings for Inferred Entity Instance: invadersImg:imagegen|lpm_divide:Div2 ;
+------------------------+----------------+---------------------------------------------+
; Parameter Name         ; Value          ; Type                                        ;
+------------------------+----------------+---------------------------------------------+
; LPM_WIDTHN             ; 17             ; Untyped                                     ;
; LPM_WIDTHD             ; 7              ; Untyped                                     ;
; LPM_NREPRESENTATION    ; UNSIGNED       ; Untyped                                     ;
; LPM_DREPRESENTATION    ; UNSIGNED       ; Untyped                                     ;
; LPM_PIPELINE           ; 0              ; Untyped                                     ;
; LPM_REMAINDERPOSITIVE  ; TRUE           ; Untyped                                     ;
; MAXIMIZE_SPEED         ; 5              ; Untyped                                     ;
; CBXI_PARAMETER         ; lpm_divide_obm ; Untyped                                     ;
; CARRY_CHAIN            ; MANUAL         ; Untyped                                     ;
; OPTIMIZE_FOR_SPEED     ; 5              ; Untyped                                     ;
; AUTO_CARRY_CHAINS      ; ON             ; AUTO_CARRY                                  ;
; IGNORE_CARRY_BUFFERS   ; OFF            ; IGNORE_CARRY                                ;
; AUTO_CASCADE_CHAINS    ; ON             ; AUTO_CASCADE                                ;
; IGNORE_CASCADE_BUFFERS ; OFF            ; IGNORE_CASCADE                              ;
+------------------------+----------------+---------------------------------------------+
Note: In order to hide this table in the UI and the text report file, please set the "Show Parameter Settings in Synthesis Report" option in "Analysis and Synthesis Settings -> More Settings" to "Off".


+---------------------------------------------------------------------------------------+
; Parameter Settings for Inferred Entity Instance: invadersImg:imagegen|lpm_divide:Mod2 ;
+------------------------+----------------+---------------------------------------------+
; Parameter Name         ; Value          ; Type                                        ;
+------------------------+----------------+---------------------------------------------+
; LPM_WIDTHN             ; 17             ; Untyped                                     ;
; LPM_WIDTHD             ; 17             ; Untyped                                     ;
; LPM_NREPRESENTATION    ; UNSIGNED       ; Untyped                                     ;
; LPM_DREPRESENTATION    ; UNSIGNED       ; Untyped                                     ;
; LPM_PIPELINE           ; 0              ; Untyped                                     ;
; LPM_REMAINDERPOSITIVE  ; TRUE           ; Untyped                                     ;
; MAXIMIZE_SPEED         ; 5              ; Untyped                                     ;
; CBXI_PARAMETER         ; lpm_divide_c5m ; Untyped                                     ;
; CARRY_CHAIN            ; MANUAL         ; Untyped                                     ;
; OPTIMIZE_FOR_SPEED     ; 5              ; Untyped                                     ;
; AUTO_CARRY_CHAINS      ; ON             ; AUTO_CARRY                                  ;
; IGNORE_CARRY_BUFFERS   ; OFF            ; IGNORE_CARRY                                ;
; AUTO_CASCADE_CHAINS    ; ON             ; AUTO_CASCADE                                ;
; IGNORE_CASCADE_BUFFERS ; OFF            ; IGNORE_CASCADE                              ;
+------------------------+----------------+---------------------------------------------+
Note: In order to hide this table in the UI and the text report file, please set the "Show Parameter Settings in Synthesis Report" option in "Analysis and Synthesis Settings -> More Settings" to "Off".


+---------------------------------------------------------------------------------------+
; Parameter Settings for Inferred Entity Instance: invadersImg:imagegen|lpm_divide:Div1 ;
+------------------------+----------------+---------------------------------------------+
; Parameter Name         ; Value          ; Type                                        ;
+------------------------+----------------+---------------------------------------------+
; LPM_WIDTHN             ; 17             ; Untyped                                     ;
; LPM_WIDTHD             ; 10             ; Untyped                                     ;
; LPM_NREPRESENTATION    ; UNSIGNED       ; Untyped                                     ;
; LPM_DREPRESENTATION    ; UNSIGNED       ; Untyped                                     ;
; LPM_PIPELINE           ; 0              ; Untyped                                     ;
; LPM_REMAINDERPOSITIVE  ; TRUE           ; Untyped                                     ;
; MAXIMIZE_SPEED         ; 5              ; Untyped                                     ;
; CBXI_PARAMETER         ; lpm_divide_2dm ; Untyped                                     ;
; CARRY_CHAIN            ; MANUAL         ; Untyped                                     ;
; OPTIMIZE_FOR_SPEED     ; 5              ; Untyped                                     ;
; AUTO_CARRY_CHAINS      ; ON             ; AUTO_CARRY                                  ;
; IGNORE_CARRY_BUFFERS   ; OFF            ; IGNORE_CARRY                                ;
; AUTO_CASCADE_CHAINS    ; ON             ; AUTO_CASCADE                                ;
; IGNORE_CASCADE_BUFFERS ; OFF            ; IGNORE_CASCADE                              ;
+------------------------+----------------+---------------------------------------------+
Note: In order to hide this table in the UI and the text report file, please set the "Show Parameter Settings in Synthesis Report" option in "Analysis and Synthesis Settings -> More Settings" to "Off".


+---------------------------------------------------------------------------------------+
; Parameter Settings for Inferred Entity Instance: invadersImg:imagegen|lpm_divide:Mod1 ;
+------------------------+----------------+---------------------------------------------+
; Parameter Name         ; Value          ; Type                                        ;
+------------------------+----------------+---------------------------------------------+
; LPM_WIDTHN             ; 17             ; Untyped                                     ;
; LPM_WIDTHD             ; 17             ; Untyped                                     ;
; LPM_NREPRESENTATION    ; UNSIGNED       ; Untyped                                     ;
; LPM_DREPRESENTATION    ; UNSIGNED       ; Untyped                                     ;
; LPM_PIPELINE           ; 0              ; Untyped                                     ;
; LPM_REMAINDERPOSITIVE  ; TRUE           ; Untyped                                     ;
; MAXIMIZE_SPEED         ; 5              ; Untyped                                     ;
; CBXI_PARAMETER         ; lpm_divide_c5m ; Untyped                                     ;
; CARRY_CHAIN            ; MANUAL         ; Untyped                                     ;
; OPTIMIZE_FOR_SPEED     ; 5              ; Untyped                                     ;
; AUTO_CARRY_CHAINS      ; ON             ; AUTO_CARRY                                  ;
; IGNORE_CARRY_BUFFERS   ; OFF            ; IGNORE_CARRY                                ;
; AUTO_CASCADE_CHAINS    ; ON             ; AUTO_CASCADE                                ;
; IGNORE_CASCADE_BUFFERS ; OFF            ; IGNORE_CASCADE                              ;
+------------------------+----------------+---------------------------------------------+
Note: In order to hide this table in the UI and the text report file, please set the "Show Parameter Settings in Synthesis Report" option in "Analysis and Synthesis Settings -> More Settings" to "Off".


+---------------------------------------------------------------------------------------+
; Parameter Settings for Inferred Entity Instance: invadersImg:imagegen|lpm_divide:Div0 ;
+------------------------+----------------+---------------------------------------------+
; Parameter Name         ; Value          ; Type                                        ;
+------------------------+----------------+---------------------------------------------+
; LPM_WIDTHN             ; 17             ; Untyped                                     ;
; LPM_WIDTHD             ; 14             ; Untyped                                     ;
; LPM_NREPRESENTATION    ; UNSIGNED       ; Untyped                                     ;
; LPM_DREPRESENTATION    ; UNSIGNED       ; Untyped                                     ;
; LPM_PIPELINE           ; 0              ; Untyped                                     ;
; LPM_REMAINDERPOSITIVE  ; TRUE           ; Untyped                                     ;
; MAXIMIZE_SPEED         ; 5              ; Untyped                                     ;
; CBXI_PARAMETER         ; lpm_divide_6dm ; Untyped                                     ;
; CARRY_CHAIN            ; MANUAL         ; Untyped                                     ;
; OPTIMIZE_FOR_SPEED     ; 5              ; Untyped                                     ;
; AUTO_CARRY_CHAINS      ; ON             ; AUTO_CARRY                                  ;
; IGNORE_CARRY_BUFFERS   ; OFF            ; IGNORE_CARRY                                ;
; AUTO_CASCADE_CHAINS    ; ON             ; AUTO_CASCADE                                ;
; IGNORE_CASCADE_BUFFERS ; OFF            ; IGNORE_CASCADE                              ;
+------------------------+----------------+---------------------------------------------+
Note: In order to hide this table in the UI and the text report file, please set the "Show Parameter Settings in Synthesis Report" option in "Analysis and Synthesis Settings -> More Settings" to "Off".


+---------------------------------------------------------------------------------------+
; Parameter Settings for Inferred Entity Instance: invadersImg:imagegen|lpm_divide:Mod0 ;
+------------------------+----------------+---------------------------------------------+
; Parameter Name         ; Value          ; Type                                        ;
+------------------------+----------------+---------------------------------------------+
; LPM_WIDTHN             ; 17             ; Untyped                                     ;
; LPM_WIDTHD             ; 17             ; Untyped                                     ;
; LPM_NREPRESENTATION    ; UNSIGNED       ; Untyped                                     ;
; LPM_DREPRESENTATION    ; UNSIGNED       ; Untyped                                     ;
; LPM_PIPELINE           ; 0              ; Untyped                                     ;
; LPM_REMAINDERPOSITIVE  ; TRUE           ; Untyped                                     ;
; MAXIMIZE_SPEED         ; 5              ; Untyped                                     ;
; CBXI_PARAMETER         ; lpm_divide_c5m ; Untyped                                     ;
; CARRY_CHAIN            ; MANUAL         ; Untyped                                     ;
; OPTIMIZE_FOR_SPEED     ; 5              ; Untyped                                     ;
; AUTO_CARRY_CHAINS      ; ON             ; AUTO_CARRY                                  ;
; IGNORE_CARRY_BUFFERS   ; OFF            ; IGNORE_CARRY                                ;
; AUTO_CASCADE_CHAINS    ; ON             ; AUTO_CASCADE                                ;
; IGNORE_CASCADE_BUFFERS ; OFF            ; IGNORE_CASCADE                              ;
+------------------------+----------------+---------------------------------------------+
Note: In order to hide this table in the UI and the text report file, please set the "Show Parameter Settings in Synthesis Report" option in "Analysis and Synthesis Settings -> More Settings" to "Off".


+---------------------------------------------------------------------------------------------------------------------------+
; Port Connectivity Checks: "invadersImg:imagegen"                                                                          ;
+-----------------+--------+----------+-------------------------------------------------------------------------------------+
; Port            ; Type   ; Severity ; Details                                                                             ;
+-----------------+--------+----------+-------------------------------------------------------------------------------------+
; red_out[1..0]   ; Output ; Info     ; Connected to dangling logic. Logic that only feeds a dangling port will be removed. ;
; green_out[1..0] ; Output ; Info     ; Connected to dangling logic. Logic that only feeds a dangling port will be removed. ;
; blue_out[1..0]  ; Output ; Info     ; Connected to dangling logic. Logic that only feeds a dangling port will be removed. ;
+-----------------+--------+----------+-------------------------------------------------------------------------------------+


+-----------------------------------------------------------------------------------------------------------------------+
; Port Connectivity Checks: "adv7513_wrapper:i2c_init|adv7513_setup:setup_inst"                                         ;
+-------------+--------+----------+-------------------------------------------------------------------------------------+
; Port        ; Type   ; Severity ; Details                                                                             ;
+-------------+--------+----------+-------------------------------------------------------------------------------------+
; active      ; Output ; Info     ; Connected to dangling logic. Logic that only feeds a dangling port will be removed. ;
; is_busywait ; Output ; Info     ; Connected to dangling logic. Logic that only feeds a dangling port will be removed. ;
; is_busyseen ; Output ; Info     ; Connected to dangling logic. Logic that only feeds a dangling port will be removed. ;
+-------------+--------+----------+-------------------------------------------------------------------------------------+


+-----------------------------------------------------------------------------------------------------------------------+
; Port Connectivity Checks: "adv7513_wrapper:i2c_init|I2C_CONTROLLER:i2c_inst"                                          ;
+-------------+--------+----------+-------------------------------------------------------------------------------------+
; Port        ; Type   ; Severity ; Details                                                                             ;
+-------------+--------+----------+-------------------------------------------------------------------------------------+
; scl_i       ; Input  ; Info     ; Stuck at GND                                                                        ;
; abort       ; Output ; Info     ; Connected to dangling logic. Logic that only feeds a dangling port will be removed. ;
; success     ; Output ; Info     ; Connected to dangling logic. Logic that only feeds a dangling port will be removed. ;
; data_repeat ; Input  ; Info     ; Stuck at GND                                                                        ;
; start_pulse ; Output ; Info     ; Connected to dangling logic. Logic that only feeds a dangling port will be removed. ;
; stop_pulse  ; Output ; Info     ; Connected to dangling logic. Logic that only feeds a dangling port will be removed. ;
; got_ack     ; Output ; Info     ; Connected to dangling logic. Logic that only feeds a dangling port will be removed. ;
+-------------+--------+----------+-------------------------------------------------------------------------------------+


+-------------------------------------------------------------------------------------------------------------------+
; Port Connectivity Checks: "adv7513_wrapper:i2c_init|i2ciobuf:scl_buf"                                             ;
+---------+--------+----------+-------------------------------------------------------------------------------------+
; Port    ; Type   ; Severity ; Details                                                                             ;
+---------+--------+----------+-------------------------------------------------------------------------------------+
; dataout ; Output ; Info     ; Connected to dangling logic. Logic that only feeds a dangling port will be removed. ;
+---------+--------+----------+-------------------------------------------------------------------------------------+


+---------------------------------------------+
; Port Connectivity Checks: "pll_25:pll_inst" ;
+------+-------+----------+-------------------+
; Port ; Type  ; Severity ; Details           ;
+------+-------+----------+-------------------+
; rst  ; Input ; Info     ; Stuck at GND      ;
+------+-------+----------+-------------------+


+-------------------------------+
; Elapsed Time Per Partition    ;
+----------------+--------------+
; Partition Name ; Elapsed Time ;
+----------------+--------------+
; Top            ; 00:00:12     ;
+----------------+--------------+


+-------------------------------+
; Analysis & Synthesis Messages ;
+-------------------------------+
Info: *******************************************************************
Info: Running Quartus II 64-Bit Analysis & Synthesis
    Info: Version 13.0.1 Build 232 06/12/2013 Service Pack 1 SJ Web Edition
    Info: Processing started: Wed May 27 23:05:38 2026
Info: Command: quartus_map --read_settings_files=on --write_settings_files=off space_invaders -c space_invaders
Info (20030): Parallel compilation is enabled and will use 12 of the 12 processors detected
Info (12021): Found 2 design units, including 1 entities, in source file spaceinvaders.vhd
    Info (12022): Found design unit 1: spaceInvaders-toplevel
    Info (12023): Found entity 1: spaceInvaders
Info (12021): Found 2 design units, including 1 entities, in source file invadersimg.vhd
    Info (12022): Found design unit 1: invadersImg-behavior
    Info (12023): Found entity 1: invadersImg
Info (12021): Found 2 design units, including 1 entities, in source file spaceinvaderssync.vhd
    Info (12022): Found design unit 1: spaceInvadersSync-rtl
    Info (12023): Found entity 1: spaceInvadersSync
Info (12021): Found 2 design units, including 1 entities, in source file pll_25.vhd
    Info (12022): Found design unit 1: pll_25-rtl
    Info (12023): Found entity 1: pll_25
Info (12021): Found 1 design units, including 1 entities, in source file pll_25/pll_25_0002.v
    Info (12023): Found entity 1: pll_25_0002
Info (12127): Elaborating entity "spaceInvaders" for the top level hierarchy
Info (12128): Elaborating entity "pll_25" for hierarchy "pll_25:pll_inst"
Info (12128): Elaborating entity "pll_25_0002" for hierarchy "pll_25:pll_inst|pll_25_0002:pll_25_inst"
Info (12128): Elaborating entity "altera_pll" for hierarchy "pll_25:pll_inst|pll_25_0002:pll_25_inst|altera_pll:altera_pll_i"
Warning (10036): Verilog HDL or VHDL warning at altera_pll.v(395): object "cntsel_temp" assigned a value but never read
Warning (10036): Verilog HDL or VHDL warning at altera_pll.v(397): object "gnd" assigned a value but never read
Info (12130): Elaborated megafunction instantiation "pll_25:pll_inst|pll_25_0002:pll_25_inst|altera_pll:altera_pll_i"
Info (12133): Instantiated megafunction "pll_25:pll_inst|pll_25_0002:pll_25_inst|altera_pll:altera_pll_i" with the following parameter:
    Info (12134): Parameter "fractional_vco_multiplier" = "false"
    Info (12134): Parameter "reference_clock_frequency" = "50.0 MHz"
    Info (12134): Parameter "operation_mode" = "normal"
    Info (12134): Parameter "number_of_clocks" = "1"
    Info (12134): Parameter "output_clock_frequency0" = "25.0 MHz"
    Info (12134): Parameter "phase_shift0" = "0 ps"
    Info (12134): Parameter "duty_cycle0" = "50"
    Info (12134): Parameter "output_clock_frequency1" = "0 MHz"
    Info (12134): Parameter "phase_shift1" = "0 ps"
    Info (12134): Parameter "duty_cycle1" = "50"
    Info (12134): Parameter "output_clock_frequency2" = "0 MHz"
    Info (12134): Parameter "phase_shift2" = "0 ps"
    Info (12134): Parameter "duty_cycle2" = "50"
    Info (12134): Parameter "output_clock_frequency3" = "0 MHz"
    Info (12134): Parameter "phase_shift3" = "0 ps"
    Info (12134): Parameter "duty_cycle3" = "50"
    Info (12134): Parameter "output_clock_frequency4" = "0 MHz"
    Info (12134): Parameter "phase_shift4" = "0 ps"
    Info (12134): Parameter "duty_cycle4" = "50"
    Info (12134): Parameter "output_clock_frequency5" = "0 MHz"
    Info (12134): Parameter "phase_shift5" = "0 ps"
    Info (12134): Parameter "duty_cycle5" = "50"
    Info (12134): Parameter "output_clock_frequency6" = "0 MHz"
    Info (12134): Parameter "phase_shift6" = "0 ps"
    Info (12134): Parameter "duty_cycle6" = "50"
    Info (12134): Parameter "output_clock_frequency7" = "0 MHz"
    Info (12134): Parameter "phase_shift7" = "0 ps"
    Info (12134): Parameter "duty_cycle7" = "50"
    Info (12134): Parameter "output_clock_frequency8" = "0 MHz"
    Info (12134): Parameter "phase_shift8" = "0 ps"
    Info (12134): Parameter "duty_cycle8" = "50"
    Info (12134): Parameter "output_clock_frequency9" = "0 MHz"
    Info (12134): Parameter "phase_shift9" = "0 ps"
    Info (12134): Parameter "duty_cycle9" = "50"
    Info (12134): Parameter "output_clock_frequency10" = "0 MHz"
    Info (12134): Parameter "phase_shift10" = "0 ps"
    Info (12134): Parameter "duty_cycle10" = "50"
    Info (12134): Parameter "output_clock_frequency11" = "0 MHz"
    Info (12134): Parameter "phase_shift11" = "0 ps"
    Info (12134): Parameter "duty_cycle11" = "50"
    Info (12134): Parameter "output_clock_frequency12" = "0 MHz"
    Info (12134): Parameter "phase_shift12" = "0 ps"
    Info (12134): Parameter "duty_cycle12" = "50"
    Info (12134): Parameter "output_clock_frequency13" = "0 MHz"
    Info (12134): Parameter "phase_shift13" = "0 ps"
    Info (12134): Parameter "duty_cycle13" = "50"
    Info (12134): Parameter "output_clock_frequency14" = "0 MHz"
    Info (12134): Parameter "phase_shift14" = "0 ps"
    Info (12134): Parameter "duty_cycle14" = "50"
    Info (12134): Parameter "output_clock_frequency15" = "0 MHz"
    Info (12134): Parameter "phase_shift15" = "0 ps"
    Info (12134): Parameter "duty_cycle15" = "50"
    Info (12134): Parameter "output_clock_frequency16" = "0 MHz"
    Info (12134): Parameter "phase_shift16" = "0 ps"
    Info (12134): Parameter "duty_cycle16" = "50"
    Info (12134): Parameter "output_clock_frequency17" = "0 MHz"
    Info (12134): Parameter "phase_shift17" = "0 ps"
    Info (12134): Parameter "duty_cycle17" = "50"
    Info (12134): Parameter "pll_type" = "General"
    Info (12134): Parameter "pll_subtype" = "General"
Warning (12125): Using design file adv7513_wrapper.vhd, which is not specified as a design file for the current project, but contains definitions for 2 design units and 1 entities in project
    Info (12022): Found design unit 1: adv7513_wrapper-structural
    Info (12023): Found entity 1: adv7513_wrapper
Info (12128): Elaborating entity "adv7513_wrapper" for hierarchy "adv7513_wrapper:i2c_init"
Warning (12125): Using design file i2ciobuf.v, which is not specified as a design file for the current project, but contains definitions for 2 design units and 2 entities in project
    Info (12023): Found entity 1: i2ciobuf_iobuf_bidir_amo
    Info (12023): Found entity 2: i2ciobuf
Info (12128): Elaborating entity "i2ciobuf" for hierarchy "adv7513_wrapper:i2c_init|i2ciobuf:scl_buf"
Info (12128): Elaborating entity "i2ciobuf_iobuf_bidir_amo" for hierarchy "adv7513_wrapper:i2c_init|i2ciobuf:scl_buf|i2ciobuf_iobuf_bidir_amo:i2ciobuf_iobuf_bidir_amo_component"
Warning (12125): Using design file i2c_controller.sv, which is not specified as a design file for the current project, but contains definitions for 1 design units and 1 entities in project
    Info (12023): Found entity 1: I2C_CONTROLLER
Info (12128): Elaborating entity "I2C_CONTROLLER" for hierarchy "adv7513_wrapper:i2c_init|I2C_CONTROLLER:i2c_inst"
Warning (12125): Using design file adv7513_setup.sv, which is not specified as a design file for the current project, but contains definitions for 2 design units and 2 entities in project
    Info (12023): Found entity 1: setup_rom
    Info (12023): Found entity 2: adv7513_setup
Info (12128): Elaborating entity "adv7513_setup" for hierarchy "adv7513_wrapper:i2c_init|adv7513_setup:setup_inst"
Info (12128): Elaborating entity "setup_rom" for hierarchy "adv7513_wrapper:i2c_init|adv7513_setup:setup_inst|setup_rom:setup_rom_inst"
Info (12128): Elaborating entity "spaceInvadersSync" for hierarchy "spaceInvadersSync:vgasync"
Info (12128): Elaborating entity "invadersImg" for hierarchy "invadersImg:imagegen"
Warning (10036): Verilog HDL or VHDL warning at invadersImg.vhd(236): object "all_aliens_dead" assigned a value but never read
Info (278001): Inferred 9 megafunctions from design logic
    Info (278004): Inferred divider/modulo megafunction ("lpm_divide") from the following logic: "invadersImg:imagegen|Mod4"
    Info (278004): Inferred divider/modulo megafunction ("lpm_divide") from the following logic: "invadersImg:imagegen|Div3"
    Info (278004): Inferred divider/modulo megafunction ("lpm_divide") from the following logic: "invadersImg:imagegen|Mod3"
    Info (278004): Inferred divider/modulo megafunction ("lpm_divide") from the following logic: "invadersImg:imagegen|Div2"
    Info (278004): Inferred divider/modulo megafunction ("lpm_divide") from the following logic: "invadersImg:imagegen|Mod2"
    Info (278004): Inferred divider/modulo megafunction ("lpm_divide") from the following logic: "invadersImg:imagegen|Div1"
    Info (278004): Inferred divider/modulo megafunction ("lpm_divide") from the following logic: "invadersImg:imagegen|Mod1"
    Info (278004): Inferred divider/modulo megafunction ("lpm_divide") from the following logic: "invadersImg:imagegen|Div0"
    Info (278004): Inferred divider/modulo megafunction ("lpm_divide") from the following logic: "invadersImg:imagegen|Mod0"
Info (12130): Elaborated megafunction instantiation "invadersImg:imagegen|lpm_divide:Mod4"
Info (12133): Instantiated megafunction "invadersImg:imagegen|lpm_divide:Mod4" with the following parameter:
    Info (12134): Parameter "LPM_WIDTHN" = "17"
    Info (12134): Parameter "LPM_WIDTHD" = "17"
    Info (12134): Parameter "LPM_NREPRESENTATION" = "UNSIGNED"
    Info (12134): Parameter "LPM_DREPRESENTATION" = "UNSIGNED"
Info (12021): Found 1 design units, including 1 entities, in source file db/lpm_divide_c5m.tdf
    Info (12023): Found entity 1: lpm_divide_c5m
Info (12021): Found 1 design units, including 1 entities, in source file db/sign_div_unsign_fnh.tdf
    Info (12023): Found entity 1: sign_div_unsign_fnh
Info (12021): Found 1 design units, including 1 entities, in source file db/alt_u_div_43f.tdf
    Info (12023): Found entity 1: alt_u_div_43f
Info (12130): Elaborated megafunction instantiation "invadersImg:imagegen|lpm_divide:Div3"
Info (12133): Instantiated megafunction "invadersImg:imagegen|lpm_divide:Div3" with the following parameter:
    Info (12134): Parameter "LPM_WIDTHN" = "17"
    Info (12134): Parameter "LPM_WIDTHD" = "4"
    Info (12134): Parameter "LPM_NREPRESENTATION" = "UNSIGNED"
    Info (12134): Parameter "LPM_DREPRESENTATION" = "UNSIGNED"
Info (12021): Found 1 design units, including 1 entities, in source file db/lpm_divide_lbm.tdf
    Info (12023): Found entity 1: lpm_divide_lbm
Info (12021): Found 1 design units, including 1 entities, in source file db/sign_div_unsign_rlh.tdf
    Info (12023): Found entity 1: sign_div_unsign_rlh
Info (12021): Found 1 design units, including 1 entities, in source file db/alt_u_div_sve.tdf
    Info (12023): Found entity 1: alt_u_div_sve
Info (12130): Elaborated megafunction instantiation "invadersImg:imagegen|lpm_divide:Mod3"
Info (12133): Instantiated megafunction "invadersImg:imagegen|lpm_divide:Mod3" with the following parameter:
    Info (12134): Parameter "LPM_WIDTHN" = "17"
    Info (12134): Parameter "LPM_WIDTHD" = "17"
    Info (12134): Parameter "LPM_NREPRESENTATION" = "UNSIGNED"
    Info (12134): Parameter "LPM_DREPRESENTATION" = "UNSIGNED"
Info (12130): Elaborated megafunction instantiation "invadersImg:imagegen|lpm_divide:Div2"
Info (12133): Instantiated megafunction "invadersImg:imagegen|lpm_divide:Div2" with the following parameter:
    Info (12134): Parameter "LPM_WIDTHN" = "17"
    Info (12134): Parameter "LPM_WIDTHD" = "7"
    Info (12134): Parameter "LPM_NREPRESENTATION" = "UNSIGNED"
    Info (12134): Parameter "LPM_DREPRESENTATION" = "UNSIGNED"
Info (12021): Found 1 design units, including 1 entities, in source file db/lpm_divide_obm.tdf
    Info (12023): Found entity 1: lpm_divide_obm
Info (12021): Found 1 design units, including 1 entities, in source file db/sign_div_unsign_ulh.tdf
    Info (12023): Found entity 1: sign_div_unsign_ulh
Info (12021): Found 1 design units, including 1 entities, in source file db/alt_u_div_20f.tdf
    Info (12023): Found entity 1: alt_u_div_20f
Info (12130): Elaborated megafunction instantiation "invadersImg:imagegen|lpm_divide:Div1"
Info (12133): Instantiated megafunction "invadersImg:imagegen|lpm_divide:Div1" with the following parameter:
    Info (12134): Parameter "LPM_WIDTHN" = "17"
    Info (12134): Parameter "LPM_WIDTHD" = "10"
    Info (12134): Parameter "LPM_NREPRESENTATION" = "UNSIGNED"
    Info (12134): Parameter "LPM_DREPRESENTATION" = "UNSIGNED"
Info (12021): Found 1 design units, including 1 entities, in source file db/lpm_divide_2dm.tdf
    Info (12023): Found entity 1: lpm_divide_2dm
Info (12021): Found 1 design units, including 1 entities, in source file db/sign_div_unsign_8nh.tdf
    Info (12023): Found entity 1: sign_div_unsign_8nh
Info (12021): Found 1 design units, including 1 entities, in source file db/alt_u_div_m2f.tdf
    Info (12023): Found entity 1: alt_u_div_m2f
Info (12130): Elaborated megafunction instantiation "invadersImg:imagegen|lpm_divide:Div0"
Info (12133): Instantiated megafunction "invadersImg:imagegen|lpm_divide:Div0" with the following parameter:
    Info (12134): Parameter "LPM_WIDTHN" = "17"
    Info (12134): Parameter "LPM_WIDTHD" = "14"
    Info (12134): Parameter "LPM_NREPRESENTATION" = "UNSIGNED"
    Info (12134): Parameter "LPM_DREPRESENTATION" = "UNSIGNED"
Info (12021): Found 1 design units, including 1 entities, in source file db/lpm_divide_6dm.tdf
    Info (12023): Found entity 1: lpm_divide_6dm
Info (12021): Found 1 design units, including 1 entities, in source file db/sign_div_unsign_cnh.tdf
    Info (12023): Found entity 1: sign_div_unsign_cnh
Info (12021): Found 1 design units, including 1 entities, in source file db/alt_u_div_u2f.tdf
    Info (12023): Found entity 1: alt_u_div_u2f
Warning (13024): Output pins are stuck at VCC or GND
    Warning (13410): Pin "LEDR[2]" is stuck at GND
    Warning (13410): Pin "LEDR[3]" is stuck at GND
    Warning (13410): Pin "LEDR[4]" is stuck at GND
    Warning (13410): Pin "LEDR[5]" is stuck at GND
    Warning (13410): Pin "LEDR[6]" is stuck at GND
    Warning (13410): Pin "LEDR[7]" is stuck at GND
    Warning (13410): Pin "LEDR[8]" is stuck at GND
    Warning (13410): Pin "LEDR[9]" is stuck at GND
Info (286030): Timing-Driven Synthesis is running
Info (17049): 5 registers lost all their fanouts during netlist optimizations.
Info (144001): Generated suppressed messages file C:/altera/13.0sp1/quartus/projects/plis/space_invaders/output_files/space_invaders.map.smsg
Info (16010): Generating hard_block partition "hard_block:auto_generated_inst"
    Info (16011): Adding 7 node(s), including 0 DDIO, 1 PLL, 0 transceiver and 0 LCELL
Warning: RST port on the PLL is not properly connected on instance pll_25:pll_inst|pll_25_0002:pll_25_inst|altera_pll:altera_pll_i|general[0].gpll. The reset port on the PLL should be connected. If the PLL loses lock for any reason, you might need to manually reset the PLL in order to re-establish lock to the reference clock.
    Info: Must be connected
Warning (21074): Design contains 1 input pin(s) that do not drive logic
    Warning (15610): No output dependent on input pin "SW[1]"
Info (21057): Implemented 3660 device resources after synthesis - the final resource count might be different
    Info (21058): Implemented 8 input pins
    Info (21059): Implemented 39 output pins
    Info (21060): Implemented 1 bidirectional pins
    Info (21061): Implemented 3611 logic cells
    Info (21065): Implemented 1 PLLs
Info: Quartus II 64-Bit Analysis & Synthesis was successful. 0 errors, 19 warnings
    Info: Peak virtual memory: 4768 megabytes
    Info: Processing ended: Wed May 27 23:05:53 2026
    Info: Elapsed time: 00:00:15
    Info: Total CPU time (on all processors): 00:00:14


+------------------------------------------+
; Analysis & Synthesis Suppressed Messages ;
+------------------------------------------+
The suppressed messages can be found in C:/altera/13.0sp1/quartus/projects/plis/space_invaders/output_files/space_invaders.map.smsg.


